action_id,order_id,customer_id,action_type,action_at,channel
ACT-00001,O01044,C0249,ETA_VIEWED,2026-08-05T22:11:00,mobile_app
ACT-00002,O01334,C0692,ETA_VIEWED,2026-08-01T17:48:00,mobile_app
ACT-00003,O01334,C0692,ETA_VIEWED,2026-08-01T17:54:00,mobile_app
ACT-00004,O01334,C0692,ETA_VIEWED,2026-08-01T18:01:00,mobile_app
ACT-00005,O01171,C0018,ETA_VIEWED,2026-08-03T22:30:00,mobile_app
ACT-00006,O01171,C0018,ETA_VIEWED,2026-08-03T22:37:00,mobile_app
ACT-00007,O01171,C0018,ETA_VIEWED,2026-08-03T22:16:00,mobile_app
ACT-00008,O00955,C0703,ETA_VIEWED,2026-08-09T21:45:00,mobile_app
ACT-00009,O00955,C0703,ETA_VIEWED,2026-08-09T21:46:00,mobile_app
ACT-00010,O00955,C0703,ETA_VIEWED,2026-08-09T21:50:00,mobile_app
ACT-00011,O00687,C0150,ETA_VIEWED,2026-08-20T13:34:00,mobile_app
ACT-00012,O00483,C0670,ETA_VIEWED,2026-08-10T14:29:00,mobile_app
ACT-00013,O00483,C0670,ETA_VIEWED,2026-08-10T14:48:00,mobile_app
ACT-00014,O01515,C0577,ETA_VIEWED,2026-08-17T14:59:00,mobile_app
ACT-00015,O01411,C0168,ETA_VIEWED,2026-08-11T12:11:00,mobile_app
ACT-00016,O01411,C0168,ETA_VIEWED,2026-08-11T12:27:00,mobile_app
ACT-00017,O00604,C0250,ETA_VIEWED,2026-08-05T17:30:00,mobile_app
ACT-00018,O00604,C0250,ETA_VIEWED,2026-08-05T17:42:00,mobile_app
ACT-00019,O00604,C0250,ETA_VIEWED,2026-08-05T17:36:00,mobile_app
ACT-00020,O01152,C0018,ETA_VIEWED,2026-08-14T14:37:00,mobile_app
ACT-00021,O01152,C0018,ETA_VIEWED,2026-08-14T14:35:00,mobile_app
ACT-00022,O00120,C0501,ETA_VIEWED,2026-08-13T18:36:00,mobile_app
ACT-00023,O00245,C0516,ETA_VIEWED,2026-08-09T14:20:00,mobile_app
ACT-00024,O00245,C0516,ETA_VIEWED,2026-08-09T14:28:00,mobile_app
ACT-00025,O01556,C0707,ETA_VIEWED,2026-08-20T16:16:00,mobile_app
ACT-00026,O01556,C0707,ETA_VIEWED,2026-08-20T16:15:00,mobile_app
ACT-00027,O01556,C0707,SUPPORT_OPENED,2026-08-20T17:33:48,mobile_app
ACT-00028,O00238,C0138,ETA_VIEWED,2026-08-27T16:23:00,mobile_app
ACT-00029,O01105,C0526,ETA_VIEWED,2026-08-22T16:13:00,mobile_app
ACT-00030,O01105,C0526,ETA_VIEWED,2026-08-22T16:20:00,mobile_app
ACT-00031,O01266,C0426,ETA_VIEWED,2026-08-26T18:15:00,mobile_app
ACT-00032,O01266,C0426,ETA_VIEWED,2026-08-26T18:10:00,mobile_app
ACT-00033,O01266,C0426,ETA_VIEWED,2026-08-26T18:24:00,mobile_app
ACT-00034,O01319,C0239,ETA_VIEWED,2026-08-09T22:10:00,mobile_app
ACT-00035,O01319,C0239,ETA_VIEWED,2026-08-09T22:20:00,mobile_app
ACT-00036,O00278,C0183,ETA_VIEWED,2026-08-24T15:32:00,mobile_app
ACT-00037,O00278,C0183,ETA_VIEWED,2026-08-24T15:43:00,mobile_app
ACT-00038,O01578,C0774,ETA_VIEWED,2026-08-13T20:58:00,mobile_app
ACT-00039,O01578,C0774,ETA_VIEWED,2026-08-13T21:03:00,mobile_app
ACT-00040,O01578,C0774,ETA_VIEWED,2026-08-13T21:01:00,mobile_app
ACT-00041,O01578,C0774,SUPPORT_OPENED,2026-08-13T22:12:36,mobile_app
ACT-00042,O00938,C0321,ETA_VIEWED,2026-08-11T18:13:00,mobile_app
ACT-00043,O00938,C0321,ETA_VIEWED,2026-08-11T18:02:00,mobile_app
ACT-00044,O00528,C0367,ETA_VIEWED,2026-08-16T23:27:00,mobile_app
ACT-00045,O00528,C0367,ETA_VIEWED,2026-08-16T23:38:00,mobile_app
ACT-00046,O00528,C0367,ETA_VIEWED,2026-08-16T23:34:00,mobile_app
ACT-00047,O01109,C0299,ETA_VIEWED,2026-08-03T18:34:00,mobile_app
ACT-00048,O01109,C0299,ETA_VIEWED,2026-08-03T18:35:00,mobile_app
ACT-00049,O00652,C0313,ETA_VIEWED,2026-08-17T19:34:00,mobile_app
ACT-00050,O00968,C0799,ETA_VIEWED,2026-08-11T21:03:00,mobile_app
ACT-00051,O00968,C0799,ETA_VIEWED,2026-08-11T21:04:00,mobile_app
ACT-00052,O00968,C0799,ETA_VIEWED,2026-08-11T21:18:00,mobile_app
ACT-00053,O01090,C0338,ETA_VIEWED,2026-08-03T18:09:00,mobile_app
ACT-00054,O01090,C0338,ETA_VIEWED,2026-08-03T18:01:00,mobile_app
ACT-00055,O01090,C0338,ETA_VIEWED,2026-08-03T18:17:00,mobile_app
ACT-00056,O01245,C0637,ETA_VIEWED,2026-08-05T20:47:00,mobile_app
ACT-00057,O01245,C0637,SUPPORT_OPENED,2026-08-05T21:29:39.602028,mobile_app
ACT-00058,O00234,C0669,ETA_VIEWED,2026-08-03T15:21:00,mobile_app
ACT-00059,O00234,C0669,ETA_VIEWED,2026-08-03T15:27:00,mobile_app
ACT-00060,O00234,C0669,ETA_VIEWED,2026-08-03T15:28:00,mobile_app
ACT-00061,O01260,C0654,ETA_VIEWED,2026-08-11T14:45:00,mobile_app
ACT-00062,O00477,C0117,ETA_VIEWED,2026-08-21T19:51:00,mobile_app
ACT-00063,O00477,C0117,ETA_VIEWED,2026-08-21T20:04:00,mobile_app
ACT-00064,O00477,C0117,SUPPORT_OPENED,2026-08-21T21:14:48,mobile_app
ACT-00065,O00249,C0135,ETA_VIEWED,2026-08-15T22:17:00,mobile_app
ACT-00066,O00249,C0135,ETA_VIEWED,2026-08-15T22:14:00,mobile_app
ACT-00067,O00249,C0135,ETA_VIEWED,2026-08-15T22:05:00,mobile_app
ACT-00068,O01422,C0834,ETA_VIEWED,2026-08-25T23:36:00,mobile_app
ACT-00069,O01422,C0834,SUPPORT_OPENED,2026-08-26T01:10:24,mobile_app
ACT-00070,O00385,C0667,ETA_VIEWED,2026-08-22T21:42:00,mobile_app
ACT-00071,O00385,C0667,ETA_VIEWED,2026-08-22T21:50:00,mobile_app
ACT-00072,O00385,C0667,ETA_VIEWED,2026-08-22T21:42:00,mobile_app
ACT-00073,O00385,C0667,CANCEL_ATTEMPTED,2026-08-22T22:45:31.151906,mobile_app
ACT-00074,O01079,C0686,ETA_VIEWED,2026-08-11T16:01:00,mobile_app
ACT-00075,O01155,C0681,ETA_VIEWED,2026-08-25T21:09:00,mobile_app
ACT-00076,O01155,C0681,ETA_VIEWED,2026-08-25T21:10:00,mobile_app
ACT-00077,O01365,C0896,ETA_VIEWED,2026-08-17T17:53:00,mobile_app
ACT-00078,O01365,C0896,SUPPORT_OPENED,2026-08-17T18:59:21.635049,mobile_app
ACT-00079,O00864,C0237,ETA_VIEWED,2026-08-15T13:16:00,mobile_app
ACT-00080,O00864,C0237,ETA_VIEWED,2026-08-15T13:09:00,mobile_app
ACT-00081,O00864,C0237,ETA_VIEWED,2026-08-15T13:24:00,mobile_app
ACT-00082,O00660,C0512,ETA_VIEWED,2026-08-18T18:29:00,mobile_app
ACT-00083,O00660,C0512,ETA_VIEWED,2026-08-18T18:46:00,mobile_app
ACT-00084,O00660,C0512,ETA_VIEWED,2026-08-18T18:37:00,mobile_app
ACT-00085,O00542,C0220,ETA_VIEWED,2026-08-19T20:05:00,mobile_app
ACT-00086,O00542,C0220,ETA_VIEWED,2026-08-19T20:19:00,mobile_app
ACT-00087,O01425,C0139,ETA_VIEWED,2026-08-26T14:22:00,mobile_app
ACT-00088,O01506,C0336,ETA_VIEWED,2026-08-27T16:34:00,mobile_app
ACT-00089,O01506,C0336,ETA_VIEWED,2026-08-27T16:24:00,mobile_app
ACT-00090,O01521,C0641,ETA_VIEWED,2026-08-05T14:42:00,mobile_app
ACT-00091,O01521,C0641,ETA_VIEWED,2026-08-05T14:35:00,mobile_app
ACT-00092,O01521,C0641,ETA_VIEWED,2026-08-05T14:35:00,mobile_app
ACT-00093,O01030,C0408,ETA_VIEWED,2026-08-16T17:48:00,mobile_app
ACT-00094,O01030,C0408,SUPPORT_OPENED,2026-08-16T18:51:48,mobile_app
ACT-00095,O00875,C0356,ETA_VIEWED,2026-08-10T23:49:00,mobile_app
ACT-00096,O00875,C0356,ETA_VIEWED,2026-08-10T23:38:00,mobile_app
ACT-00097,O00875,C0356,ETA_VIEWED,2026-08-10T23:37:00,mobile_app
ACT-00098,O00875,C0356,SUPPORT_OPENED,2026-08-11T00:28:37.298015,mobile_app
ACT-00099,O00602,C0556,ETA_VIEWED,2026-08-13T19:21:00,mobile_app
ACT-00100,O00494,C0055,ETA_VIEWED,2026-08-06T14:55:00,mobile_app
ACT-00101,O00494,C0055,ETA_VIEWED,2026-08-06T15:00:00,mobile_app
ACT-00102,O00494,C0055,ETA_VIEWED,2026-08-06T15:04:00,mobile_app
ACT-00103,O00386,C0101,ETA_VIEWED,2026-08-11T13:29:00,mobile_app
ACT-00104,O01162,C0637,ETA_VIEWED,2026-08-13T13:29:00,mobile_app
ACT-00105,O01162,C0637,ETA_VIEWED,2026-08-13T13:10:00,mobile_app
ACT-00106,O01162,C0637,ETA_VIEWED,2026-08-13T13:19:00,mobile_app
ACT-00107,O00323,C0496,ETA_VIEWED,2026-08-06T18:38:00,mobile_app
ACT-00108,O00323,C0496,ETA_VIEWED,2026-08-06T18:32:00,mobile_app
ACT-00109,O00323,C0496,ETA_VIEWED,2026-08-06T18:33:00,mobile_app
ACT-00110,O00061,C0352,ETA_VIEWED,2026-08-03T21:53:00,mobile_app
ACT-00111,O00581,C0537,ETA_VIEWED,2026-08-24T19:36:00,mobile_app
ACT-00112,O00581,C0537,ETA_VIEWED,2026-08-24T19:21:00,mobile_app
ACT-00113,O00239,C0519,ETA_VIEWED,2026-08-03T14:42:00,mobile_app
ACT-00114,O00454,C0179,ETA_VIEWED,2026-08-19T22:10:00,mobile_app
ACT-00115,O00454,C0179,ETA_VIEWED,2026-08-19T22:14:00,mobile_app
ACT-00116,O01160,C0498,ETA_VIEWED,2026-08-17T23:03:00,mobile_app
ACT-00117,O01160,C0498,ETA_VIEWED,2026-08-17T22:59:00,mobile_app
ACT-00118,O01160,C0498,SUPPORT_OPENED,2026-08-18T00:00:48,mobile_app
ACT-00119,O00886,C0282,ETA_VIEWED,2026-08-28T14:46:00,mobile_app
ACT-00120,O00400,C0851,ETA_VIEWED,2026-08-05T12:38:00,mobile_app
ACT-00121,O00400,C0851,ETA_VIEWED,2026-08-05T12:41:00,mobile_app
ACT-00122,O00400,C0851,ETA_VIEWED,2026-08-05T12:45:00,mobile_app
ACT-00123,O01497,C0574,ETA_VIEWED,2026-08-01T11:28:00,mobile_app
ACT-00124,O01497,C0574,ETA_VIEWED,2026-08-01T11:07:00,mobile_app
ACT-00125,O01497,C0574,ETA_VIEWED,2026-08-01T11:17:00,mobile_app
ACT-00126,O00359,C0536,ETA_VIEWED,2026-08-08T18:40:00,mobile_app
ACT-00127,O00359,C0536,SUPPORT_OPENED,2026-08-08T19:42:48,mobile_app
ACT-00128,O01167,C0446,ETA_VIEWED,2026-08-17T13:00:00,mobile_app
ACT-00129,O01167,C0446,SUPPORT_OPENED,2026-08-17T13:48:20.030887,mobile_app
ACT-00130,O00854,C0575,ETA_VIEWED,2026-08-22T19:14:00,mobile_app
ACT-00131,O00854,C0575,ETA_VIEWED,2026-08-22T19:11:00,mobile_app
ACT-00132,O00804,C0031,ETA_VIEWED,2026-08-11T14:52:00,mobile_app
ACT-00133,O00804,C0031,ETA_VIEWED,2026-08-11T14:37:00,mobile_app
ACT-00134,O00918,C0694,ETA_VIEWED,2026-08-23T12:12:00,mobile_app
ACT-00135,O00918,C0694,ETA_VIEWED,2026-08-23T12:17:00,mobile_app
ACT-00136,O00918,C0694,ETA_VIEWED,2026-08-23T12:09:00,mobile_app
ACT-00137,O01544,C0224,ETA_VIEWED,2026-08-11T17:46:00,mobile_app
ACT-00138,O01544,C0224,ETA_VIEWED,2026-08-11T18:03:00,mobile_app
ACT-00139,O00376,C0276,ETA_VIEWED,2026-08-15T12:15:00,mobile_app
ACT-00140,O00376,C0276,ETA_VIEWED,2026-08-15T12:32:00,mobile_app
ACT-00141,O00073,C0750,ETA_VIEWED,2026-08-27T14:03:00,mobile_app
ACT-00142,O00073,C0750,SUPPORT_OPENED,2026-08-27T14:51:58.916284,mobile_app
ACT-00143,O00059,C0242,ETA_VIEWED,2026-08-09T18:52:00,mobile_app
ACT-00144,O00439,C0642,ETA_VIEWED,2026-08-01T19:36:00,mobile_app
ACT-00145,O00439,C0642,ETA_VIEWED,2026-08-01T19:43:00,mobile_app
ACT-00146,O01249,C0826,ETA_VIEWED,2026-08-22T21:39:00,mobile_app
ACT-00147,O01249,C0826,ETA_VIEWED,2026-08-22T21:32:00,mobile_app
ACT-00148,O01249,C0826,ETA_VIEWED,2026-08-22T21:40:00,mobile_app
ACT-00149,O00099,C0046,ETA_VIEWED,2026-08-18T19:22:00,mobile_app
ACT-00150,O00099,C0046,ETA_VIEWED,2026-08-18T19:12:00,mobile_app
ACT-00151,O00588,C0740,ETA_VIEWED,2026-08-16T19:44:00,mobile_app
ACT-00152,O01047,C0518,ETA_VIEWED,2026-08-01T13:33:00,mobile_app
ACT-00153,O01047,C0518,ETA_VIEWED,2026-08-01T13:38:00,mobile_app
ACT-00154,O00788,C0500,ETA_VIEWED,2026-08-03T12:05:00,mobile_app
ACT-00155,O00788,C0500,ETA_VIEWED,2026-08-03T12:16:00,mobile_app
ACT-00156,O00788,C0500,ETA_VIEWED,2026-08-03T12:03:00,mobile_app
ACT-00157,O00855,C0377,ETA_VIEWED,2026-08-23T16:40:00,mobile_app
ACT-00158,O00855,C0377,ETA_VIEWED,2026-08-23T16:40:00,mobile_app
ACT-00159,O00855,C0377,ETA_VIEWED,2026-08-23T16:28:00,mobile_app
ACT-00160,O00202,C0028,ETA_VIEWED,2026-08-24T12:38:00,mobile_app
ACT-00161,O00202,C0028,ETA_VIEWED,2026-08-24T12:41:00,mobile_app
ACT-00162,O00202,C0028,ETA_VIEWED,2026-08-24T12:30:00,mobile_app
ACT-00163,O00725,C0812,ETA_VIEWED,2026-08-11T14:53:00,mobile_app
ACT-00164,O00725,C0812,ETA_VIEWED,2026-08-11T14:49:00,mobile_app
ACT-00165,O01021,C0290,ETA_VIEWED,2026-08-27T13:17:00,mobile_app
ACT-00166,O01021,C0290,ETA_VIEWED,2026-08-27T13:10:00,mobile_app
ACT-00167,O00792,C0871,ETA_VIEWED,2026-08-26T13:06:00,mobile_app
ACT-00168,O00286,C0714,ETA_VIEWED,2026-08-28T13:05:00,mobile_app
ACT-00169,O00286,C0714,ETA_VIEWED,2026-08-28T12:52:00,mobile_app
ACT-00170,O00124,C0471,ETA_VIEWED,2026-08-13T18:00:00,mobile_app
ACT-00171,O00124,C0471,ETA_VIEWED,2026-08-13T17:50:00,mobile_app
ACT-00172,O00124,C0471,ETA_VIEWED,2026-08-13T17:48:00,mobile_app
ACT-00173,O01590,C0232,ETA_VIEWED,2026-08-21T14:42:00,mobile_app
ACT-00174,O01590,C0232,ETA_VIEWED,2026-08-21T14:50:00,mobile_app
ACT-00175,O01590,C0232,SUPPORT_OPENED,2026-08-21T15:39:39.953893,mobile_app
ACT-00176,O00411,C0227,ETA_VIEWED,2026-08-07T19:09:00,mobile_app
ACT-00177,O00411,C0227,ETA_VIEWED,2026-08-07T19:23:00,mobile_app
ACT-00178,O00411,C0227,ETA_VIEWED,2026-08-07T19:03:00,mobile_app
ACT-00179,O00411,C0227,SUPPORT_OPENED,2026-08-07T20:19:36,mobile_app
ACT-00180,O00822,C0095,ETA_VIEWED,2026-08-04T16:37:00,mobile_app
ACT-00181,O00822,C0095,ETA_VIEWED,2026-08-04T16:22:00,mobile_app
ACT-00182,O00512,C0190,ETA_VIEWED,2026-08-27T19:18:00,mobile_app
ACT-00183,O00512,C0190,ETA_VIEWED,2026-08-27T19:18:00,mobile_app
ACT-00184,O00548,C0886,ETA_VIEWED,2026-08-04T15:47:00,mobile_app
ACT-00185,O00548,C0886,ETA_VIEWED,2026-08-04T15:55:00,mobile_app
ACT-00186,O00127,C0758,ETA_VIEWED,2026-08-03T17:37:00,mobile_app
ACT-00187,O00127,C0758,ETA_VIEWED,2026-08-03T17:41:00,mobile_app
ACT-00188,O00127,C0758,ETA_VIEWED,2026-08-03T17:23:00,mobile_app
ACT-00189,O00405,C0809,ETA_VIEWED,2026-08-20T21:18:00,mobile_app
ACT-00190,O01215,C0281,ETA_VIEWED,2026-08-26T22:32:00,mobile_app
ACT-00191,O01215,C0281,ETA_VIEWED,2026-08-26T22:30:00,mobile_app
ACT-00192,O01215,C0281,ETA_VIEWED,2026-08-26T22:34:00,mobile_app
ACT-00193,O01541,C0742,ETA_VIEWED,2026-08-25T18:33:00,mobile_app
ACT-00194,O01541,C0742,ETA_VIEWED,2026-08-25T18:32:00,mobile_app
ACT-00195,O01541,C0742,ETA_VIEWED,2026-08-25T18:33:00,mobile_app
ACT-00196,O01536,C0864,ETA_VIEWED,2026-08-06T13:21:00,mobile_app
ACT-00197,O01536,C0864,ETA_VIEWED,2026-08-06T13:26:00,mobile_app
ACT-00198,O01536,C0864,ETA_VIEWED,2026-08-06T13:21:00,mobile_app
ACT-00199,O00923,C0426,ETA_VIEWED,2026-08-28T22:39:00,mobile_app
ACT-00200,O00923,C0426,ETA_VIEWED,2026-08-28T22:28:00,mobile_app
ACT-00201,O00923,C0426,ETA_VIEWED,2026-08-28T22:17:00,mobile_app
ACT-00202,O00372,C0240,ETA_VIEWED,2026-08-05T19:44:00,mobile_app
ACT-00203,O01015,C0280,ETA_VIEWED,2026-08-22T13:11:00,mobile_app
ACT-00204,O00282,C0367,ETA_VIEWED,2026-08-21T22:24:00,mobile_app
ACT-00205,O00282,C0367,ETA_VIEWED,2026-08-21T22:13:00,mobile_app
ACT-00206,O01524,C0808,ETA_VIEWED,2026-08-15T15:34:00,mobile_app
ACT-00207,O01524,C0808,ETA_VIEWED,2026-08-15T15:17:00,mobile_app
ACT-00208,O01591,C0261,ETA_VIEWED,2026-08-12T12:52:00,mobile_app
ACT-00209,O00683,C0612,ETA_VIEWED,2026-08-10T12:06:00,mobile_app
ACT-00210,O00683,C0612,ETA_VIEWED,2026-08-10T12:24:00,mobile_app
ACT-00211,O01504,C0810,ETA_VIEWED,2026-08-14T19:00:00,mobile_app
ACT-00212,O01504,C0810,ETA_VIEWED,2026-08-14T19:14:00,mobile_app
ACT-00213,O01470,C0732,ETA_VIEWED,2026-08-19T17:52:00,mobile_app
ACT-00214,O01470,C0732,SUPPORT_OPENED,2026-08-19T18:39:02.627619,mobile_app
ACT-00215,O01078,C0563,ETA_VIEWED,2026-08-25T21:36:00,mobile_app
ACT-00216,O01078,C0563,ETA_VIEWED,2026-08-25T21:33:00,mobile_app
ACT-00217,O00388,C0181,ETA_VIEWED,2026-08-20T19:06:00,mobile_app
ACT-00218,O00388,C0181,ETA_VIEWED,2026-08-20T19:03:00,mobile_app
ACT-00219,O01361,C0131,ETA_VIEWED,2026-08-18T17:33:00,mobile_app
ACT-00220,O01361,C0131,ETA_VIEWED,2026-08-18T17:39:00,mobile_app
ACT-00221,O01277,C0798,ETA_VIEWED,2026-08-20T18:18:00,mobile_app
ACT-00222,O00553,C0398,ETA_VIEWED,2026-08-14T13:25:00,mobile_app
ACT-00223,O00553,C0398,ETA_VIEWED,2026-08-14T13:31:00,mobile_app
ACT-00224,O01128,C0512,ETA_VIEWED,2026-08-14T19:50:00,mobile_app
ACT-00225,O00096,C0757,ETA_VIEWED,2026-08-28T21:55:00,mobile_app
ACT-00226,O00096,C0757,ETA_VIEWED,2026-08-28T21:57:00,mobile_app
ACT-00227,O00684,C0331,ETA_VIEWED,2026-08-23T22:33:00,mobile_app
ACT-00228,O00684,C0331,SUPPORT_OPENED,2026-08-23T23:32:50.748754,mobile_app
ACT-00229,O01384,C0859,ETA_VIEWED,2026-08-27T11:32:00,mobile_app
ACT-00230,O01384,C0859,ETA_VIEWED,2026-08-27T11:50:00,mobile_app
ACT-00231,O00625,C0183,ETA_VIEWED,2026-08-12T17:41:00,mobile_app
ACT-00232,O00625,C0183,ETA_VIEWED,2026-08-12T17:31:00,mobile_app
ACT-00233,O00625,C0183,ETA_VIEWED,2026-08-12T17:49:00,mobile_app
ACT-00234,O00257,C0324,ETA_VIEWED,2026-08-20T14:45:00,mobile_app
ACT-00235,O00094,C0878,ETA_VIEWED,2026-08-19T17:04:00,mobile_app
ACT-00236,O00094,C0878,ETA_VIEWED,2026-08-19T16:57:00,mobile_app
ACT-00237,O00094,C0878,ETA_VIEWED,2026-08-19T17:12:00,mobile_app
ACT-00238,O00816,C0306,ETA_VIEWED,2026-08-22T17:53:00,mobile_app
ACT-00239,O00816,C0306,ETA_VIEWED,2026-08-22T17:47:00,mobile_app
ACT-00240,O00816,C0306,ETA_VIEWED,2026-08-22T17:53:00,mobile_app
ACT-00241,O00484,C0028,ETA_VIEWED,2026-08-21T21:05:00,mobile_app
ACT-00242,O00776,C0554,ETA_VIEWED,2026-08-21T20:29:00,mobile_app
ACT-00243,O00055,C0511,ETA_VIEWED,2026-08-16T13:12:00,mobile_app
ACT-00244,O00055,C0511,ETA_VIEWED,2026-08-16T13:10:00,mobile_app
ACT-00245,O00055,C0511,ETA_VIEWED,2026-08-16T12:58:00,mobile_app
ACT-00246,O00802,C0888,ETA_VIEWED,2026-08-08T19:16:00,mobile_app
ACT-00247,O00802,C0888,ETA_VIEWED,2026-08-08T19:30:00,mobile_app
ACT-00248,O00802,C0888,ETA_VIEWED,2026-08-08T19:27:00,mobile_app
ACT-00249,O00431,C0502,ETA_VIEWED,2026-08-15T12:53:00,mobile_app
ACT-00250,O00431,C0502,ETA_VIEWED,2026-08-15T13:05:00,mobile_app
ACT-00251,O00431,C0502,ETA_VIEWED,2026-08-15T12:58:00,mobile_app
ACT-00252,O00998,C0706,ETA_VIEWED,2026-08-16T15:38:00,mobile_app
ACT-00253,O00998,C0706,ETA_VIEWED,2026-08-16T15:16:00,mobile_app
ACT-00254,O00998,C0706,ETA_VIEWED,2026-08-16T15:16:00,mobile_app
ACT-00255,O01458,C0741,ETA_VIEWED,2026-08-05T20:58:00,mobile_app
ACT-00256,O01458,C0741,ETA_VIEWED,2026-08-05T21:00:00,mobile_app
ACT-00257,O00722,C0351,ETA_VIEWED,2026-08-24T19:27:00,mobile_app
ACT-00258,O00722,C0351,ETA_VIEWED,2026-08-24T19:08:00,mobile_app
ACT-00259,O00722,C0351,ETA_VIEWED,2026-08-24T19:18:00,mobile_app
ACT-00260,O01528,C0578,ETA_VIEWED,2026-08-08T17:30:00,mobile_app
ACT-00261,O01528,C0578,ETA_VIEWED,2026-08-08T17:39:00,mobile_app
ACT-00262,O00269,C0073,ETA_VIEWED,2026-08-19T20:47:00,mobile_app
ACT-00263,O00269,C0073,ETA_VIEWED,2026-08-19T20:49:00,mobile_app
ACT-00264,O00899,C0577,ETA_VIEWED,2026-08-14T16:00:00,mobile_app
ACT-00265,O00899,C0577,ETA_VIEWED,2026-08-14T15:57:00,mobile_app
ACT-00266,O00899,C0577,ETA_VIEWED,2026-08-14T15:56:00,mobile_app
ACT-00267,O01228,C0349,ETA_VIEWED,2026-08-25T14:40:00,mobile_app
ACT-00268,O01228,C0349,ETA_VIEWED,2026-08-25T14:37:00,mobile_app
ACT-00269,O01228,C0349,ETA_VIEWED,2026-08-25T14:39:00,mobile_app
ACT-00270,O01140,C0555,ETA_VIEWED,2026-08-19T23:22:00,mobile_app
ACT-00271,O01492,C0713,ETA_VIEWED,2026-08-06T13:19:00,mobile_app
ACT-00272,O01492,C0713,ETA_VIEWED,2026-08-06T13:30:00,mobile_app
ACT-00273,O01492,C0713,ETA_VIEWED,2026-08-06T13:32:00,mobile_app
ACT-00274,O00306,C0032,ETA_VIEWED,2026-08-26T13:05:00,mobile_app
ACT-00275,O01224,C0800,ETA_VIEWED,2026-08-26T11:53:00,mobile_app
ACT-00276,O01224,C0800,ETA_VIEWED,2026-08-26T12:03:00,mobile_app
ACT-00277,O01582,C0250,ETA_VIEWED,2026-08-21T20:25:00,mobile_app
ACT-00278,O01428,C0232,ETA_VIEWED,2026-08-19T21:45:00,mobile_app
ACT-00279,O01428,C0232,ETA_VIEWED,2026-08-19T21:49:00,mobile_app
ACT-00280,O00650,C0580,ETA_VIEWED,2026-08-17T17:10:00,mobile_app
ACT-00281,O00650,C0580,ETA_VIEWED,2026-08-17T17:14:00,mobile_app
ACT-00282,O00650,C0580,ETA_VIEWED,2026-08-17T17:13:00,mobile_app
ACT-00283,O00582,C0547,ETA_VIEWED,2026-08-13T13:13:00,mobile_app
ACT-00284,O00582,C0547,ETA_VIEWED,2026-08-13T13:13:00,mobile_app
ACT-00285,O00582,C0547,ETA_VIEWED,2026-08-13T13:18:00,mobile_app
ACT-00286,O00033,C0536,ETA_VIEWED,2026-08-06T23:53:00,mobile_app
ACT-00287,O00033,C0536,ETA_VIEWED,2026-08-06T23:31:00,mobile_app
ACT-00288,O00033,C0536,SUPPORT_OPENED,2026-08-07T00:50:48,mobile_app
ACT-00289,O00214,C0687,ETA_VIEWED,2026-08-17T19:08:00,mobile_app
ACT-00290,O00214,C0687,ETA_VIEWED,2026-08-17T18:59:00,mobile_app
ACT-00291,O00214,C0687,ETA_VIEWED,2026-08-17T18:44:00,mobile_app
ACT-00292,O00275,C0731,ETA_VIEWED,2026-08-15T20:18:00,mobile_app
ACT-00293,O00275,C0731,ETA_VIEWED,2026-08-15T20:17:00,mobile_app
ACT-00294,O01233,C0426,ETA_VIEWED,2026-08-05T19:16:00,mobile_app
ACT-00295,O01233,C0426,SUPPORT_OPENED,2026-08-05T20:03:47.230763,mobile_app
ACT-00296,O00525,C0280,ETA_VIEWED,2026-08-10T23:07:00,mobile_app
ACT-00297,O01093,C0064,ETA_VIEWED,2026-08-04T17:28:00,mobile_app
ACT-00298,O01093,C0064,ETA_VIEWED,2026-08-04T17:15:00,mobile_app
ACT-00299,O00260,C0296,ETA_VIEWED,2026-08-09T19:10:00,mobile_app
ACT-00300,O00260,C0296,SUPPORT_OPENED,2026-08-09T20:27:11.024973,mobile_app
ACT-00301,O01577,C0540,ETA_VIEWED,2026-08-23T18:30:00,mobile_app
ACT-00302,O01577,C0540,ETA_VIEWED,2026-08-23T18:37:00,mobile_app
ACT-00303,O00445,C0741,ETA_VIEWED,2026-08-06T22:02:00,mobile_app
ACT-00304,O00071,C0391,ETA_VIEWED,2026-08-21T18:34:00,mobile_app
ACT-00305,O00071,C0391,ETA_VIEWED,2026-08-21T18:46:00,mobile_app
ACT-00306,O00071,C0391,ETA_VIEWED,2026-08-21T18:44:00,mobile_app
ACT-00307,O00071,C0391,SUPPORT_OPENED,2026-08-21T19:49:00.964322,mobile_app
ACT-00308,O00294,C0761,ETA_VIEWED,2026-08-20T20:03:00,mobile_app
ACT-00309,O00294,C0761,ETA_VIEWED,2026-08-20T19:44:00,mobile_app
ACT-00310,O01118,C0210,ETA_VIEWED,2026-08-19T20:48:00,mobile_app
ACT-00311,O01118,C0210,ETA_VIEWED,2026-08-19T20:47:00,mobile_app
ACT-00312,O01118,C0210,ETA_VIEWED,2026-08-19T20:40:00,mobile_app
ACT-00313,O00344,C0851,ETA_VIEWED,2026-08-03T20:00:00,mobile_app
ACT-00314,O00344,C0851,ETA_VIEWED,2026-08-03T20:05:00,mobile_app
ACT-00315,O01374,C0288,ETA_VIEWED,2026-08-27T18:30:00,mobile_app
ACT-00316,O01374,C0288,ETA_VIEWED,2026-08-27T18:18:00,mobile_app
ACT-00317,O01374,C0288,ETA_VIEWED,2026-08-27T18:23:00,mobile_app
ACT-00318,O01417,C0581,ETA_VIEWED,2026-08-12T13:42:00,mobile_app
ACT-00319,O01417,C0581,ETA_VIEWED,2026-08-12T13:34:00,mobile_app
ACT-00320,O01417,C0581,ETA_VIEWED,2026-08-12T13:42:00,mobile_app
ACT-00321,O00207,C0470,ETA_VIEWED,2026-08-09T11:36:00,mobile_app
ACT-00322,O00207,C0470,ETA_VIEWED,2026-08-09T11:40:00,mobile_app
ACT-00323,O00207,C0470,SUPPORT_OPENED,2026-08-09T12:17:09.434287,mobile_app
ACT-00324,O00150,C0747,ETA_VIEWED,2026-08-24T20:14:00,mobile_app
ACT-00325,O00608,C0752,ETA_VIEWED,2026-08-15T21:09:00,mobile_app
ACT-00326,O00608,C0752,ETA_VIEWED,2026-08-15T21:01:00,mobile_app
ACT-00327,O00608,C0752,ETA_VIEWED,2026-08-15T20:59:00,mobile_app
ACT-00328,O01201,C0824,ETA_VIEWED,2026-08-26T15:32:00,mobile_app
ACT-00329,O00271,C0227,ETA_VIEWED,2026-08-10T18:54:00,mobile_app
ACT-00330,O00271,C0227,ETA_VIEWED,2026-08-10T18:46:00,mobile_app
ACT-00331,O00271,C0227,ETA_VIEWED,2026-08-10T18:57:00,mobile_app
ACT-00332,O00481,C0811,ETA_VIEWED,2026-08-23T18:05:00,mobile_app
ACT-00333,O01548,C0197,ETA_VIEWED,2026-08-04T12:55:00,mobile_app
ACT-00334,O01548,C0197,ETA_VIEWED,2026-08-04T12:47:00,mobile_app
ACT-00335,O01548,C0197,ETA_VIEWED,2026-08-04T12:49:00,mobile_app
ACT-00336,O00942,C0834,ETA_VIEWED,2026-08-21T22:33:00,mobile_app
ACT-00337,O00942,C0834,ETA_VIEWED,2026-08-21T22:19:00,mobile_app
ACT-00338,O00963,C0255,ETA_VIEWED,2026-08-16T14:03:00,mobile_app
ACT-00339,O00963,C0255,ETA_VIEWED,2026-08-16T14:01:00,mobile_app
ACT-00340,O01299,C0800,ETA_VIEWED,2026-08-28T17:39:00,mobile_app
ACT-00341,O01299,C0800,ETA_VIEWED,2026-08-28T17:30:00,mobile_app
ACT-00342,O01299,C0800,ETA_VIEWED,2026-08-28T17:37:00,mobile_app
ACT-00343,O01025,C0392,ETA_VIEWED,2026-08-18T13:42:00,mobile_app
ACT-00344,O01455,C0257,ETA_VIEWED,2026-08-16T18:52:00,mobile_app
ACT-00345,O01455,C0257,SUPPORT_OPENED,2026-08-16T19:34:49.368287,mobile_app
ACT-00346,O00657,C0423,ETA_VIEWED,2026-08-14T15:13:00,mobile_app
ACT-00347,O00657,C0423,ETA_VIEWED,2026-08-14T15:00:00,mobile_app
ACT-00348,O00657,C0423,ETA_VIEWED,2026-08-14T14:52:00,mobile_app
ACT-00349,O00827,C0332,ETA_VIEWED,2026-08-16T19:48:00,mobile_app
ACT-00350,O00827,C0332,ETA_VIEWED,2026-08-16T19:33:00,mobile_app
ACT-00351,O00827,C0332,ETA_VIEWED,2026-08-16T19:46:00,mobile_app
ACT-00352,O00382,C0573,ETA_VIEWED,2026-08-28T21:00:00,mobile_app
ACT-00353,O00382,C0573,ETA_VIEWED,2026-08-28T21:15:00,mobile_app
ACT-00354,O00382,C0573,SUPPORT_OPENED,2026-08-28T22:12:13.123900,mobile_app
ACT-00355,O00077,C0157,ETA_VIEWED,2026-08-15T23:48:00,mobile_app
ACT-00356,O00077,C0157,ETA_VIEWED,2026-08-15T23:40:00,mobile_app
ACT-00357,O00077,C0157,SUPPORT_OPENED,2026-08-16T00:50:21.487268,mobile_app
ACT-00358,O01004,C0502,ETA_VIEWED,2026-08-01T11:54:00,mobile_app
ACT-00359,O01004,C0502,ETA_VIEWED,2026-08-01T11:38:00,mobile_app
ACT-00360,O01070,C0436,ETA_VIEWED,2026-08-13T12:55:00,mobile_app
ACT-00361,O01189,C0129,ETA_VIEWED,2026-08-18T19:41:00,mobile_app
ACT-00362,O01189,C0129,ETA_VIEWED,2026-08-18T19:43:00,mobile_app
ACT-00363,O01091,C0609,ETA_VIEWED,2026-08-05T20:58:00,mobile_app
ACT-00364,O01091,C0609,ETA_VIEWED,2026-08-05T20:53:00,mobile_app
ACT-00365,O00569,C0655,ETA_VIEWED,2026-08-13T14:40:00,mobile_app
ACT-00366,O00569,C0655,ETA_VIEWED,2026-08-13T14:22:00,mobile_app
ACT-00367,O00569,C0655,ETA_VIEWED,2026-08-13T14:36:00,mobile_app
ACT-00368,O01298,C0121,ETA_VIEWED,2026-08-25T14:41:00,mobile_app
ACT-00369,O01298,C0121,ETA_VIEWED,2026-08-25T14:40:00,mobile_app
ACT-00370,O01298,C0121,ETA_VIEWED,2026-08-25T14:54:00,mobile_app
ACT-00371,O00736,C0657,ETA_VIEWED,2026-08-04T20:15:00,mobile_app
ACT-00372,O00964,C0092,ETA_VIEWED,2026-08-23T21:59:00,mobile_app
ACT-00373,O00964,C0092,ETA_VIEWED,2026-08-23T22:09:00,mobile_app
ACT-00374,O00351,C0643,ETA_VIEWED,2026-08-16T20:48:00,mobile_app
ACT-00375,O01443,C0369,ETA_VIEWED,2026-08-01T12:05:00,mobile_app
ACT-00376,O01303,C0487,ETA_VIEWED,2026-08-21T18:32:00,mobile_app
ACT-00377,O00140,C0099,ETA_VIEWED,2026-08-18T20:39:00,mobile_app
ACT-00378,O00140,C0099,ETA_VIEWED,2026-08-18T20:38:00,mobile_app
ACT-00379,O01241,C0181,ETA_VIEWED,2026-08-10T15:06:00,mobile_app
ACT-00380,O01241,C0181,ETA_VIEWED,2026-08-10T15:05:00,mobile_app
ACT-00381,O00884,C0177,ETA_VIEWED,2026-08-19T14:21:00,mobile_app
ACT-00382,O00884,C0177,ETA_VIEWED,2026-08-19T14:41:00,mobile_app
ACT-00383,O00884,C0177,SUPPORT_OPENED,2026-08-19T15:33:45.868172,mobile_app
ACT-00384,O00495,C0209,ETA_VIEWED,2026-08-11T11:34:00,mobile_app
ACT-00385,O01296,C0265,ETA_VIEWED,2026-08-12T20:39:00,mobile_app
ACT-00386,O01296,C0265,ETA_VIEWED,2026-08-12T20:38:00,mobile_app
ACT-00387,O01296,C0265,ETA_VIEWED,2026-08-12T20:50:00,mobile_app
ACT-00388,O01296,C0265,SUPPORT_OPENED,2026-08-12T21:38:55.716283,mobile_app
ACT-00389,O00102,C0263,ETA_VIEWED,2026-08-11T17:06:00,mobile_app
ACT-00390,O00221,C0734,ETA_VIEWED,2026-08-02T19:27:00,mobile_app
ACT-00391,O00969,C0326,ETA_VIEWED,2026-08-23T17:38:00,mobile_app
ACT-00392,O00969,C0326,ETA_VIEWED,2026-08-23T17:33:00,mobile_app
ACT-00393,O00969,C0326,ETA_VIEWED,2026-08-23T17:33:00,mobile_app
ACT-00394,O00348,C0599,ETA_VIEWED,2026-08-07T17:21:00,mobile_app
ACT-00395,O00348,C0599,ETA_VIEWED,2026-08-07T17:23:00,mobile_app
ACT-00396,O00538,C0053,ETA_VIEWED,2026-08-13T18:31:00,mobile_app
ACT-00397,O00674,C0657,ETA_VIEWED,2026-08-23T21:18:00,mobile_app
ACT-00398,O01446,C0664,ETA_VIEWED,2026-08-01T20:46:00,mobile_app
ACT-00399,O01446,C0664,ETA_VIEWED,2026-08-01T20:48:00,mobile_app
ACT-00400,O01446,C0664,ETA_VIEWED,2026-08-01T20:54:00,mobile_app
ACT-00401,O01426,C0461,ETA_VIEWED,2026-08-27T18:47:00,mobile_app
ACT-00402,O01426,C0461,ETA_VIEWED,2026-08-27T18:56:00,mobile_app
ACT-00403,O01426,C0461,ETA_VIEWED,2026-08-27T18:58:00,mobile_app
ACT-00404,O00090,C0435,ETA_VIEWED,2026-08-20T18:12:00,mobile_app
ACT-00405,O00090,C0435,ETA_VIEWED,2026-08-20T18:03:00,mobile_app
ACT-00406,O00090,C0435,ETA_VIEWED,2026-08-20T18:02:00,mobile_app
ACT-00407,O00090,C0435,SUPPORT_OPENED,2026-08-20T19:34:18,mobile_app
ACT-00408,O00105,C0729,ETA_VIEWED,2026-08-08T14:28:00,mobile_app
ACT-00409,O01117,C0810,ETA_VIEWED,2026-08-01T18:44:00,mobile_app
ACT-00410,O01117,C0810,ETA_VIEWED,2026-08-01T18:30:00,mobile_app
ACT-00411,O01117,C0810,ETA_VIEWED,2026-08-01T18:27:00,mobile_app
ACT-00412,O01157,C0175,ETA_VIEWED,2026-08-18T12:30:00,mobile_app
ACT-00413,O01157,C0175,ETA_VIEWED,2026-08-18T12:42:00,mobile_app
ACT-00414,O01157,C0175,ETA_VIEWED,2026-08-18T12:40:00,mobile_app
ACT-00415,O01420,C0501,ETA_VIEWED,2026-08-13T23:35:00,mobile_app
ACT-00416,O01420,C0501,ETA_VIEWED,2026-08-13T23:50:00,mobile_app
ACT-00417,O00562,C0897,ETA_VIEWED,2026-08-05T22:55:00,mobile_app
ACT-00418,O00562,C0897,ETA_VIEWED,2026-08-05T22:46:00,mobile_app
ACT-00419,O00562,C0897,ETA_VIEWED,2026-08-05T22:48:00,mobile_app
ACT-00420,O00362,C0395,ETA_VIEWED,2026-08-11T20:01:00,mobile_app
ACT-00421,O00362,C0395,ETA_VIEWED,2026-08-11T20:10:00,mobile_app
ACT-00422,O00362,C0395,ETA_VIEWED,2026-08-11T20:07:00,mobile_app
ACT-00423,O00515,C0672,ETA_VIEWED,2026-08-02T13:41:00,mobile_app
ACT-00424,O01174,C0627,ETA_VIEWED,2026-08-27T18:25:00,mobile_app
ACT-00425,O01057,C0278,ETA_VIEWED,2026-08-17T19:41:00,mobile_app
ACT-00426,O01057,C0278,ETA_VIEWED,2026-08-17T19:52:00,mobile_app
ACT-00427,O01482,C0489,ETA_VIEWED,2026-08-15T00:00:00,mobile_app
ACT-00428,O01482,C0489,ETA_VIEWED,2026-08-14T23:54:00,mobile_app
ACT-00429,O01482,C0489,ETA_VIEWED,2026-08-14T23:52:00,mobile_app
ACT-00430,O00762,C0653,ETA_VIEWED,2026-08-12T19:07:00,mobile_app
ACT-00431,O00762,C0653,ETA_VIEWED,2026-08-12T19:05:00,mobile_app
ACT-00432,O01087,C0714,ETA_VIEWED,2026-08-02T19:48:00,mobile_app
ACT-00433,O01087,C0714,SUPPORT_OPENED,2026-08-02T20:48:53.850119,mobile_app
ACT-00434,O01262,C0200,ETA_VIEWED,2026-08-09T20:33:00,mobile_app
ACT-00435,O00231,C0761,ETA_VIEWED,2026-08-27T16:01:00,mobile_app
ACT-00436,O00231,C0761,ETA_VIEWED,2026-08-27T16:19:00,mobile_app
ACT-00437,O01225,C0316,ETA_VIEWED,2026-08-24T19:11:00,mobile_app
ACT-00438,O00532,C0381,ETA_VIEWED,2026-08-14T11:25:00,mobile_app
ACT-00439,O00532,C0381,ETA_VIEWED,2026-08-14T11:28:00,mobile_app
ACT-00440,O00532,C0381,ETA_VIEWED,2026-08-14T11:17:00,mobile_app
ACT-00441,O00782,C0559,ETA_VIEWED,2026-08-25T19:11:00,mobile_app
ACT-00442,O00782,C0559,SUPPORT_OPENED,2026-08-25T20:27:36,mobile_app
ACT-00443,O01357,C0583,ETA_VIEWED,2026-08-11T19:21:00,mobile_app
ACT-00444,O01357,C0583,ETA_VIEWED,2026-08-11T19:30:00,mobile_app
ACT-00445,O01357,C0583,ETA_VIEWED,2026-08-11T19:20:00,mobile_app
ACT-00446,O01595,C0305,ETA_VIEWED,2026-08-24T22:34:00,mobile_app
ACT-00447,O01595,C0305,ETA_VIEWED,2026-08-24T22:15:00,mobile_app
ACT-00448,O00505,C0479,ETA_VIEWED,2026-08-20T16:36:00,mobile_app
ACT-00449,O01342,C0381,ETA_VIEWED,2026-08-27T19:45:00,mobile_app
ACT-00450,O01342,C0381,ETA_VIEWED,2026-08-27T19:28:00,mobile_app
ACT-00451,O00750,C0792,ETA_VIEWED,2026-08-09T22:12:00,mobile_app
ACT-00452,O01486,C0685,ETA_VIEWED,2026-08-09T16:44:00,mobile_app
ACT-00453,O01486,C0685,ETA_VIEWED,2026-08-09T16:44:00,mobile_app
ACT-00454,O01486,C0685,ETA_VIEWED,2026-08-09T16:45:00,mobile_app
ACT-00455,O00857,C0244,ETA_VIEWED,2026-08-23T18:33:00,mobile_app
ACT-00456,O00857,C0244,ETA_VIEWED,2026-08-23T18:43:00,mobile_app
ACT-00457,O00857,C0244,SUPPORT_OPENED,2026-08-23T19:42:08.492787,mobile_app
ACT-00458,O00413,C0463,ETA_VIEWED,2026-08-14T17:36:00,mobile_app
ACT-00459,O00413,C0463,ETA_VIEWED,2026-08-14T17:37:00,mobile_app
ACT-00460,O00702,C0532,ETA_VIEWED,2026-08-10T12:20:00,mobile_app
ACT-00461,O00840,C0016,ETA_VIEWED,2026-08-07T13:28:00,mobile_app
ACT-00462,O00840,C0016,ETA_VIEWED,2026-08-07T13:13:00,mobile_app
ACT-00463,O00840,C0016,ETA_VIEWED,2026-08-07T13:18:00,mobile_app
ACT-00464,O01126,C0674,ETA_VIEWED,2026-08-02T15:34:00,mobile_app
ACT-00465,O01126,C0674,ETA_VIEWED,2026-08-02T15:26:00,mobile_app
ACT-00466,O01065,C0689,ETA_VIEWED,2026-08-03T11:43:00,mobile_app
ACT-00467,O01190,C0240,ETA_VIEWED,2026-08-24T22:56:00,mobile_app
ACT-00468,O01190,C0240,ETA_VIEWED,2026-08-24T23:11:00,mobile_app
ACT-00469,O01190,C0240,ETA_VIEWED,2026-08-24T23:10:00,mobile_app
ACT-00470,O01598,C0286,ETA_VIEWED,2026-08-18T20:32:00,mobile_app
ACT-00471,O00334,C0696,ETA_VIEWED,2026-08-27T00:21:00,mobile_app
ACT-00472,O00618,C0175,ETA_VIEWED,2026-08-26T20:20:00,mobile_app
ACT-00473,O00023,C0129,ETA_VIEWED,2026-08-26T23:17:00,mobile_app
ACT-00474,O00744,C0623,ETA_VIEWED,2026-08-17T19:34:00,mobile_app
ACT-00475,O00744,C0623,ETA_VIEWED,2026-08-17T19:32:00,mobile_app
ACT-00476,O00988,C0389,ETA_VIEWED,2026-08-04T13:35:00,mobile_app
ACT-00477,O00988,C0389,ETA_VIEWED,2026-08-04T13:32:00,mobile_app
ACT-00478,O00988,C0389,ETA_VIEWED,2026-08-04T13:27:00,mobile_app
ACT-00479,O00988,C0389,SUPPORT_OPENED,2026-08-04T14:35:34.596669,mobile_app
ACT-00480,O00856,C0735,ETA_VIEWED,2026-08-03T18:31:00,mobile_app
ACT-00481,O00856,C0735,ETA_VIEWED,2026-08-03T18:38:00,mobile_app
ACT-00482,O01098,C0023,ETA_VIEWED,2026-08-10T22:27:00,mobile_app
ACT-00483,O01098,C0023,ETA_VIEWED,2026-08-10T22:36:00,mobile_app
ACT-00484,O00559,C0058,ETA_VIEWED,2026-08-23T14:29:00,mobile_app
ACT-00485,O00559,C0058,ETA_VIEWED,2026-08-23T14:41:00,mobile_app
ACT-00486,O00559,C0058,ETA_VIEWED,2026-08-23T14:24:00,mobile_app
ACT-00487,O00559,C0058,SUPPORT_OPENED,2026-08-23T15:46:48,mobile_app
ACT-00488,O00946,C0815,ETA_VIEWED,2026-08-18T17:44:00,mobile_app
ACT-00489,O00828,C0838,ETA_VIEWED,2026-08-18T19:53:00,mobile_app
ACT-00490,O00828,C0838,ETA_VIEWED,2026-08-18T19:58:00,mobile_app
ACT-00491,O00346,C0897,ETA_VIEWED,2026-08-02T14:12:00,mobile_app
ACT-00492,O01239,C0628,ETA_VIEWED,2026-08-11T20:37:00,mobile_app
ACT-00493,O00814,C0765,ETA_VIEWED,2026-08-03T17:55:00,mobile_app
ACT-00494,O00814,C0765,ETA_VIEWED,2026-08-03T18:02:00,mobile_app
ACT-00495,O00814,C0765,ETA_VIEWED,2026-08-03T18:16:00,mobile_app
ACT-00496,O00093,C0110,ETA_VIEWED,2026-08-02T12:04:00,mobile_app
ACT-00497,O00093,C0110,ETA_VIEWED,2026-08-02T12:01:00,mobile_app
ACT-00498,O00093,C0110,ETA_VIEWED,2026-08-02T11:56:00,mobile_app
ACT-00499,O00410,C0240,ETA_VIEWED,2026-08-01T21:16:00,mobile_app
ACT-00500,O00410,C0240,ETA_VIEWED,2026-08-01T21:25:00,mobile_app
ACT-00501,O00410,C0240,ETA_VIEWED,2026-08-01T21:38:00,mobile_app
ACT-00502,O00486,C0464,ETA_VIEWED,2026-08-06T20:37:00,mobile_app
ACT-00503,O00486,C0464,ETA_VIEWED,2026-08-06T20:40:00,mobile_app
ACT-00504,O00486,C0464,ETA_VIEWED,2026-08-06T20:35:00,mobile_app
ACT-00505,O01191,C0596,ETA_VIEWED,2026-08-12T20:29:00,mobile_app
ACT-00506,O01336,C0238,ETA_VIEWED,2026-08-23T18:33:00,mobile_app
ACT-00507,O01336,C0238,ETA_VIEWED,2026-08-23T18:36:00,mobile_app
ACT-00508,O01336,C0238,ETA_VIEWED,2026-08-23T18:24:00,mobile_app
ACT-00509,O00910,C0464,ETA_VIEWED,2026-08-27T18:28:00,mobile_app
ACT-00510,O00910,C0464,ETA_VIEWED,2026-08-27T18:20:00,mobile_app
ACT-00511,O01282,C0778,ETA_VIEWED,2026-08-23T20:59:00,mobile_app
ACT-00512,O01282,C0778,ETA_VIEWED,2026-08-23T21:01:00,mobile_app
ACT-00513,O00983,C0556,ETA_VIEWED,2026-08-15T19:17:00,mobile_app
ACT-00514,O00983,C0556,ETA_VIEWED,2026-08-15T19:21:00,mobile_app
ACT-00515,O00983,C0556,ETA_VIEWED,2026-08-15T19:38:00,mobile_app
ACT-00516,O00133,C0561,ETA_VIEWED,2026-08-16T12:41:00,mobile_app
ACT-00517,O01427,C0406,ETA_VIEWED,2026-08-11T20:14:00,mobile_app
ACT-00518,O00244,C0864,ETA_VIEWED,2026-08-23T22:31:00,mobile_app
ACT-00519,O00574,C0551,ETA_VIEWED,2026-08-10T22:05:00,mobile_app
ACT-00520,O00574,C0551,SUPPORT_OPENED,2026-08-10T23:27:48,mobile_app
ACT-00521,O00939,C0415,ETA_VIEWED,2026-08-18T11:52:00,mobile_app
ACT-00522,O00939,C0415,SUPPORT_OPENED,2026-08-18T13:12:54,mobile_app
ACT-00523,O01549,C0896,ETA_VIEWED,2026-08-21T20:58:00,mobile_app
ACT-00524,O01549,C0896,ETA_VIEWED,2026-08-21T21:06:00,mobile_app
ACT-00525,O00982,C0798,ETA_VIEWED,2026-08-17T21:12:00,mobile_app
ACT-00526,O00982,C0798,ETA_VIEWED,2026-08-17T21:09:00,mobile_app
ACT-00527,O00982,C0798,ETA_VIEWED,2026-08-17T21:13:00,mobile_app
ACT-00528,O00903,C0631,ETA_VIEWED,2026-08-03T19:39:00,mobile_app
ACT-00529,O00903,C0631,ETA_VIEWED,2026-08-03T19:39:00,mobile_app
ACT-00530,O00903,C0631,ETA_VIEWED,2026-08-03T19:29:00,mobile_app
ACT-00531,O00638,C0060,ETA_VIEWED,2026-08-04T19:58:00,mobile_app
ACT-00532,O00940,C0404,ETA_VIEWED,2026-08-02T12:37:00,mobile_app
ACT-00533,O00940,C0404,ETA_VIEWED,2026-08-02T12:39:00,mobile_app
ACT-00534,O00940,C0404,ETA_VIEWED,2026-08-02T12:37:00,mobile_app
ACT-00535,O01546,C0267,ETA_VIEWED,2026-08-13T20:57:00,mobile_app
ACT-00536,O01546,C0267,ETA_VIEWED,2026-08-13T20:58:00,mobile_app
ACT-00537,O01546,C0267,ETA_VIEWED,2026-08-13T20:52:00,mobile_app
ACT-00538,O00246,C0231,ETA_VIEWED,2026-08-22T22:45:00,mobile_app
ACT-00539,O00357,C0853,ETA_VIEWED,2026-08-23T13:21:00,mobile_app
ACT-00540,O00779,C0105,ETA_VIEWED,2026-08-15T20:44:00,mobile_app
ACT-00541,O00779,C0105,ETA_VIEWED,2026-08-15T20:45:00,mobile_app
ACT-00542,O00760,C0020,ETA_VIEWED,2026-08-08T16:43:00,mobile_app
ACT-00543,O00760,C0020,ETA_VIEWED,2026-08-08T16:31:00,mobile_app
ACT-00544,O00760,C0020,ETA_VIEWED,2026-08-08T16:46:00,mobile_app
ACT-00545,O00895,C0346,ETA_VIEWED,2026-08-03T14:35:00,mobile_app
ACT-00546,O00895,C0346,ETA_VIEWED,2026-08-03T14:21:00,mobile_app
ACT-00547,O00895,C0346,ETA_VIEWED,2026-08-03T14:34:00,mobile_app
ACT-00548,O00519,C0864,ETA_VIEWED,2026-08-25T17:27:00,mobile_app
ACT-00549,O00519,C0864,ETA_VIEWED,2026-08-25T17:35:00,mobile_app
ACT-00550,O00320,C0379,ETA_VIEWED,2026-08-13T12:30:00,mobile_app
ACT-00551,O01450,C0044,ETA_VIEWED,2026-08-11T21:03:00,mobile_app
ACT-00552,O01450,C0044,ETA_VIEWED,2026-08-11T20:49:00,mobile_app
ACT-00553,O00541,C0447,ETA_VIEWED,2026-08-09T13:20:00,mobile_app
ACT-00554,O00541,C0447,ETA_VIEWED,2026-08-09T13:21:00,mobile_app
ACT-00555,O00541,C0447,ETA_VIEWED,2026-08-09T13:13:00,mobile_app
ACT-00556,O00924,C0674,ETA_VIEWED,2026-08-08T18:34:00,mobile_app
ACT-00557,O00924,C0674,ETA_VIEWED,2026-08-08T18:42:00,mobile_app
ACT-00558,O00924,C0674,ETA_VIEWED,2026-08-08T18:46:00,mobile_app
ACT-00559,O01511,C0045,ETA_VIEWED,2026-08-21T11:50:00,mobile_app
ACT-00560,O01511,C0045,ETA_VIEWED,2026-08-21T12:08:00,mobile_app
ACT-00561,O00953,C0773,ETA_VIEWED,2026-08-13T13:14:00,mobile_app
ACT-00562,O00273,C0627,ETA_VIEWED,2026-08-14T19:30:00,mobile_app
ACT-00563,O01485,C0403,ETA_VIEWED,2026-08-27T15:51:00,mobile_app
ACT-00564,O01485,C0403,ETA_VIEWED,2026-08-27T15:52:00,mobile_app
ACT-00565,O01089,C0424,ETA_VIEWED,2026-08-21T14:11:00,mobile_app
ACT-00566,O01089,C0424,ETA_VIEWED,2026-08-21T14:23:00,mobile_app
ACT-00567,O01089,C0424,ETA_VIEWED,2026-08-21T14:11:00,mobile_app
ACT-00568,O01089,C0424,SUPPORT_OPENED,2026-08-21T15:27:36,mobile_app
ACT-00569,O01132,C0367,ETA_VIEWED,2026-08-19T18:11:00,mobile_app
ACT-00570,O00416,C0662,ETA_VIEWED,2026-08-23T23:58:00,mobile_app
ACT-00571,O00768,C0772,ETA_VIEWED,2026-08-05T19:52:00,mobile_app
ACT-00572,O00768,C0772,ETA_VIEWED,2026-08-05T19:59:00,mobile_app
ACT-00573,O00798,C0371,ETA_VIEWED,2026-08-20T19:56:00,mobile_app
ACT-00574,O00798,C0371,ETA_VIEWED,2026-08-20T19:51:00,mobile_app
ACT-00575,O01394,C0795,ETA_VIEWED,2026-08-21T21:18:00,mobile_app
ACT-00576,O01394,C0795,ETA_VIEWED,2026-08-21T21:18:00,mobile_app
ACT-00577,O00881,C0641,ETA_VIEWED,2026-08-14T13:18:00,mobile_app
ACT-00578,O00881,C0641,ETA_VIEWED,2026-08-14T13:17:00,mobile_app
ACT-00579,O00881,C0641,ETA_VIEWED,2026-08-14T13:17:00,mobile_app
ACT-00580,O00907,C0631,ETA_VIEWED,2026-08-20T13:22:00,mobile_app
ACT-00581,O00907,C0631,ETA_VIEWED,2026-08-20T13:35:00,mobile_app
ACT-00582,O00747,C0764,ETA_VIEWED,2026-08-27T17:30:00,mobile_app
ACT-00583,O00747,C0764,ETA_VIEWED,2026-08-27T17:24:00,mobile_app
ACT-00584,O00747,C0764,ETA_VIEWED,2026-08-27T17:23:00,mobile_app
ACT-00585,O00747,C0764,SUPPORT_OPENED,2026-08-27T18:43:24,mobile_app
ACT-00586,O01563,C0623,ETA_VIEWED,2026-08-03T11:29:00,mobile_app
ACT-00587,O01563,C0623,ETA_VIEWED,2026-08-03T11:24:00,mobile_app
ACT-00588,O00847,C0481,ETA_VIEWED,2026-08-17T19:34:00,mobile_app
ACT-00589,O00847,C0481,ETA_VIEWED,2026-08-17T19:24:00,mobile_app
ACT-00590,O00847,C0481,ETA_VIEWED,2026-08-17T19:28:00,mobile_app
ACT-00591,O01041,C0209,ETA_VIEWED,2026-08-09T19:24:00,mobile_app
ACT-00592,O01041,C0209,SUPPORT_OPENED,2026-08-09T20:33:25.701997,mobile_app
ACT-00593,O00404,C0715,ETA_VIEWED,2026-08-06T19:08:00,mobile_app
ACT-00594,O00404,C0715,ETA_VIEWED,2026-08-06T19:06:00,mobile_app
ACT-00595,O00404,C0715,ETA_VIEWED,2026-08-06T19:22:00,mobile_app
ACT-00596,O00404,C0715,SUPPORT_OPENED,2026-08-06T20:04:50.781031,mobile_app
ACT-00597,O00237,C0586,ETA_VIEWED,2026-08-08T11:40:00,mobile_app
ACT-00598,O00020,C0384,ETA_VIEWED,2026-08-07T22:00:00,mobile_app
ACT-00599,O00020,C0384,ETA_VIEWED,2026-08-07T22:06:00,mobile_app
ACT-00600,O00020,C0384,ETA_VIEWED,2026-08-07T21:46:00,mobile_app
ACT-00601,O01149,C0475,ETA_VIEWED,2026-08-22T20:50:00,mobile_app
ACT-00602,O01149,C0475,ETA_VIEWED,2026-08-22T20:46:00,mobile_app
ACT-00603,O00014,C0542,ETA_VIEWED,2026-08-22T18:44:00,mobile_app
ACT-00604,O00014,C0542,ETA_VIEWED,2026-08-22T18:40:00,mobile_app
ACT-00605,O00014,C0542,ETA_VIEWED,2026-08-22T18:42:00,mobile_app
ACT-00606,O00890,C0883,ETA_VIEWED,2026-08-25T19:16:00,mobile_app
ACT-00607,O00890,C0883,ETA_VIEWED,2026-08-25T19:19:00,mobile_app
ACT-00608,O00967,C0317,ETA_VIEWED,2026-08-19T21:54:00,mobile_app
ACT-00609,O00967,C0317,ETA_VIEWED,2026-08-19T22:16:00,mobile_app
ACT-00610,O00919,C0698,ETA_VIEWED,2026-08-21T18:00:00,mobile_app
ACT-00611,O00919,C0698,ETA_VIEWED,2026-08-21T18:15:00,mobile_app
ACT-00612,O00961,C0357,ETA_VIEWED,2026-08-28T11:38:00,mobile_app
ACT-00613,O00961,C0357,ETA_VIEWED,2026-08-28T11:19:00,mobile_app
ACT-00614,O00961,C0357,ETA_VIEWED,2026-08-28T11:19:00,mobile_app
ACT-00615,O00952,C0218,ETA_VIEWED,2026-08-05T22:31:00,mobile_app
ACT-00616,O00952,C0218,SUPPORT_OPENED,2026-08-05T23:55:06,mobile_app
ACT-00617,O00520,C0489,ETA_VIEWED,2026-08-09T12:07:00,mobile_app
ACT-00618,O00520,C0489,ETA_VIEWED,2026-08-09T11:52:00,mobile_app
ACT-00619,O00520,C0489,ETA_VIEWED,2026-08-09T12:06:00,mobile_app
ACT-00620,O01136,C0681,ETA_VIEWED,2026-08-24T14:22:00,mobile_app
ACT-00621,O01136,C0681,ETA_VIEWED,2026-08-24T14:18:00,mobile_app
ACT-00622,O01136,C0681,ETA_VIEWED,2026-08-24T14:14:00,mobile_app
ACT-00623,O01156,C0353,ETA_VIEWED,2026-08-22T22:35:00,mobile_app
ACT-00624,O00235,C0200,ETA_VIEWED,2026-08-19T20:12:00,mobile_app
ACT-00625,O00235,C0200,SUPPORT_OPENED,2026-08-19T21:01:41.074319,mobile_app
ACT-00626,O01145,C0448,ETA_VIEWED,2026-08-02T20:48:00,mobile_app
ACT-00627,O01145,C0448,ETA_VIEWED,2026-08-02T20:48:00,mobile_app
ACT-00628,O01145,C0448,ETA_VIEWED,2026-08-02T20:56:00,mobile_app
ACT-00629,O00383,C0557,ETA_VIEWED,2026-08-13T19:30:00,mobile_app
ACT-00630,O00383,C0557,SUPPORT_OPENED,2026-08-13T20:30:18.067805,mobile_app
ACT-00631,O01568,C0437,ETA_VIEWED,2026-08-28T23:26:00,mobile_app
ACT-00632,O01568,C0437,ETA_VIEWED,2026-08-28T23:24:00,mobile_app
ACT-00633,O01568,C0437,ETA_VIEWED,2026-08-28T23:33:00,mobile_app
ACT-00634,O00067,C0684,ETA_VIEWED,2026-08-12T16:55:00,mobile_app
ACT-00635,O00067,C0684,ETA_VIEWED,2026-08-12T16:53:00,mobile_app
ACT-00636,O00067,C0684,ETA_VIEWED,2026-08-12T17:07:00,mobile_app
ACT-00637,O01432,C0687,ETA_VIEWED,2026-08-23T19:54:00,mobile_app
ACT-00638,O01432,C0687,ETA_VIEWED,2026-08-23T20:08:00,mobile_app
ACT-00639,O00699,C0805,ETA_VIEWED,2026-08-25T16:59:00,mobile_app
ACT-00640,O00699,C0805,ETA_VIEWED,2026-08-25T17:02:00,mobile_app
ACT-00641,O00699,C0805,ETA_VIEWED,2026-08-25T17:09:00,mobile_app
ACT-00642,O00493,C0243,ETA_VIEWED,2026-08-01T13:16:00,mobile_app
ACT-00643,O00493,C0243,ETA_VIEWED,2026-08-01T13:06:00,mobile_app
ACT-00644,O00493,C0243,ETA_VIEWED,2026-08-01T13:09:00,mobile_app
ACT-00645,O00716,C0604,ETA_VIEWED,2026-08-04T20:56:00,mobile_app
ACT-00646,O00042,C0862,ETA_VIEWED,2026-08-09T18:48:00,mobile_app
ACT-00647,O00042,C0862,ETA_VIEWED,2026-08-09T18:52:00,mobile_app
ACT-00648,O00042,C0862,ETA_VIEWED,2026-08-09T19:10:00,mobile_app
ACT-00649,O01077,C0463,ETA_VIEWED,2026-08-19T21:27:00,mobile_app
ACT-00650,O01077,C0463,ETA_VIEWED,2026-08-19T21:40:00,mobile_app
ACT-00651,O01077,C0463,ETA_VIEWED,2026-08-19T21:34:00,mobile_app
ACT-00652,O00303,C0411,ETA_VIEWED,2026-08-19T20:32:00,mobile_app
ACT-00653,O00303,C0411,ETA_VIEWED,2026-08-19T20:17:00,mobile_app
ACT-00654,O00303,C0411,ETA_VIEWED,2026-08-19T20:37:00,mobile_app
ACT-00655,O00110,C0811,ETA_VIEWED,2026-08-12T13:22:00,mobile_app
ACT-00656,O00110,C0811,SUPPORT_OPENED,2026-08-12T14:43:24,mobile_app
ACT-00657,O00626,C0762,ETA_VIEWED,2026-08-02T12:30:00,mobile_app
ACT-00658,O01305,C0729,ETA_VIEWED,2026-08-21T21:31:00,mobile_app
ACT-00659,O01305,C0729,ETA_VIEWED,2026-08-21T21:44:00,mobile_app
ACT-00660,O00268,C0392,ETA_VIEWED,2026-08-18T18:24:00,mobile_app
ACT-00661,O00268,C0392,ETA_VIEWED,2026-08-18T18:38:00,mobile_app
ACT-00662,O00268,C0392,ETA_VIEWED,2026-08-18T18:26:00,mobile_app
ACT-00663,O00424,C0205,ETA_VIEWED,2026-08-28T14:31:00,mobile_app
ACT-00664,O00424,C0205,ETA_VIEWED,2026-08-28T14:35:00,mobile_app
ACT-00665,O00167,C0764,ETA_VIEWED,2026-08-20T19:39:00,mobile_app
ACT-00666,O00167,C0764,ETA_VIEWED,2026-08-20T19:34:00,mobile_app
ACT-00667,O00849,C0739,ETA_VIEWED,2026-08-20T12:28:00,mobile_app
ACT-00668,O00849,C0739,SUPPORT_OPENED,2026-08-20T13:39:54,mobile_app
ACT-00669,O00547,C0186,ETA_VIEWED,2026-08-08T12:22:00,mobile_app
ACT-00670,O00152,C0179,ETA_VIEWED,2026-08-01T19:24:00,mobile_app
ACT-00671,O00152,C0179,ETA_VIEWED,2026-08-01T19:04:00,mobile_app
ACT-00672,O00152,C0179,SUPPORT_OPENED,2026-08-01T20:15:13.357078,mobile_app
ACT-00673,O00080,C0229,ETA_VIEWED,2026-08-20T23:28:00,mobile_app
ACT-00674,O00080,C0229,ETA_VIEWED,2026-08-20T23:43:00,mobile_app
ACT-00675,O00080,C0229,ETA_VIEWED,2026-08-20T23:29:00,mobile_app
ACT-00676,O00080,C0229,SUPPORT_OPENED,2026-08-21T00:55:18,mobile_app
ACT-00677,O00694,C0853,ETA_VIEWED,2026-08-04T17:52:00,mobile_app
ACT-00678,O00694,C0853,ETA_VIEWED,2026-08-04T17:55:00,mobile_app
ACT-00679,O00694,C0853,ETA_VIEWED,2026-08-04T18:01:00,mobile_app
ACT-00680,O00378,C0087,ETA_VIEWED,2026-08-23T19:15:00,mobile_app
ACT-00681,O00378,C0087,ETA_VIEWED,2026-08-23T19:26:00,mobile_app
ACT-00682,O00276,C0754,ETA_VIEWED,2026-08-08T18:38:00,mobile_app
ACT-00683,O00276,C0754,ETA_VIEWED,2026-08-08T18:30:00,mobile_app
ACT-00684,O00058,C0604,ETA_VIEWED,2026-08-05T20:05:00,mobile_app
ACT-00685,O01532,C0825,ETA_VIEWED,2026-08-22T19:06:00,mobile_app
ACT-00686,O00689,C0876,ETA_VIEWED,2026-08-06T14:01:00,mobile_app
ACT-00687,O00689,C0876,ETA_VIEWED,2026-08-06T14:05:00,mobile_app
ACT-00688,O00689,C0876,ETA_VIEWED,2026-08-06T13:50:00,mobile_app
ACT-00689,O00302,C0800,ETA_VIEWED,2026-08-20T20:14:00,mobile_app
ACT-00690,O00302,C0800,ETA_VIEWED,2026-08-20T20:15:00,mobile_app
ACT-00691,O00302,C0800,SUPPORT_OPENED,2026-08-20T21:22:48,mobile_app
ACT-00692,O00302,C0800,CANCEL_ATTEMPTED,2026-08-20T21:31:48,mobile_app
ACT-00693,O00686,C0704,ETA_VIEWED,2026-08-25T22:34:00,mobile_app
ACT-00694,O00686,C0704,SUPPORT_OPENED,2026-08-25T23:44:48,mobile_app
ACT-00695,O01529,C0828,ETA_VIEWED,2026-08-19T11:27:00,mobile_app
ACT-00696,O01529,C0828,SUPPORT_OPENED,2026-08-19T12:23:55.272834,mobile_app
ACT-00697,O01430,C0705,ETA_VIEWED,2026-08-08T18:36:00,mobile_app
ACT-00698,O01430,C0705,SUPPORT_OPENED,2026-08-08T19:39:13.760689,mobile_app
ACT-00699,O00462,C0013,ETA_VIEWED,2026-08-19T18:17:00,mobile_app
ACT-00700,O00462,C0013,ETA_VIEWED,2026-08-19T18:08:00,mobile_app
ACT-00701,O00462,C0013,ETA_VIEWED,2026-08-19T18:21:00,mobile_app
ACT-00702,O00040,C0374,ETA_VIEWED,2026-08-11T20:01:00,mobile_app
ACT-00703,O00040,C0374,ETA_VIEWED,2026-08-11T20:00:00,mobile_app
ACT-00704,O01533,C0821,ETA_VIEWED,2026-08-09T15:22:00,mobile_app
ACT-00705,O01533,C0821,ETA_VIEWED,2026-08-09T15:30:00,mobile_app
ACT-00706,O00944,C0276,ETA_VIEWED,2026-08-10T18:57:00,mobile_app
ACT-00707,O01202,C0390,ETA_VIEWED,2026-08-02T13:50:00,mobile_app
ACT-00708,O01202,C0390,ETA_VIEWED,2026-08-02T13:51:00,mobile_app
ACT-00709,O00165,C0433,ETA_VIEWED,2026-08-05T14:38:00,mobile_app
ACT-00710,O00165,C0433,ETA_VIEWED,2026-08-05T14:53:00,mobile_app
ACT-00711,O00165,C0433,ETA_VIEWED,2026-08-05T14:39:00,mobile_app
ACT-00712,O00587,C0036,ETA_VIEWED,2026-08-15T17:00:00,mobile_app
ACT-00713,O00587,C0036,ETA_VIEWED,2026-08-15T17:12:00,mobile_app
ACT-00714,O01258,C0464,ETA_VIEWED,2026-08-10T23:52:00,mobile_app
ACT-00715,O01258,C0464,ETA_VIEWED,2026-08-10T23:51:00,mobile_app
ACT-00716,O01258,C0464,ETA_VIEWED,2026-08-10T23:47:00,mobile_app
ACT-00717,O01474,C0142,ETA_VIEWED,2026-08-24T18:29:00,mobile_app
ACT-00718,O01474,C0142,ETA_VIEWED,2026-08-24T18:49:00,mobile_app
ACT-00719,O01153,C0581,ETA_VIEWED,2026-08-19T20:26:00,mobile_app
ACT-00720,O01153,C0581,SUPPORT_OPENED,2026-08-19T21:34:48,mobile_app
ACT-00721,O00354,C0859,ETA_VIEWED,2026-08-12T21:25:00,mobile_app
ACT-00722,O00354,C0859,ETA_VIEWED,2026-08-12T21:29:00,mobile_app
ACT-00723,O00721,C0346,ETA_VIEWED,2026-08-23T14:54:00,mobile_app
ACT-00724,O00693,C0492,ETA_VIEWED,2026-08-18T12:53:00,mobile_app
ACT-00725,O01307,C0086,ETA_VIEWED,2026-08-07T20:27:00,mobile_app
ACT-00726,O01307,C0086,ETA_VIEWED,2026-08-07T20:19:00,mobile_app
ACT-00727,O01307,C0086,ETA_VIEWED,2026-08-07T20:32:00,mobile_app
ACT-00728,O01307,C0086,SUPPORT_OPENED,2026-08-07T21:11:04.504406,mobile_app
ACT-00729,O01307,C0086,CANCEL_ATTEMPTED,2026-08-07T21:27:04.504406,mobile_app
ACT-00730,O00617,C0638,ETA_VIEWED,2026-08-15T21:05:00,mobile_app
ACT-00731,O00617,C0638,ETA_VIEWED,2026-08-15T20:48:00,mobile_app
ACT-00732,O01476,C0457,ETA_VIEWED,2026-08-01T22:59:00,mobile_app
ACT-00733,O01476,C0457,ETA_VIEWED,2026-08-01T22:55:00,mobile_app
ACT-00734,O01476,C0457,ETA_VIEWED,2026-08-01T22:44:00,mobile_app
ACT-00735,O00044,C0644,ETA_VIEWED,2026-08-08T19:49:00,mobile_app
ACT-00736,O00044,C0644,ETA_VIEWED,2026-08-08T20:05:00,mobile_app
ACT-00737,O01516,C0643,ETA_VIEWED,2026-08-08T14:12:00,mobile_app
ACT-00738,O01516,C0643,ETA_VIEWED,2026-08-08T14:18:00,mobile_app
ACT-00739,O01516,C0643,ETA_VIEWED,2026-08-08T14:09:00,mobile_app
ACT-00740,O00986,C0713,ETA_VIEWED,2026-08-26T22:51:00,mobile_app
ACT-00741,O00986,C0713,ETA_VIEWED,2026-08-26T22:40:00,mobile_app
ACT-00742,O01119,C0365,ETA_VIEWED,2026-08-24T15:32:00,mobile_app
ACT-00743,O01172,C0806,ETA_VIEWED,2026-08-19T18:39:00,mobile_app
ACT-00744,O01172,C0806,ETA_VIEWED,2026-08-19T18:42:00,mobile_app
ACT-00745,O01172,C0806,ETA_VIEWED,2026-08-19T18:34:00,mobile_app
ACT-00746,O01052,C0704,ETA_VIEWED,2026-08-04T18:09:00,mobile_app
ACT-00747,O01052,C0704,ETA_VIEWED,2026-08-04T18:19:00,mobile_app
ACT-00748,O01052,C0704,ETA_VIEWED,2026-08-04T18:19:00,mobile_app
ACT-00749,O00883,C0769,ETA_VIEWED,2026-08-16T00:00:00,mobile_app
ACT-00750,O00883,C0769,ETA_VIEWED,2026-08-16T00:01:00,mobile_app
ACT-00751,O00883,C0769,ETA_VIEWED,2026-08-15T23:44:00,mobile_app
ACT-00752,O00025,C0886,ETA_VIEWED,2026-08-01T12:34:00,mobile_app
ACT-00753,O00025,C0886,ETA_VIEWED,2026-08-01T12:40:00,mobile_app
ACT-00754,O00335,C0639,ETA_VIEWED,2026-08-13T16:27:00,mobile_app
ACT-00755,O00335,C0639,ETA_VIEWED,2026-08-13T16:28:00,mobile_app
ACT-00756,O00335,C0639,ETA_VIEWED,2026-08-13T16:30:00,mobile_app
ACT-00757,O00298,C0287,ETA_VIEWED,2026-08-15T20:44:00,mobile_app
ACT-00758,O00171,C0197,ETA_VIEWED,2026-08-17T18:27:00,mobile_app
ACT-00759,O00171,C0197,ETA_VIEWED,2026-08-17T18:39:00,mobile_app
ACT-00760,O00472,C0448,ETA_VIEWED,2026-08-08T19:15:00,mobile_app
ACT-00761,O00472,C0448,ETA_VIEWED,2026-08-08T19:02:00,mobile_app
ACT-00762,O00472,C0448,ETA_VIEWED,2026-08-08T19:04:00,mobile_app
ACT-00763,O00472,C0448,SUPPORT_OPENED,2026-08-08T20:16:36,mobile_app
ACT-00764,O01031,C0526,ETA_VIEWED,2026-08-10T20:29:00,mobile_app
ACT-00765,O01031,C0526,ETA_VIEWED,2026-08-10T20:38:00,mobile_app
ACT-00766,O01031,C0526,ETA_VIEWED,2026-08-10T20:27:00,mobile_app
ACT-00767,O00933,C0645,ETA_VIEWED,2026-08-20T13:10:00,mobile_app
ACT-00768,O00933,C0645,ETA_VIEWED,2026-08-20T13:08:00,mobile_app
ACT-00769,O01131,C0532,ETA_VIEWED,2026-08-05T19:44:00,mobile_app
ACT-00770,O01596,C0349,ETA_VIEWED,2026-08-12T13:25:00,mobile_app
ACT-00771,O01555,C0250,ETA_VIEWED,2026-08-06T19:29:00,mobile_app
ACT-00772,O01196,C0227,ETA_VIEWED,2026-08-04T18:54:00,mobile_app
ACT-00773,O01196,C0227,ETA_VIEWED,2026-08-04T19:02:00,mobile_app
ACT-00774,O00637,C0028,ETA_VIEWED,2026-08-14T21:39:00,mobile_app
ACT-00775,O00637,C0028,ETA_VIEWED,2026-08-14T21:46:00,mobile_app
ACT-00776,O01107,C0660,ETA_VIEWED,2026-08-21T19:59:00,mobile_app
ACT-00777,O01107,C0660,ETA_VIEWED,2026-08-21T20:10:00,mobile_app
ACT-00778,O01107,C0660,ETA_VIEWED,2026-08-21T20:05:00,mobile_app
ACT-00779,O01107,C0660,SUPPORT_OPENED,2026-08-21T21:10:50.307899,mobile_app
ACT-00780,O01022,C0831,ETA_VIEWED,2026-08-14T21:49:00,mobile_app
ACT-00781,O01022,C0831,ETA_VIEWED,2026-08-14T21:44:00,mobile_app
ACT-00782,O01353,C0191,ETA_VIEWED,2026-08-14T17:03:00,mobile_app
ACT-00783,O01353,C0191,ETA_VIEWED,2026-08-14T17:06:00,mobile_app
ACT-00784,O00223,C0009,ETA_VIEWED,2026-08-14T21:35:00,mobile_app
ACT-00785,O00223,C0009,ETA_VIEWED,2026-08-14T21:24:00,mobile_app
ACT-00786,O00223,C0009,ETA_VIEWED,2026-08-14T21:38:00,mobile_app
ACT-00787,O01530,C0734,ETA_VIEWED,2026-08-28T13:56:00,mobile_app
ACT-00788,O01530,C0734,ETA_VIEWED,2026-08-28T14:05:00,mobile_app
ACT-00789,O00035,C0386,ETA_VIEWED,2026-08-10T19:11:00,mobile_app
ACT-00790,O00035,C0386,ETA_VIEWED,2026-08-10T19:03:00,mobile_app
ACT-00791,O00035,C0386,ETA_VIEWED,2026-08-10T19:01:00,mobile_app
ACT-00792,O00994,C0217,ETA_VIEWED,2026-08-11T14:19:00,mobile_app
ACT-00793,O00994,C0217,ETA_VIEWED,2026-08-11T14:27:00,mobile_app
ACT-00794,O00530,C0634,ETA_VIEWED,2026-08-16T12:32:00,mobile_app
ACT-00795,O00530,C0634,ETA_VIEWED,2026-08-16T12:36:00,mobile_app
ACT-00796,O01593,C0171,ETA_VIEWED,2026-08-20T13:54:00,mobile_app
ACT-00797,O01593,C0171,ETA_VIEWED,2026-08-20T13:58:00,mobile_app
ACT-00798,O00280,C0343,ETA_VIEWED,2026-08-09T17:52:00,mobile_app
ACT-00799,O00280,C0343,ETA_VIEWED,2026-08-09T17:42:00,mobile_app
ACT-00800,O00927,C0705,ETA_VIEWED,2026-08-01T19:58:00,mobile_app
ACT-00801,O00927,C0705,ETA_VIEWED,2026-08-01T19:57:00,mobile_app
ACT-00802,O00156,C0772,ETA_VIEWED,2026-08-02T18:58:00,mobile_app
ACT-00803,O01006,C0582,ETA_VIEWED,2026-08-08T21:09:00,mobile_app
ACT-00804,O01006,C0582,SUPPORT_OPENED,2026-08-08T22:13:48,mobile_app
ACT-00805,O01169,C0097,ETA_VIEWED,2026-08-20T18:47:00,mobile_app
ACT-00806,O01169,C0097,ETA_VIEWED,2026-08-20T19:01:00,mobile_app
ACT-00807,O01169,C0097,ETA_VIEWED,2026-08-20T18:52:00,mobile_app
ACT-00808,O01169,C0097,CANCEL_ATTEMPTED,2026-08-20T20:05:48,mobile_app
ACT-00809,O00392,C0372,ETA_VIEWED,2026-08-04T19:09:00,mobile_app
ACT-00810,O00392,C0372,ETA_VIEWED,2026-08-04T19:00:00,mobile_app
ACT-00811,O00785,C0384,ETA_VIEWED,2026-08-13T13:46:00,mobile_app
ACT-00812,O01586,C0377,ETA_VIEWED,2026-08-14T22:37:00,mobile_app
ACT-00813,O01586,C0377,SUPPORT_OPENED,2026-08-14T23:54:48,mobile_app
ACT-00814,O01205,C0100,ETA_VIEWED,2026-08-18T23:11:00,mobile_app
ACT-00815,O01205,C0100,ETA_VIEWED,2026-08-18T23:16:00,mobile_app
ACT-00816,O00583,C0244,ETA_VIEWED,2026-08-19T18:01:00,mobile_app
ACT-00817,O00583,C0244,ETA_VIEWED,2026-08-19T18:16:00,mobile_app
ACT-00818,O00583,C0244,ETA_VIEWED,2026-08-19T18:24:00,mobile_app
ACT-00819,O00793,C0830,ETA_VIEWED,2026-08-02T20:09:00,mobile_app
ACT-00820,O01094,C0216,ETA_VIEWED,2026-08-05T12:44:00,mobile_app
ACT-00821,O01094,C0216,ETA_VIEWED,2026-08-05T12:51:00,mobile_app
ACT-00822,O01094,C0216,SUPPORT_OPENED,2026-08-05T13:52:30.215231,mobile_app
ACT-00823,O00835,C0803,ETA_VIEWED,2026-08-14T13:00:00,mobile_app
ACT-00824,O00437,C0685,ETA_VIEWED,2026-08-06T23:26:00,mobile_app
ACT-00825,O00437,C0685,ETA_VIEWED,2026-08-06T23:38:00,mobile_app
ACT-00826,O00947,C0814,ETA_VIEWED,2026-08-07T20:31:00,mobile_app
ACT-00827,O00947,C0814,ETA_VIEWED,2026-08-07T20:48:00,mobile_app
ACT-00828,O00947,C0814,SUPPORT_OPENED,2026-08-07T21:47:36,mobile_app
ACT-00829,O00113,C0605,ETA_VIEWED,2026-08-18T19:15:00,mobile_app
ACT-00830,O00379,C0582,ETA_VIEWED,2026-08-26T20:45:00,mobile_app
ACT-00831,O00379,C0582,ETA_VIEWED,2026-08-26T20:38:00,mobile_app
ACT-00832,O00485,C0864,ETA_VIEWED,2026-08-15T19:08:00,mobile_app
ACT-00833,O00485,C0864,ETA_VIEWED,2026-08-15T19:09:00,mobile_app
ACT-00834,O00485,C0864,ETA_VIEWED,2026-08-15T19:09:00,mobile_app
ACT-00835,O00420,C0696,ETA_VIEWED,2026-08-22T19:43:00,mobile_app
ACT-00836,O00106,C0760,ETA_VIEWED,2026-08-12T12:55:00,mobile_app
ACT-00837,O00106,C0760,ETA_VIEWED,2026-08-12T12:52:00,mobile_app
ACT-00838,O00106,C0760,ETA_VIEWED,2026-08-12T12:55:00,mobile_app
ACT-00839,O01400,C0348,ETA_VIEWED,2026-08-04T17:53:00,mobile_app
ACT-00840,O01400,C0348,ETA_VIEWED,2026-08-04T17:48:00,mobile_app
ACT-00841,O01400,C0348,ETA_VIEWED,2026-08-04T17:52:00,mobile_app
ACT-00842,O00434,C0101,ETA_VIEWED,2026-08-10T21:26:00,mobile_app
ACT-00843,O00873,C0301,ETA_VIEWED,2026-08-05T17:16:00,mobile_app
ACT-00844,O00873,C0301,ETA_VIEWED,2026-08-05T17:18:00,mobile_app
ACT-00845,O00873,C0301,ETA_VIEWED,2026-08-05T17:19:00,mobile_app
ACT-00846,O00254,C0100,ETA_VIEWED,2026-08-16T17:35:00,mobile_app
ACT-00847,O00254,C0100,ETA_VIEWED,2026-08-16T17:36:00,mobile_app
ACT-00848,O01403,C0497,ETA_VIEWED,2026-08-24T17:44:00,mobile_app
ACT-00849,O01403,C0497,ETA_VIEWED,2026-08-24T17:33:00,mobile_app
ACT-00850,O00897,C0149,ETA_VIEWED,2026-08-18T21:36:00,mobile_app
ACT-00851,O00897,C0149,ETA_VIEWED,2026-08-18T21:40:00,mobile_app
ACT-00852,O00897,C0149,ETA_VIEWED,2026-08-18T21:35:00,mobile_app
ACT-00853,O00406,C0746,ETA_VIEWED,2026-08-06T19:44:00,mobile_app
ACT-00854,O00406,C0746,ETA_VIEWED,2026-08-06T19:51:00,mobile_app
ACT-00855,O00406,C0746,ETA_VIEWED,2026-08-06T19:31:00,mobile_app
ACT-00856,O01466,C0663,ETA_VIEWED,2026-08-12T20:00:00,mobile_app
ACT-00857,O01466,C0663,ETA_VIEWED,2026-08-12T19:48:00,mobile_app
ACT-00858,O00443,C0495,ETA_VIEWED,2026-08-07T19:59:00,mobile_app
ACT-00859,O00443,C0495,ETA_VIEWED,2026-08-07T19:59:00,mobile_app
ACT-00860,O01519,C0550,ETA_VIEWED,2026-08-12T19:48:00,mobile_app
ACT-00861,O01519,C0550,ETA_VIEWED,2026-08-12T19:55:00,mobile_app
ACT-00862,O00131,C0106,ETA_VIEWED,2026-08-28T19:52:00,mobile_app
ACT-00863,O00131,C0106,ETA_VIEWED,2026-08-28T19:51:00,mobile_app
ACT-00864,O00131,C0106,ETA_VIEWED,2026-08-28T19:43:00,mobile_app
ACT-00865,O00131,C0106,SUPPORT_OPENED,2026-08-28T21:06:48,mobile_app
ACT-00866,O00479,C0477,ETA_VIEWED,2026-08-13T22:18:00,mobile_app
ACT-00867,O00479,C0477,ETA_VIEWED,2026-08-13T22:14:00,mobile_app
ACT-00868,O00200,C0099,ETA_VIEWED,2026-08-22T19:05:00,mobile_app
ACT-00869,O00200,C0099,ETA_VIEWED,2026-08-22T18:43:00,mobile_app
ACT-00870,O00200,C0099,ETA_VIEWED,2026-08-22T19:06:00,mobile_app
ACT-00871,O01311,C0203,ETA_VIEWED,2026-08-09T21:47:00,mobile_app
ACT-00872,O00465,C0061,ETA_VIEWED,2026-08-22T21:25:00,mobile_app
ACT-00873,O00465,C0061,ETA_VIEWED,2026-08-22T21:17:00,mobile_app
ACT-00874,O00621,C0242,ETA_VIEWED,2026-08-17T22:44:00,mobile_app
ACT-00875,O00645,C0754,ETA_VIEWED,2026-08-21T18:35:00,mobile_app
ACT-00876,O00645,C0754,ETA_VIEWED,2026-08-21T18:40:00,mobile_app
ACT-00877,O00974,C0500,ETA_VIEWED,2026-08-25T17:16:00,mobile_app
ACT-00878,O00974,C0500,ETA_VIEWED,2026-08-25T17:29:00,mobile_app
ACT-00879,O00974,C0500,ETA_VIEWED,2026-08-25T17:21:00,mobile_app
ACT-00880,O00728,C0557,ETA_VIEWED,2026-08-11T19:17:00,mobile_app
ACT-00881,O00728,C0557,ETA_VIEWED,2026-08-11T19:05:00,mobile_app
ACT-00882,O00728,C0557,ETA_VIEWED,2026-08-11T19:08:00,mobile_app
ACT-00883,O00367,C0404,ETA_VIEWED,2026-08-16T13:10:00,mobile_app
ACT-00884,O00367,C0404,ETA_VIEWED,2026-08-16T13:07:00,mobile_app
ACT-00885,O00367,C0404,ETA_VIEWED,2026-08-16T12:49:00,mobile_app
ACT-00886,O00101,C0538,ETA_VIEWED,2026-08-24T21:15:00,mobile_app
ACT-00887,O00101,C0538,ETA_VIEWED,2026-08-24T21:06:00,mobile_app
ACT-00888,O00101,C0538,SUPPORT_OPENED,2026-08-24T20:56:00,mobile_app
ACT-00889,O00852,C0808,ETA_VIEWED,2026-08-08T14:11:00,mobile_app
ACT-00890,O00852,C0808,ETA_VIEWED,2026-08-08T14:08:00,mobile_app
ACT-00891,O00852,C0808,ETA_VIEWED,2026-08-08T14:00:00,mobile_app
ACT-00892,O01375,C0802,ETA_VIEWED,2026-08-26T19:51:00,mobile_app
ACT-00893,O01375,C0802,ETA_VIEWED,2026-08-26T19:50:00,mobile_app
ACT-00894,O01254,C0302,ETA_VIEWED,2026-08-11T14:50:00,mobile_app
ACT-00895,O01254,C0302,ETA_VIEWED,2026-08-11T14:58:00,mobile_app
ACT-00896,O01254,C0302,ETA_VIEWED,2026-08-11T14:53:00,mobile_app
ACT-00897,O00738,C0299,ETA_VIEWED,2026-08-09T14:10:00,mobile_app
ACT-00898,O00738,C0299,ETA_VIEWED,2026-08-09T13:57:00,mobile_app
ACT-00899,O00738,C0299,SUPPORT_OPENED,2026-08-09T15:13:36,mobile_app
ACT-00900,O00049,C0544,ETA_VIEWED,2026-08-09T11:51:00,mobile_app
ACT-00901,O00049,C0544,ETA_VIEWED,2026-08-09T11:45:00,mobile_app
ACT-00902,O00049,C0544,ETA_VIEWED,2026-08-09T11:43:00,mobile_app
ACT-00903,O01409,C0650,ETA_VIEWED,2026-08-16T17:19:00,mobile_app
ACT-00904,O01409,C0650,SUPPORT_OPENED,2026-08-16T18:17:48,mobile_app
ACT-00905,O01475,C0464,ETA_VIEWED,2026-08-27T12:12:00,mobile_app
ACT-00906,O01475,C0464,ETA_VIEWED,2026-08-27T12:10:00,mobile_app
ACT-00907,O01475,C0464,ETA_VIEWED,2026-08-27T12:08:00,mobile_app
ACT-00908,O01475,C0464,SUPPORT_OPENED,2026-08-27T13:32:48,mobile_app
ACT-00909,O00834,C0398,ETA_VIEWED,2026-08-16T20:15:00,mobile_app
ACT-00910,O00834,C0398,ETA_VIEWED,2026-08-16T20:33:00,mobile_app
ACT-00911,O01454,C0472,ETA_VIEWED,2026-08-09T12:53:00,mobile_app
ACT-00912,O01097,C0551,ETA_VIEWED,2026-08-24T19:43:00,mobile_app
ACT-00913,O00349,C0523,ETA_VIEWED,2026-08-02T15:20:00,mobile_app
ACT-00914,O00349,C0523,ETA_VIEWED,2026-08-02T15:16:00,mobile_app
ACT-00915,O00349,C0523,ETA_VIEWED,2026-08-02T15:25:00,mobile_app
ACT-00916,O00478,C0264,ETA_VIEWED,2026-08-11T21:01:00,mobile_app
ACT-00917,O01208,C0472,ETA_VIEWED,2026-08-02T19:54:00,mobile_app
ACT-00918,O00949,C0265,ETA_VIEWED,2026-08-17T12:00:00,mobile_app
ACT-00919,O00949,C0265,ETA_VIEWED,2026-08-17T11:47:00,mobile_app
ACT-00920,O00258,C0656,ETA_VIEWED,2026-08-11T17:55:00,mobile_app
ACT-00921,O01264,C0259,ETA_VIEWED,2026-08-04T20:59:00,mobile_app
ACT-00922,O01264,C0259,ETA_VIEWED,2026-08-04T21:03:00,mobile_app
ACT-00923,O01264,C0259,ETA_VIEWED,2026-08-04T21:00:00,mobile_app
ACT-00924,O00292,C0735,ETA_VIEWED,2026-08-05T17:08:00,mobile_app
ACT-00925,O00292,C0735,ETA_VIEWED,2026-08-05T16:49:00,mobile_app
ACT-00926,O00292,C0735,ETA_VIEWED,2026-08-05T17:05:00,mobile_app
ACT-00927,O00292,C0735,SUPPORT_OPENED,2026-08-05T18:05:00.716564,mobile_app
ACT-00928,O00803,C0880,ETA_VIEWED,2026-08-28T13:48:00,mobile_app
ACT-00929,O00328,C0488,ETA_VIEWED,2026-08-01T16:17:00,mobile_app
ACT-00930,O00228,C0863,ETA_VIEWED,2026-08-07T12:58:00,mobile_app
ACT-00931,O00228,C0863,ETA_VIEWED,2026-08-07T13:03:00,mobile_app
ACT-00932,O00228,C0863,ETA_VIEWED,2026-08-07T12:53:00,mobile_app
ACT-00933,O00930,C0220,ETA_VIEWED,2026-08-15T19:13:00,mobile_app
ACT-00934,O00787,C0418,ETA_VIEWED,2026-08-22T18:22:00,mobile_app
ACT-00935,O00787,C0418,ETA_VIEWED,2026-08-22T18:28:00,mobile_app
ACT-00936,O00787,C0418,ETA_VIEWED,2026-08-22T18:35:00,mobile_app
ACT-00937,O00084,C0242,ETA_VIEWED,2026-08-07T20:20:00,mobile_app
ACT-00938,O00084,C0242,ETA_VIEWED,2026-08-07T20:28:00,mobile_app
ACT-00939,O00019,C0357,ETA_VIEWED,2026-08-13T15:58:00,mobile_app
ACT-00940,O00019,C0357,ETA_VIEWED,2026-08-13T15:59:00,mobile_app
ACT-00941,O00019,C0357,ETA_VIEWED,2026-08-13T16:16:00,mobile_app
ACT-00942,O00543,C0305,ETA_VIEWED,2026-08-21T16:33:00,mobile_app
ACT-00943,O01581,C0750,ETA_VIEWED,2026-08-16T17:46:00,mobile_app
ACT-00944,O01581,C0750,ETA_VIEWED,2026-08-16T17:33:00,mobile_app
ACT-00945,O00922,C0316,ETA_VIEWED,2026-08-10T21:11:00,mobile_app
ACT-00946,O01104,C0642,ETA_VIEWED,2026-08-01T11:46:00,mobile_app
ACT-00947,O00756,C0693,ETA_VIEWED,2026-08-11T11:31:00,mobile_app
ACT-00948,O00756,C0693,ETA_VIEWED,2026-08-11T11:22:00,mobile_app
ACT-00949,O00756,C0693,SUPPORT_OPENED,2026-08-11T12:33:11.380514,mobile_app
ACT-00950,O00463,C0046,ETA_VIEWED,2026-08-05T20:25:00,mobile_app
ACT-00951,O00193,C0309,ETA_VIEWED,2026-08-11T17:55:00,mobile_app
ACT-00952,O00193,C0309,ETA_VIEWED,2026-08-11T18:00:00,mobile_app
ACT-00953,O00193,C0309,ETA_VIEWED,2026-08-11T17:44:00,mobile_app
ACT-00954,O00011,C0709,ETA_VIEWED,2026-08-13T20:06:00,mobile_app
ACT-00955,O00011,C0709,ETA_VIEWED,2026-08-13T20:16:00,mobile_app
ACT-00956,O00011,C0709,ETA_VIEWED,2026-08-13T20:17:00,mobile_app
ACT-00957,O01330,C0078,ETA_VIEWED,2026-08-02T14:23:00,mobile_app
ACT-00958,O01330,C0078,ETA_VIEWED,2026-08-02T14:26:00,mobile_app
ACT-00959,O01330,C0078,ETA_VIEWED,2026-08-02T14:32:00,mobile_app
ACT-00960,O01360,C0877,ETA_VIEWED,2026-08-14T23:57:00,mobile_app
ACT-00961,O01032,C0605,ETA_VIEWED,2026-08-23T16:17:00,mobile_app
ACT-00962,O00440,C0531,ETA_VIEWED,2026-08-04T15:48:00,mobile_app
ACT-00963,O00726,C0638,ETA_VIEWED,2026-08-01T18:18:00,mobile_app
ACT-00964,O00726,C0638,ETA_VIEWED,2026-08-01T18:08:00,mobile_app
ACT-00965,O00726,C0638,ETA_VIEWED,2026-08-01T18:07:00,mobile_app
ACT-00966,O00726,C0638,SUPPORT_OPENED,2026-08-01T19:26:15.838996,mobile_app
ACT-00967,O01035,C0316,ETA_VIEWED,2026-08-12T19:08:00,mobile_app
ACT-00968,O01035,C0316,ETA_VIEWED,2026-08-12T18:54:00,mobile_app
ACT-00969,O01035,C0316,ETA_VIEWED,2026-08-12T19:06:00,mobile_app
ACT-00970,O01035,C0316,SUPPORT_OPENED,2026-08-12T20:18:38.608651,mobile_app
ACT-00971,O01493,C0673,ETA_VIEWED,2026-08-14T11:17:00,mobile_app
ACT-00972,O01062,C0424,ETA_VIEWED,2026-08-03T20:30:00,mobile_app
ACT-00973,O01062,C0424,ETA_VIEWED,2026-08-03T20:08:00,mobile_app
ACT-00974,O01062,C0424,ETA_VIEWED,2026-08-03T20:20:00,mobile_app
ACT-00975,O01199,C0556,ETA_VIEWED,2026-08-14T12:55:00,mobile_app
ACT-00976,O01199,C0556,ETA_VIEWED,2026-08-14T12:51:00,mobile_app
ACT-00977,O00309,C0257,ETA_VIEWED,2026-08-18T18:27:00,mobile_app
ACT-00978,O00633,C0257,ETA_VIEWED,2026-08-13T11:31:00,mobile_app
ACT-00979,O00991,C0164,ETA_VIEWED,2026-08-19T21:01:00,mobile_app
ACT-00980,O00991,C0164,ETA_VIEWED,2026-08-19T20:48:00,mobile_app
ACT-00981,O00809,C0864,ETA_VIEWED,2026-08-02T18:24:00,mobile_app
ACT-00982,O00809,C0864,ETA_VIEWED,2026-08-02T18:29:00,mobile_app
ACT-00983,O01431,C0231,ETA_VIEWED,2026-08-10T11:54:00,mobile_app
ACT-00984,O01431,C0231,ETA_VIEWED,2026-08-10T11:46:00,mobile_app
ACT-00985,O01431,C0231,SUPPORT_OPENED,2026-08-10T13:03:16.637242,mobile_app
ACT-00986,O01424,C0485,ETA_VIEWED,2026-08-26T19:39:00,mobile_app
ACT-00987,O01424,C0485,ETA_VIEWED,2026-08-26T19:33:00,mobile_app
ACT-00988,O01424,C0485,ETA_VIEWED,2026-08-26T19:34:00,mobile_app
ACT-00989,O00197,C0020,ETA_VIEWED,2026-08-24T18:41:00,mobile_app
ACT-00990,O00197,C0020,ETA_VIEWED,2026-08-24T19:01:00,mobile_app
ACT-00991,O00201,C0236,ETA_VIEWED,2026-08-12T19:36:00,mobile_app
ACT-00992,O00201,C0236,ETA_VIEWED,2026-08-12T19:43:00,mobile_app
ACT-00993,O00201,C0236,ETA_VIEWED,2026-08-12T19:43:00,mobile_app
ACT-00994,O01499,C0831,ETA_VIEWED,2026-08-07T20:22:00,mobile_app
ACT-00995,O01499,C0831,ETA_VIEWED,2026-08-07T20:33:00,mobile_app
ACT-00996,O00425,C0173,ETA_VIEWED,2026-08-08T13:51:00,mobile_app
ACT-00997,O00425,C0173,ETA_VIEWED,2026-08-08T13:41:00,mobile_app
ACT-00998,O00425,C0173,ETA_VIEWED,2026-08-08T13:50:00,mobile_app
ACT-00999,O01279,C0262,ETA_VIEWED,2026-08-05T23:07:00,mobile_app
ACT-01000,O01279,C0262,ETA_VIEWED,2026-08-05T23:13:00,mobile_app
ACT-01001,O01013,C0590,ETA_VIEWED,2026-08-24T21:58:00,mobile_app
ACT-01002,O00395,C0060,ETA_VIEWED,2026-08-15T18:26:00,mobile_app
ACT-01003,O00395,C0060,ETA_VIEWED,2026-08-15T18:07:00,mobile_app
ACT-01004,O00815,C0873,ETA_VIEWED,2026-08-08T15:02:00,mobile_app
ACT-01005,O00815,C0873,ETA_VIEWED,2026-08-08T15:03:00,mobile_app
ACT-01006,O00815,C0873,ETA_VIEWED,2026-08-08T14:54:00,mobile_app
ACT-01007,O01585,C0392,ETA_VIEWED,2026-08-20T18:46:00,mobile_app
ACT-01008,O01585,C0392,SUPPORT_OPENED,2026-08-20T20:00:12.539414,mobile_app
ACT-01009,O01478,C0368,ETA_VIEWED,2026-08-12T11:48:00,mobile_app
ACT-01010,O01478,C0368,ETA_VIEWED,2026-08-12T11:53:00,mobile_app
ACT-01011,O01478,C0368,ETA_VIEWED,2026-08-12T12:03:00,mobile_app
ACT-01012,O00502,C0148,ETA_VIEWED,2026-08-21T20:24:00,mobile_app
ACT-01013,O01076,C0274,ETA_VIEWED,2026-08-21T11:47:00,mobile_app
ACT-01014,O01076,C0274,SUPPORT_OPENED,2026-08-21T12:45:40.333343,mobile_app
ACT-01015,O01151,C0424,ETA_VIEWED,2026-08-20T20:08:00,mobile_app
ACT-01016,O01151,C0424,ETA_VIEWED,2026-08-20T20:00:00,mobile_app
ACT-01017,O01151,C0424,ETA_VIEWED,2026-08-20T19:55:00,mobile_app
ACT-01018,O00449,C0070,ETA_VIEWED,2026-08-24T15:06:00,mobile_app
ACT-01019,O01503,C0105,ETA_VIEWED,2026-08-07T20:04:00,mobile_app
ACT-01020,O01503,C0105,ETA_VIEWED,2026-08-07T19:46:00,mobile_app
ACT-01021,O01503,C0105,SUPPORT_OPENED,2026-08-07T21:05:36,mobile_app
ACT-01022,O01039,C0186,ETA_VIEWED,2026-08-13T20:33:00,mobile_app
ACT-01023,O01039,C0186,ETA_VIEWED,2026-08-13T20:32:00,mobile_app
ACT-01024,O00288,C0760,ETA_VIEWED,2026-08-09T20:16:00,mobile_app
ACT-01025,O00288,C0760,ETA_VIEWED,2026-08-09T20:08:00,mobile_app
ACT-01026,O00288,C0760,ETA_VIEWED,2026-08-09T20:20:00,mobile_app
ACT-01027,O00288,C0760,SUPPORT_OPENED,2026-08-09T21:36:18,mobile_app
ACT-01028,O00820,C0783,ETA_VIEWED,2026-08-15T23:53:00,mobile_app
ACT-01029,O00551,C0262,ETA_VIEWED,2026-08-28T11:47:00,mobile_app
ACT-01030,O00551,C0262,ETA_VIEWED,2026-08-28T12:01:00,mobile_app
ACT-01031,O00551,C0262,SUPPORT_OPENED,2026-08-28T12:41:17.600872,mobile_app
ACT-01032,O00631,C0549,ETA_VIEWED,2026-08-27T22:57:00,mobile_app
ACT-01033,O00631,C0549,ETA_VIEWED,2026-08-27T22:57:00,mobile_app
ACT-01034,O00631,C0549,SUPPORT_OPENED,2026-08-28T00:12:35.467488,mobile_app
ACT-01035,O01333,C0479,ETA_VIEWED,2026-08-03T18:33:00,mobile_app
ACT-01036,O01051,C0571,ETA_VIEWED,2026-08-22T17:27:00,mobile_app
ACT-01037,O01051,C0571,ETA_VIEWED,2026-08-22T17:40:00,mobile_app
ACT-01038,O00115,C0104,ETA_VIEWED,2026-08-24T13:01:00,mobile_app
ACT-01039,O00115,C0104,ETA_VIEWED,2026-08-24T13:05:00,mobile_app
ACT-01040,O00711,C0786,ETA_VIEWED,2026-08-17T16:33:00,mobile_app
ACT-01041,O00711,C0786,ETA_VIEWED,2026-08-17T16:49:00,mobile_app
ACT-01042,O00711,C0786,ETA_VIEWED,2026-08-17T16:50:00,mobile_app
ACT-01043,O00839,C0526,ETA_VIEWED,2026-08-17T23:07:00,mobile_app
ACT-01044,O00935,C0094,ETA_VIEWED,2026-08-03T15:38:00,mobile_app
ACT-01045,O00327,C0081,ETA_VIEWED,2026-08-19T20:37:00,mobile_app
ACT-01046,O00327,C0081,ETA_VIEWED,2026-08-19T20:38:00,mobile_app
ACT-01047,O00954,C0217,ETA_VIEWED,2026-08-10T15:22:00,mobile_app
ACT-01048,O00954,C0217,ETA_VIEWED,2026-08-10T15:21:00,mobile_app
ACT-01049,O00954,C0217,SUPPORT_OPENED,2026-08-10T16:21:13.957678,mobile_app
ACT-01050,O01574,C0771,ETA_VIEWED,2026-08-15T12:23:00,mobile_app
ACT-01051,O01574,C0771,ETA_VIEWED,2026-08-15T12:24:00,mobile_app
ACT-01052,O01574,C0771,ETA_VIEWED,2026-08-15T12:19:00,mobile_app
ACT-01053,O00317,C0054,ETA_VIEWED,2026-08-12T17:52:00,mobile_app
ACT-01054,O00594,C0833,ETA_VIEWED,2026-08-15T13:09:00,mobile_app
ACT-01055,O00401,C0842,ETA_VIEWED,2026-08-24T18:20:00,mobile_app
ACT-01056,O00401,C0842,ETA_VIEWED,2026-08-24T18:25:00,mobile_app
ACT-01057,O00401,C0842,ETA_VIEWED,2026-08-24T18:22:00,mobile_app
ACT-01058,O00567,C0426,ETA_VIEWED,2026-08-23T21:03:00,mobile_app
ACT-01059,O00893,C0556,ETA_VIEWED,2026-08-08T17:05:00,mobile_app
ACT-01060,O00893,C0556,ETA_VIEWED,2026-08-08T17:07:00,mobile_app
ACT-01061,O00893,C0556,ETA_VIEWED,2026-08-08T17:01:00,mobile_app
ACT-01062,O00893,C0556,SUPPORT_OPENED,2026-08-08T18:02:57.666880,mobile_app
ACT-01063,O01220,C0582,ETA_VIEWED,2026-08-20T21:25:00,mobile_app
ACT-01064,O01220,C0582,ETA_VIEWED,2026-08-20T21:36:00,mobile_app
ACT-01065,O00876,C0754,ETA_VIEWED,2026-08-27T23:11:00,mobile_app
ACT-01066,O00876,C0754,ETA_VIEWED,2026-08-27T23:09:00,mobile_app
ACT-01067,O01207,C0467,ETA_VIEWED,2026-08-07T00:11:00,mobile_app
ACT-01068,O01207,C0467,ETA_VIEWED,2026-08-07T00:15:00,mobile_app
ACT-01069,O00752,C0879,ETA_VIEWED,2026-08-19T20:15:00,mobile_app
ACT-01070,O00752,C0879,ETA_VIEWED,2026-08-19T20:07:00,mobile_app
ACT-01071,O00752,C0879,SUPPORT_OPENED,2026-08-19T21:27:06,mobile_app
ACT-01072,O00177,C0634,ETA_VIEWED,2026-08-02T12:29:00,mobile_app
ACT-01073,O00182,C0441,ETA_VIEWED,2026-08-23T19:47:00,mobile_app
ACT-01074,O00182,C0441,ETA_VIEWED,2026-08-23T19:59:00,mobile_app
ACT-01075,O01449,C0388,ETA_VIEWED,2026-08-21T19:27:00,mobile_app
ACT-01076,O01449,C0388,ETA_VIEWED,2026-08-21T19:24:00,mobile_app
ACT-01077,O01449,C0388,ETA_VIEWED,2026-08-21T19:21:00,mobile_app
ACT-01078,O01451,C0742,ETA_VIEWED,2026-08-26T18:23:00,mobile_app
ACT-01079,O00009,C0685,ETA_VIEWED,2026-08-09T13:32:00,mobile_app
ACT-01080,O01419,C0641,ETA_VIEWED,2026-08-19T18:47:00,mobile_app
ACT-01081,O01419,C0641,ETA_VIEWED,2026-08-19T18:58:00,mobile_app
ACT-01082,O01419,C0641,ETA_VIEWED,2026-08-19T18:58:00,mobile_app
ACT-01083,O00734,C0127,ETA_VIEWED,2026-08-16T11:44:00,mobile_app
ACT-01084,O01433,C0564,ETA_VIEWED,2026-08-02T20:28:00,mobile_app
ACT-01085,O01433,C0564,ETA_VIEWED,2026-08-02T20:32:00,mobile_app
ACT-01086,O00330,C0609,ETA_VIEWED,2026-08-19T20:49:00,mobile_app
ACT-01087,O00330,C0609,ETA_VIEWED,2026-08-19T20:48:00,mobile_app
ACT-01088,O00402,C0662,ETA_VIEWED,2026-08-21T18:08:00,mobile_app
ACT-01089,O00341,C0302,ETA_VIEWED,2026-08-24T14:08:00,mobile_app
ACT-01090,O00341,C0302,ETA_VIEWED,2026-08-24T14:03:00,mobile_app
ACT-01091,O00266,C0796,ETA_VIEWED,2026-08-10T20:52:00,mobile_app
ACT-01092,O00266,C0796,ETA_VIEWED,2026-08-10T20:40:00,mobile_app
ACT-01093,O00415,C0339,ETA_VIEWED,2026-08-04T11:49:00,mobile_app
ACT-01094,O00415,C0339,ETA_VIEWED,2026-08-04T12:00:00,mobile_app
ACT-01095,O00753,C0446,ETA_VIEWED,2026-08-04T16:39:00,mobile_app
ACT-01096,O00460,C0087,ETA_VIEWED,2026-08-12T16:51:00,mobile_app
ACT-01097,O00460,C0087,ETA_VIEWED,2026-08-12T16:32:00,mobile_app
ACT-01098,O00460,C0087,ETA_VIEWED,2026-08-12T16:45:00,mobile_app
ACT-01099,O01508,C0749,ETA_VIEWED,2026-08-24T18:41:00,mobile_app
ACT-01100,O00347,C0398,ETA_VIEWED,2026-08-16T18:20:00,mobile_app
ACT-01101,O01283,C0050,ETA_VIEWED,2026-08-07T21:55:00,mobile_app
ACT-01102,O00931,C0388,ETA_VIEWED,2026-08-03T23:11:00,mobile_app
ACT-01103,O00931,C0388,ETA_VIEWED,2026-08-03T23:15:00,mobile_app
ACT-01104,O01034,C0261,ETA_VIEWED,2026-08-28T18:42:00,mobile_app
ACT-01105,O01034,C0261,ETA_VIEWED,2026-08-28T18:37:00,mobile_app
ACT-01106,O01592,C0220,ETA_VIEWED,2026-08-11T22:10:00,mobile_app
ACT-01107,O01592,C0220,ETA_VIEWED,2026-08-11T22:16:00,mobile_app
ACT-01108,O01137,C0119,ETA_VIEWED,2026-08-27T11:44:00,mobile_app
ACT-01109,O01412,C0438,ETA_VIEWED,2026-08-21T18:33:00,mobile_app
ACT-01110,O00311,C0212,ETA_VIEWED,2026-08-03T18:15:00,mobile_app
ACT-01111,O00311,C0212,ETA_VIEWED,2026-08-03T18:10:00,mobile_app
ACT-01112,O00311,C0212,ETA_VIEWED,2026-08-03T18:18:00,mobile_app
ACT-01113,O00607,C0569,ETA_VIEWED,2026-08-15T17:43:00,mobile_app
ACT-01114,O00672,C0743,ETA_VIEWED,2026-08-12T18:04:00,mobile_app
ACT-01115,O00672,C0743,ETA_VIEWED,2026-08-12T18:08:00,mobile_app
ACT-01116,O00672,C0743,ETA_VIEWED,2026-08-12T18:22:00,mobile_app
ACT-01117,O00887,C0579,ETA_VIEWED,2026-08-10T19:38:00,mobile_app
ACT-01118,O00136,C0158,ETA_VIEWED,2026-08-19T12:59:00,mobile_app
ACT-01119,O00136,C0158,ETA_VIEWED,2026-08-19T13:08:00,mobile_app
ACT-01120,O01281,C0552,ETA_VIEWED,2026-08-21T12:35:00,mobile_app
ACT-01121,O01281,C0552,ETA_VIEWED,2026-08-21T12:43:00,mobile_app
ACT-01122,O01281,C0552,ETA_VIEWED,2026-08-21T12:42:00,mobile_app
ACT-01123,O01352,C0892,ETA_VIEWED,2026-08-07T12:57:00,mobile_app
ACT-01124,O01352,C0892,ETA_VIEWED,2026-08-07T12:58:00,mobile_app
ACT-01125,O01352,C0892,ETA_VIEWED,2026-08-07T13:01:00,mobile_app
ACT-01126,O01402,C0853,ETA_VIEWED,2026-08-05T18:22:00,mobile_app
ACT-01127,O01402,C0853,ETA_VIEWED,2026-08-05T18:20:00,mobile_app
ACT-01128,O00030,C0409,ETA_VIEWED,2026-08-03T13:46:00,mobile_app
ACT-01129,O00030,C0409,ETA_VIEWED,2026-08-03T13:31:00,mobile_app
ACT-01130,O01317,C0365,ETA_VIEWED,2026-08-05T22:39:00,mobile_app
ACT-01131,O01317,C0365,ETA_VIEWED,2026-08-05T22:44:00,mobile_app
ACT-01132,O00912,C0141,ETA_VIEWED,2026-08-21T21:12:00,mobile_app
ACT-01133,O00912,C0141,ETA_VIEWED,2026-08-21T21:11:00,mobile_app
ACT-01134,O00948,C0345,ETA_VIEWED,2026-08-20T18:18:00,mobile_app
ACT-01135,O00496,C0033,ETA_VIEWED,2026-08-04T14:57:00,mobile_app
ACT-01136,O00496,C0033,ETA_VIEWED,2026-08-04T15:16:00,mobile_app
ACT-01137,O00496,C0033,ETA_VIEWED,2026-08-04T14:56:00,mobile_app
ACT-01138,O00122,C0829,ETA_VIEWED,2026-08-11T11:20:00,mobile_app
ACT-01139,O00122,C0829,ETA_VIEWED,2026-08-11T11:20:00,mobile_app
ACT-01140,O00843,C0439,ETA_VIEWED,2026-08-02T22:03:00,mobile_app
ACT-01141,O00843,C0439,ETA_VIEWED,2026-08-02T22:16:00,mobile_app
ACT-01142,O01554,C0183,ETA_VIEWED,2026-08-03T22:05:00,mobile_app
ACT-01143,O01554,C0183,SUPPORT_OPENED,2026-08-03T23:20:48,mobile_app
ACT-01144,O00778,C0068,ETA_VIEWED,2026-08-27T21:40:00,mobile_app
ACT-01145,O00778,C0068,ETA_VIEWED,2026-08-27T21:28:00,mobile_app
ACT-01146,O00277,C0105,ETA_VIEWED,2026-08-06T19:06:00,mobile_app
ACT-01147,O00277,C0105,ETA_VIEWED,2026-08-06T18:55:00,mobile_app
ACT-01148,O00277,C0105,ETA_VIEWED,2026-08-06T18:42:00,mobile_app
ACT-01149,O00850,C0412,ETA_VIEWED,2026-08-16T18:31:00,mobile_app
ACT-01150,O01042,C0275,ETA_VIEWED,2026-08-06T15:21:00,mobile_app
ACT-01151,O01042,C0275,ETA_VIEWED,2026-08-06T15:21:00,mobile_app
ACT-01152,O01042,C0275,ETA_VIEWED,2026-08-06T15:33:00,mobile_app
ACT-01153,O01082,C0677,ETA_VIEWED,2026-08-14T16:50:00,mobile_app
ACT-01154,O01082,C0677,ETA_VIEWED,2026-08-14T16:41:00,mobile_app
ACT-01155,O00628,C0551,ETA_VIEWED,2026-08-17T12:49:00,mobile_app
ACT-01156,O00833,C0343,ETA_VIEWED,2026-08-20T19:55:00,mobile_app
ACT-01157,O00833,C0343,ETA_VIEWED,2026-08-20T19:59:00,mobile_app
ACT-01158,O00833,C0343,ETA_VIEWED,2026-08-20T20:01:00,mobile_app
ACT-01159,O00733,C0189,ETA_VIEWED,2026-08-13T20:39:00,mobile_app
ACT-01160,O00908,C0459,ETA_VIEWED,2026-08-14T21:25:00,mobile_app
ACT-01161,O00908,C0459,ETA_VIEWED,2026-08-14T21:35:00,mobile_app
ACT-01162,O00908,C0459,ETA_VIEWED,2026-08-14T21:20:00,mobile_app
ACT-01163,O00022,C0189,ETA_VIEWED,2026-08-26T11:50:00,mobile_app
ACT-01164,O00022,C0189,ETA_VIEWED,2026-08-26T11:49:00,mobile_app
ACT-01165,O00022,C0189,ETA_VIEWED,2026-08-26T11:57:00,mobile_app
ACT-01166,O00322,C0357,ETA_VIEWED,2026-08-28T13:36:00,mobile_app
ACT-01167,O00322,C0357,ETA_VIEWED,2026-08-28T13:38:00,mobile_app
ACT-01168,O00322,C0357,ETA_VIEWED,2026-08-28T13:40:00,mobile_app
ACT-01169,O00322,C0357,SUPPORT_OPENED,2026-08-28T14:42:18,mobile_app
ACT-01170,O01186,C0872,ETA_VIEWED,2026-08-06T18:51:00,mobile_app
ACT-01171,O00039,C0266,ETA_VIEWED,2026-08-11T22:03:00,mobile_app
ACT-01172,O00039,C0266,ETA_VIEWED,2026-08-11T22:23:00,mobile_app
ACT-01173,O01597,C0174,ETA_VIEWED,2026-08-22T20:05:00,mobile_app
ACT-01174,O01597,C0174,ETA_VIEWED,2026-08-22T20:05:00,mobile_app
ACT-01175,O00549,C0245,ETA_VIEWED,2026-08-26T23:58:00,mobile_app
ACT-01176,O00549,C0245,ETA_VIEWED,2026-08-27T00:07:00,mobile_app
ACT-01177,O00549,C0245,ETA_VIEWED,2026-08-27T00:01:00,mobile_app
ACT-01178,O00419,C0729,ETA_VIEWED,2026-08-21T18:12:00,mobile_app
ACT-01179,O00419,C0729,ETA_VIEWED,2026-08-21T17:57:00,mobile_app
ACT-01180,O00419,C0729,ETA_VIEWED,2026-08-21T18:06:00,mobile_app
ACT-01181,O00979,C0450,ETA_VIEWED,2026-08-24T20:14:00,mobile_app
ACT-01182,O01543,C0040,ETA_VIEWED,2026-08-03T20:42:00,mobile_app
ACT-01183,O00784,C0825,ETA_VIEWED,2026-08-05T11:31:00,mobile_app
ACT-01184,O00784,C0825,ETA_VIEWED,2026-08-05T11:39:00,mobile_app
ACT-01185,O01569,C0516,ETA_VIEWED,2026-08-01T11:53:00,mobile_app
ACT-01186,O01569,C0516,ETA_VIEWED,2026-08-01T11:47:00,mobile_app
ACT-01187,O01569,C0516,ETA_VIEWED,2026-08-01T11:43:00,mobile_app
ACT-01188,O01569,C0516,SUPPORT_OPENED,2026-08-01T13:07:48,mobile_app
ACT-01189,O00962,C0484,ETA_VIEWED,2026-08-11T22:02:00,mobile_app
ACT-01190,O00962,C0484,ETA_VIEWED,2026-08-11T22:05:00,mobile_app
ACT-01191,O01386,C0217,ETA_VIEWED,2026-08-11T16:52:00,mobile_app
ACT-01192,O01386,C0217,ETA_VIEWED,2026-08-11T17:05:00,mobile_app
ACT-01193,O01386,C0217,ETA_VIEWED,2026-08-11T16:43:00,mobile_app
ACT-01194,O01273,C0716,ETA_VIEWED,2026-08-02T19:29:00,mobile_app
ACT-01195,O01011,C0654,ETA_VIEWED,2026-08-01T14:13:00,mobile_app
ACT-01196,O01011,C0654,ETA_VIEWED,2026-08-01T14:20:00,mobile_app
ACT-01197,O00704,C0167,ETA_VIEWED,2026-08-21T17:47:00,mobile_app
ACT-01198,O00704,C0167,ETA_VIEWED,2026-08-21T17:44:00,mobile_app
ACT-01199,O00704,C0167,ETA_VIEWED,2026-08-21T17:47:00,mobile_app
ACT-01200,O01371,C0594,ETA_VIEWED,2026-08-04T17:37:00,mobile_app
ACT-01201,O01371,C0594,ETA_VIEWED,2026-08-04T17:31:00,mobile_app
ACT-01202,O01371,C0594,ETA_VIEWED,2026-08-04T17:47:00,mobile_app
ACT-01203,O01351,C0205,ETA_VIEWED,2026-08-16T20:25:00,mobile_app
ACT-01204,O01351,C0205,ETA_VIEWED,2026-08-16T20:45:00,mobile_app
ACT-01205,O01351,C0205,SUPPORT_OPENED,2026-08-16T21:38:36,mobile_app
ACT-01206,O00575,C0327,ETA_VIEWED,2026-08-26T22:31:00,mobile_app
ACT-01207,O00575,C0327,ETA_VIEWED,2026-08-26T22:51:00,mobile_app
ACT-01208,O00575,C0327,ETA_VIEWED,2026-08-26T22:42:00,mobile_app
ACT-01209,O00870,C0166,ETA_VIEWED,2026-08-27T20:57:00,mobile_app
ACT-01210,O00870,C0166,ETA_VIEWED,2026-08-27T20:56:00,mobile_app
ACT-01211,O00537,C0649,ETA_VIEWED,2026-08-17T20:35:00,mobile_app
ACT-01212,O00537,C0649,ETA_VIEWED,2026-08-17T20:18:00,mobile_app
ACT-01213,O00537,C0649,ETA_VIEWED,2026-08-17T20:29:00,mobile_app
ACT-01214,O01313,C0838,ETA_VIEWED,2026-08-28T21:00:00,mobile_app
ACT-01215,O01313,C0838,SUPPORT_OPENED,2026-08-28T22:21:36,mobile_app
ACT-01216,O00213,C0832,ETA_VIEWED,2026-08-17T17:00:00,mobile_app
ACT-01217,O01589,C0434,ETA_VIEWED,2026-08-15T20:51:00,mobile_app
ACT-01218,O01589,C0434,ETA_VIEWED,2026-08-15T20:56:00,mobile_app
ACT-01219,O01589,C0434,ETA_VIEWED,2026-08-15T20:53:00,mobile_app
ACT-01220,O01250,C0222,ETA_VIEWED,2026-08-22T18:37:00,mobile_app
ACT-01221,O01250,C0222,ETA_VIEWED,2026-08-22T18:46:00,mobile_app
ACT-01222,O01250,C0222,ETA_VIEWED,2026-08-22T18:50:00,mobile_app
ACT-01223,O00740,C0583,ETA_VIEWED,2026-08-24T22:08:00,mobile_app
ACT-01224,O00740,C0583,ETA_VIEWED,2026-08-24T22:06:00,mobile_app
ACT-01225,O00740,C0583,ETA_VIEWED,2026-08-24T22:22:00,mobile_app
ACT-01226,O00579,C0541,ETA_VIEWED,2026-08-14T13:06:00,mobile_app
ACT-01227,O00579,C0541,ETA_VIEWED,2026-08-14T12:46:00,mobile_app
ACT-01228,O01460,C0811,ETA_VIEWED,2026-08-16T13:08:00,mobile_app
ACT-01229,O00451,C0549,ETA_VIEWED,2026-08-28T19:56:00,mobile_app
ACT-01230,O00966,C0784,ETA_VIEWED,2026-08-06T20:38:00,mobile_app
ACT-01231,O00891,C0733,ETA_VIEWED,2026-08-22T22:59:00,mobile_app
ACT-01232,O00891,C0733,ETA_VIEWED,2026-08-22T22:56:00,mobile_app
ACT-01233,O00690,C0667,ETA_VIEWED,2026-08-16T20:06:00,mobile_app
ACT-01234,O00755,C0710,ETA_VIEWED,2026-08-24T20:22:00,mobile_app
ACT-01235,O00755,C0710,ETA_VIEWED,2026-08-24T20:24:00,mobile_app
ACT-01236,O00755,C0710,SUPPORT_OPENED,2026-08-24T21:20:15.438321,mobile_app
ACT-01237,O00624,C0464,ETA_VIEWED,2026-08-26T13:46:00,mobile_app
ACT-01238,O00430,C0202,ETA_VIEWED,2026-08-23T18:33:00,mobile_app
ACT-01239,O01170,C0125,ETA_VIEWED,2026-08-05T20:40:00,mobile_app
ACT-01240,O01170,C0125,ETA_VIEWED,2026-08-05T20:47:00,mobile_app
ACT-01241,O01170,C0125,ETA_VIEWED,2026-08-05T20:53:00,mobile_app
ACT-01242,O01170,C0125,SUPPORT_OPENED,2026-08-05T21:56:36,mobile_app
ACT-01243,O01523,C0479,ETA_VIEWED,2026-08-03T19:08:00,mobile_app
ACT-01244,O01181,C0194,ETA_VIEWED,2026-08-28T13:02:00,mobile_app
ACT-01245,O01181,C0194,ETA_VIEWED,2026-08-28T12:54:00,mobile_app
ACT-01246,O01181,C0194,ETA_VIEWED,2026-08-28T13:06:00,mobile_app
ACT-01247,O01347,C0771,ETA_VIEWED,2026-08-12T22:56:00,mobile_app
ACT-01248,O01347,C0771,ETA_VIEWED,2026-08-12T22:35:00,mobile_app
ACT-01249,O01347,C0771,ETA_VIEWED,2026-08-12T22:51:00,mobile_app
ACT-01250,O00527,C0480,ETA_VIEWED,2026-08-22T21:16:00,mobile_app
ACT-01251,O00527,C0480,ETA_VIEWED,2026-08-22T21:18:00,mobile_app
ACT-01252,O00527,C0480,ETA_VIEWED,2026-08-22T21:18:00,mobile_app
ACT-01253,O00360,C0682,ETA_VIEWED,2026-08-05T13:32:00,mobile_app
ACT-01254,O00360,C0682,ETA_VIEWED,2026-08-05T13:32:00,mobile_app
ACT-01255,O00076,C0876,ETA_VIEWED,2026-08-21T17:34:00,mobile_app
ACT-01256,O00076,C0876,ETA_VIEWED,2026-08-21T17:30:00,mobile_app
ACT-01257,O00337,C0864,ETA_VIEWED,2026-08-16T18:43:00,mobile_app
ACT-01258,O00337,C0864,ETA_VIEWED,2026-08-16T18:36:00,mobile_app
ACT-01259,O00337,C0864,ETA_VIEWED,2026-08-16T18:50:00,mobile_app
ACT-01260,O00535,C0299,ETA_VIEWED,2026-08-04T12:10:00,mobile_app
ACT-01261,O00535,C0299,ETA_VIEWED,2026-08-04T12:24:00,mobile_app
ACT-01262,O00535,C0299,ETA_VIEWED,2026-08-04T12:04:00,mobile_app
ACT-01263,O00578,C0789,ETA_VIEWED,2026-08-21T11:55:00,mobile_app
ACT-01264,O00578,C0789,ETA_VIEWED,2026-08-21T11:53:00,mobile_app
ACT-01265,O01071,C0379,ETA_VIEWED,2026-08-23T22:48:00,mobile_app
ACT-01266,O01459,C0198,ETA_VIEWED,2026-08-04T19:06:00,mobile_app
ACT-01267,O01459,C0198,ETA_VIEWED,2026-08-04T19:09:00,mobile_app
ACT-01268,O01459,C0198,ETA_VIEWED,2026-08-04T18:50:00,mobile_app
ACT-01269,O00300,C0331,ETA_VIEWED,2026-08-02T21:04:00,mobile_app
ACT-01270,O01285,C0886,ETA_VIEWED,2026-08-16T12:58:00,mobile_app
ACT-01271,O01223,C0380,ETA_VIEWED,2026-08-01T12:29:00,mobile_app
ACT-01272,O01457,C0703,ETA_VIEWED,2026-08-20T13:26:00,mobile_app
ACT-01273,O01457,C0703,ETA_VIEWED,2026-08-20T13:30:00,mobile_app
ACT-01274,O01293,C0512,ETA_VIEWED,2026-08-13T18:52:00,mobile_app
ACT-01275,O01293,C0512,ETA_VIEWED,2026-08-13T18:44:00,mobile_app
ACT-01276,O01293,C0512,SUPPORT_OPENED,2026-08-13T19:58:39.824553,mobile_app
ACT-01277,O00313,C0767,ETA_VIEWED,2026-08-11T18:18:00,mobile_app
ACT-01278,O00313,C0767,ETA_VIEWED,2026-08-11T18:16:00,mobile_app
ACT-01279,O00313,C0767,ETA_VIEWED,2026-08-11T18:26:00,mobile_app
ACT-01280,O00313,C0767,SUPPORT_OPENED,2026-08-11T19:24:48,mobile_app
ACT-01281,O00394,C0062,ETA_VIEWED,2026-08-01T20:14:00,mobile_app
ACT-01282,O00613,C0641,ETA_VIEWED,2026-08-01T19:06:00,mobile_app
ACT-01283,O00613,C0641,ETA_VIEWED,2026-08-01T19:09:00,mobile_app
ACT-01284,O00468,C0736,ETA_VIEWED,2026-08-25T19:30:00,mobile_app
ACT-01285,O00468,C0736,ETA_VIEWED,2026-08-25T19:43:00,mobile_app
ACT-01286,O00905,C0664,ETA_VIEWED,2026-08-04T15:29:00,mobile_app
ACT-01287,O00905,C0664,ETA_VIEWED,2026-08-04T15:36:00,mobile_app
ACT-01288,O00905,C0664,ETA_VIEWED,2026-08-04T15:40:00,mobile_app
ACT-01289,O01327,C0702,ETA_VIEWED,2026-08-18T22:52:00,mobile_app
ACT-01290,O01327,C0702,ETA_VIEWED,2026-08-18T22:45:00,mobile_app
ACT-01291,O01327,C0702,ETA_VIEWED,2026-08-18T22:32:00,mobile_app
ACT-01292,O00026,C0387,ETA_VIEWED,2026-08-18T22:48:00,mobile_app
ACT-01293,O00474,C0127,ETA_VIEWED,2026-08-04T23:10:00,mobile_app
ACT-01294,O00781,C0103,ETA_VIEWED,2026-08-22T12:54:00,mobile_app
ACT-01295,O01056,C0898,ETA_VIEWED,2026-08-06T20:10:00,mobile_app
ACT-01296,O01056,C0898,ETA_VIEWED,2026-08-06T20:32:00,mobile_app
ACT-01297,O01056,C0898,ETA_VIEWED,2026-08-06T20:33:00,mobile_app
ACT-01298,O00459,C0468,ETA_VIEWED,2026-08-15T15:56:00,mobile_app
ACT-01299,O00791,C0666,ETA_VIEWED,2026-08-22T19:01:00,mobile_app
ACT-01300,O01369,C0632,ETA_VIEWED,2026-08-24T14:52:00,mobile_app
ACT-01301,O01369,C0632,ETA_VIEWED,2026-08-24T15:06:00,mobile_app
ACT-01302,O01142,C0528,ETA_VIEWED,2026-08-26T13:13:00,mobile_app
ACT-01303,O01142,C0528,ETA_VIEWED,2026-08-26T13:13:00,mobile_app
ACT-01304,O01142,C0528,ETA_VIEWED,2026-08-26T13:17:00,mobile_app
ACT-01305,O00576,C0064,ETA_VIEWED,2026-08-27T21:10:00,mobile_app
ACT-01306,O00576,C0064,ETA_VIEWED,2026-08-27T21:24:00,mobile_app
ACT-01307,O00010,C0530,ETA_VIEWED,2026-08-22T13:32:00,mobile_app
ACT-01308,O00010,C0530,ETA_VIEWED,2026-08-22T13:51:00,mobile_app
ACT-01309,O00010,C0530,ETA_VIEWED,2026-08-22T13:50:00,mobile_app
ACT-01310,O01337,C0274,ETA_VIEWED,2026-08-21T23:59:00,mobile_app
ACT-01311,O01337,C0274,ETA_VIEWED,2026-08-22T00:07:00,mobile_app
ACT-01312,O01337,C0274,ETA_VIEWED,2026-08-22T00:10:00,mobile_app
ACT-01313,O00310,C0356,ETA_VIEWED,2026-08-28T20:24:00,mobile_app
ACT-01314,O00310,C0356,ETA_VIEWED,2026-08-28T20:40:00,mobile_app
ACT-01315,O00310,C0356,ETA_VIEWED,2026-08-28T20:28:00,mobile_app
ACT-01316,O01067,C0788,ETA_VIEWED,2026-08-19T18:52:00,mobile_app
ACT-01317,O01067,C0788,ETA_VIEWED,2026-08-19T19:03:00,mobile_app
ACT-01318,O01067,C0788,ETA_VIEWED,2026-08-19T18:59:00,mobile_app
ACT-01319,O00050,C0116,ETA_VIEWED,2026-08-22T14:47:00,mobile_app
ACT-01320,O00050,C0116,ETA_VIEWED,2026-08-22T14:45:00,mobile_app
ACT-01321,O00233,C0605,ETA_VIEWED,2026-08-27T00:10:00,mobile_app
ACT-01322,O00233,C0605,ETA_VIEWED,2026-08-26T23:53:00,mobile_app
ACT-01323,O00233,C0605,ETA_VIEWED,2026-08-26T23:58:00,mobile_app
ACT-01324,O01498,C0624,ETA_VIEWED,2026-08-07T20:43:00,mobile_app
ACT-01325,O01498,C0624,ETA_VIEWED,2026-08-07T20:59:00,mobile_app
ACT-01326,O00977,C0254,ETA_VIEWED,2026-08-27T12:45:00,mobile_app
ACT-01327,O00977,C0254,SUPPORT_OPENED,2026-08-27T13:36:32.251270,mobile_app
ACT-01328,O00153,C0274,ETA_VIEWED,2026-08-07T23:31:00,mobile_app
ACT-01329,O00153,C0274,ETA_VIEWED,2026-08-07T23:20:00,mobile_app
ACT-01330,O00153,C0274,ETA_VIEWED,2026-08-07T23:15:00,mobile_app
ACT-01331,O01099,C0016,ETA_VIEWED,2026-08-22T18:44:00,mobile_app
ACT-01332,O01099,C0016,ETA_VIEWED,2026-08-22T18:35:00,mobile_app
ACT-01333,O01099,C0016,ETA_VIEWED,2026-08-22T18:33:00,mobile_app
ACT-01334,O01099,C0016,SUPPORT_OPENED,2026-08-22T19:52:48,mobile_app
ACT-01335,O00592,C0378,ETA_VIEWED,2026-08-01T19:54:00,mobile_app
ACT-01336,O00592,C0378,ETA_VIEWED,2026-08-01T19:56:00,mobile_app
ACT-01337,O01343,C0859,ETA_VIEWED,2026-08-01T13:47:00,mobile_app
ACT-01338,O01343,C0859,ETA_VIEWED,2026-08-01T13:47:00,mobile_app
ACT-01339,O00083,C0404,ETA_VIEWED,2026-08-16T00:10:00,mobile_app
ACT-01340,O00853,C0335,ETA_VIEWED,2026-08-04T12:10:00,mobile_app
ACT-01341,O00825,C0023,ETA_VIEWED,2026-08-08T20:16:00,mobile_app
ACT-01342,O00825,C0023,ETA_VIEWED,2026-08-08T20:16:00,mobile_app
ACT-01343,O00874,C0133,ETA_VIEWED,2026-08-06T19:43:00,mobile_app
ACT-01344,O00874,C0133,ETA_VIEWED,2026-08-06T19:56:00,mobile_app
ACT-01345,O01129,C0866,ETA_VIEWED,2026-08-11T21:20:00,mobile_app
ACT-01346,O01129,C0866,ETA_VIEWED,2026-08-11T21:05:00,mobile_app
ACT-01347,O00987,C0617,ETA_VIEWED,2026-08-17T22:57:00,mobile_app
ACT-01348,O00987,C0617,ETA_VIEWED,2026-08-17T23:12:00,mobile_app
ACT-01349,O00925,C0896,ETA_VIEWED,2026-08-10T17:33:00,mobile_app
ACT-01350,O00925,C0896,SUPPORT_OPENED,2026-08-10T18:30:18,mobile_app
ACT-01351,O01302,C0116,ETA_VIEWED,2026-08-26T21:22:00,mobile_app
ACT-01352,O01302,C0116,ETA_VIEWED,2026-08-26T21:16:00,mobile_app
ACT-01353,O01302,C0116,ETA_VIEWED,2026-08-26T21:32:00,mobile_app
ACT-01354,O00069,C0341,ETA_VIEWED,2026-08-20T13:52:00,mobile_app
ACT-01355,O00597,C0060,ETA_VIEWED,2026-08-20T16:12:00,mobile_app
ACT-01356,O00075,C0055,ETA_VIEWED,2026-08-17T23:19:00,mobile_app
ACT-01357,O00075,C0055,ETA_VIEWED,2026-08-17T23:18:00,mobile_app
ACT-01358,O00075,C0055,ETA_VIEWED,2026-08-17T23:15:00,mobile_app
ACT-01359,O01557,C0377,ETA_VIEWED,2026-08-20T22:06:00,mobile_app
ACT-01360,O01557,C0377,ETA_VIEWED,2026-08-20T21:57:00,mobile_app
ACT-01361,O01557,C0377,ETA_VIEWED,2026-08-20T22:11:00,mobile_app
ACT-01362,O00315,C0141,ETA_VIEWED,2026-08-16T22:25:00,mobile_app
ACT-01363,O00315,C0141,ETA_VIEWED,2026-08-16T22:20:00,mobile_app
ACT-01364,O00315,C0141,ETA_VIEWED,2026-08-16T22:21:00,mobile_app
ACT-01365,O01370,C0383,ETA_VIEWED,2026-08-26T18:12:00,mobile_app
ACT-01366,O01370,C0383,ETA_VIEWED,2026-08-26T18:13:00,mobile_app
ACT-01367,O01370,C0383,ETA_VIEWED,2026-08-26T18:22:00,mobile_app
ACT-01368,O01522,C0494,ETA_VIEWED,2026-08-16T14:38:00,mobile_app
ACT-01369,O01522,C0494,ETA_VIEWED,2026-08-16T14:21:00,mobile_app
ACT-01370,O01300,C0045,ETA_VIEWED,2026-08-20T18:31:00,mobile_app
ACT-01371,O01300,C0045,ETA_VIEWED,2026-08-20T18:30:00,mobile_app
ACT-01372,O00436,C0841,ETA_VIEWED,2026-08-26T20:36:00,mobile_app
ACT-01373,O00436,C0841,ETA_VIEWED,2026-08-26T20:41:00,mobile_app
ACT-01374,O00248,C0089,ETA_VIEWED,2026-08-06T17:19:00,mobile_app
ACT-01375,O00248,C0089,ETA_VIEWED,2026-08-06T17:13:00,mobile_app
ACT-01376,O00248,C0089,ETA_VIEWED,2026-08-06T17:21:00,mobile_app
ACT-01377,O00489,C0344,ETA_VIEWED,2026-08-19T13:02:00,mobile_app
ACT-01378,O00489,C0344,ETA_VIEWED,2026-08-19T13:22:00,mobile_app
ACT-01379,O00516,C0001,ETA_VIEWED,2026-08-14T22:17:00,mobile_app
ACT-01380,O00516,C0001,ETA_VIEWED,2026-08-14T22:13:00,mobile_app
ACT-01381,O00516,C0001,ETA_VIEWED,2026-08-14T22:16:00,mobile_app
ACT-01382,O01564,C0262,ETA_VIEWED,2026-08-25T13:39:00,mobile_app
ACT-01383,O01564,C0262,ETA_VIEWED,2026-08-25T13:36:00,mobile_app
ACT-01384,O00464,C0113,ETA_VIEWED,2026-08-12T22:39:00,mobile_app
ACT-01385,O00261,C0715,ETA_VIEWED,2026-08-18T23:01:00,mobile_app
ACT-01386,O00261,C0715,ETA_VIEWED,2026-08-18T22:47:00,mobile_app
ACT-01387,O00371,C0215,ETA_VIEWED,2026-08-04T21:07:00,mobile_app
ACT-01388,O00283,C0094,ETA_VIEWED,2026-08-11T18:35:00,mobile_app
ACT-01389,O00283,C0094,ETA_VIEWED,2026-08-11T18:42:00,mobile_app
ACT-01390,O00283,C0094,ETA_VIEWED,2026-08-11T18:31:00,mobile_app
ACT-01391,O00240,C0850,ETA_VIEWED,2026-08-25T12:55:00,mobile_app
ACT-01392,O00240,C0850,ETA_VIEWED,2026-08-25T12:47:00,mobile_app
ACT-01393,O00240,C0850,SUPPORT_OPENED,2026-08-25T13:43:40.727261,mobile_app
ACT-01394,O00786,C0058,ETA_VIEWED,2026-08-15T17:19:00,mobile_app
ACT-01395,O01271,C0288,ETA_VIEWED,2026-08-21T19:12:00,mobile_app
ACT-01396,O01363,C0337,ETA_VIEWED,2026-08-14T20:22:00,mobile_app
ACT-01397,O01363,C0337,ETA_VIEWED,2026-08-14T20:24:00,mobile_app
ACT-01398,O01214,C0701,ETA_VIEWED,2026-08-26T12:55:00,mobile_app
ACT-01399,O01214,C0701,ETA_VIEWED,2026-08-26T12:58:00,mobile_app
ACT-01400,O01583,C0462,ETA_VIEWED,2026-08-08T19:04:00,mobile_app
ACT-01401,O01583,C0462,ETA_VIEWED,2026-08-08T19:15:00,mobile_app
ACT-01402,O01576,C0594,ETA_VIEWED,2026-08-27T13:17:00,mobile_app
ACT-01403,O00256,C0289,ETA_VIEWED,2026-08-06T13:12:00,mobile_app
ACT-01404,O00256,C0289,ETA_VIEWED,2026-08-06T13:05:00,mobile_app
ACT-01405,O00256,C0289,ETA_VIEWED,2026-08-06T13:09:00,mobile_app
ACT-01406,O00256,C0289,SUPPORT_OPENED,2026-08-06T14:16:06,mobile_app
ACT-01407,O00715,C0215,ETA_VIEWED,2026-08-04T19:04:00,mobile_app
ACT-01408,O00715,C0215,ETA_VIEWED,2026-08-04T19:12:00,mobile_app
ACT-01409,O00715,C0215,SUPPORT_OPENED,2026-08-04T20:12:18,mobile_app
ACT-01410,O01301,C0342,ETA_VIEWED,2026-08-11T21:41:00,mobile_app
ACT-01411,O01301,C0342,ETA_VIEWED,2026-08-11T21:18:00,mobile_app
ACT-01412,O01364,C0078,ETA_VIEWED,2026-08-11T19:57:00,mobile_app
ACT-01413,O01364,C0078,ETA_VIEWED,2026-08-11T19:55:00,mobile_app
ACT-01414,O01364,C0078,ETA_VIEWED,2026-08-11T20:02:00,mobile_app
ACT-01415,O00403,C0240,ETA_VIEWED,2026-08-16T23:05:00,mobile_app
ACT-01416,O00403,C0240,ETA_VIEWED,2026-08-16T22:54:00,mobile_app
ACT-01417,O00403,C0240,ETA_VIEWED,2026-08-16T22:59:00,mobile_app
ACT-01418,O00403,C0240,SUPPORT_OPENED,2026-08-17T00:26:24,mobile_app
ACT-01419,O01393,C0011,ETA_VIEWED,2026-08-04T23:31:00,mobile_app
ACT-01420,O01393,C0011,ETA_VIEWED,2026-08-04T23:42:00,mobile_app
ACT-01421,O00126,C0834,ETA_VIEWED,2026-08-03T20:42:00,mobile_app
ACT-01422,O00126,C0834,ETA_VIEWED,2026-08-03T20:46:00,mobile_app
ACT-01423,O00126,C0834,SUPPORT_OPENED,2026-08-03T22:15:48,mobile_app
ACT-01424,O00142,C0056,ETA_VIEWED,2026-08-19T17:41:00,mobile_app
ACT-01425,O00142,C0056,ETA_VIEWED,2026-08-19T17:30:00,mobile_app
ACT-01426,O00531,C0586,ETA_VIEWED,2026-08-06T14:04:00,mobile_app
ACT-01427,O00531,C0586,ETA_VIEWED,2026-08-06T14:03:00,mobile_app
ACT-01428,O00743,C0733,ETA_VIEWED,2026-08-05T21:32:00,mobile_app
ACT-01429,O01164,C0273,ETA_VIEWED,2026-08-28T19:07:00,mobile_app
ACT-01430,O01164,C0273,ETA_VIEWED,2026-08-28T19:24:00,mobile_app
ACT-01431,O01164,C0273,SUPPORT_OPENED,2026-08-28T20:25:06,mobile_app
ACT-01432,O01144,C0788,ETA_VIEWED,2026-08-26T22:26:00,mobile_app
ACT-01433,O01144,C0788,ETA_VIEWED,2026-08-26T22:20:00,mobile_app
ACT-01434,O01144,C0788,ETA_VIEWED,2026-08-26T22:13:00,mobile_app
ACT-01435,O01144,C0788,SUPPORT_OPENED,2026-08-26T23:39:18,mobile_app
ACT-01436,O00789,C0534,ETA_VIEWED,2026-08-19T22:51:00,mobile_app
ACT-01437,O00789,C0534,ETA_VIEWED,2026-08-19T22:34:00,mobile_app
ACT-01438,O00789,C0534,ETA_VIEWED,2026-08-19T22:42:00,mobile_app
ACT-01439,O00215,C0646,ETA_VIEWED,2026-08-07T15:59:00,mobile_app
ACT-01440,O00215,C0646,ETA_VIEWED,2026-08-07T16:02:00,mobile_app
ACT-01441,O00215,C0646,ETA_VIEWED,2026-08-07T15:55:00,mobile_app
ACT-01442,O01187,C0450,ETA_VIEWED,2026-08-26T20:21:00,mobile_app
ACT-01443,O01187,C0450,ETA_VIEWED,2026-08-26T20:11:00,mobile_app
ACT-01444,O00971,C0261,ETA_VIEWED,2026-08-13T16:28:00,mobile_app
ACT-01445,O01518,C0114,ETA_VIEWED,2026-08-15T14:14:00,mobile_app
ACT-01446,O01518,C0114,ETA_VIEWED,2026-08-15T14:13:00,mobile_app
ACT-01447,O01518,C0114,ETA_VIEWED,2026-08-15T14:17:00,mobile_app
ACT-01448,O00227,C0765,ETA_VIEWED,2026-08-04T11:42:00,mobile_app
ACT-01449,O00227,C0765,ETA_VIEWED,2026-08-04T11:57:00,mobile_app
ACT-01450,O00227,C0765,ETA_VIEWED,2026-08-04T11:43:00,mobile_app
ACT-01451,O00680,C0672,ETA_VIEWED,2026-08-22T20:21:00,mobile_app
ACT-01452,O00680,C0672,ETA_VIEWED,2026-08-22T20:28:00,mobile_app
ACT-01453,O00045,C0306,ETA_VIEWED,2026-08-14T13:34:00,mobile_app
ACT-01454,O00045,C0306,ETA_VIEWED,2026-08-14T13:22:00,mobile_app
ACT-01455,O00045,C0306,ETA_VIEWED,2026-08-14T13:12:00,mobile_app
ACT-01456,O00001,C0168,ETA_VIEWED,2026-08-13T13:21:00,mobile_app
ACT-01457,O00001,C0168,SUPPORT_OPENED,2026-08-13T14:20:36,mobile_app
ACT-01458,O01061,C0683,ETA_VIEWED,2026-08-01T18:17:00,mobile_app
ACT-01459,O01061,C0683,ETA_VIEWED,2026-08-01T18:23:00,mobile_app
ACT-01460,O01192,C0020,ETA_VIEWED,2026-08-03T19:05:00,mobile_app
ACT-01461,O01192,C0020,ETA_VIEWED,2026-08-03T19:08:00,mobile_app
ACT-01462,O01465,C0075,ETA_VIEWED,2026-08-01T22:26:00,mobile_app
ACT-01463,O01465,C0075,ETA_VIEWED,2026-08-01T22:42:00,mobile_app
ACT-01464,O00166,C0423,ETA_VIEWED,2026-08-11T12:51:00,mobile_app
ACT-01465,O01346,C0574,ETA_VIEWED,2026-08-19T19:24:00,mobile_app
ACT-01466,O01275,C0244,ETA_VIEWED,2026-08-17T20:55:00,mobile_app
ACT-01467,O00121,C0008,ETA_VIEWED,2026-08-14T19:27:00,mobile_app
ACT-01468,O01436,C0376,ETA_VIEWED,2026-08-28T19:43:00,mobile_app
ACT-01469,O01193,C0316,ETA_VIEWED,2026-08-03T13:34:00,mobile_app
ACT-01470,O00135,C0834,ETA_VIEWED,2026-08-26T17:23:00,mobile_app
ACT-01471,O01490,C0238,ETA_VIEWED,2026-08-27T22:52:00,mobile_app
ACT-01472,O01490,C0238,ETA_VIEWED,2026-08-27T22:58:00,mobile_app
ACT-01473,O01490,C0238,ETA_VIEWED,2026-08-27T23:13:00,mobile_app
ACT-01474,O00609,C0292,ETA_VIEWED,2026-08-17T20:07:00,mobile_app
ACT-01475,O00914,C0281,ETA_VIEWED,2026-08-07T22:40:00,mobile_app
ACT-01476,O00914,C0281,ETA_VIEWED,2026-08-07T22:36:00,mobile_app
ACT-01477,O00513,C0109,ETA_VIEWED,2026-08-06T11:46:00,mobile_app
ACT-01478,O00513,C0109,ETA_VIEWED,2026-08-06T11:54:00,mobile_app
ACT-01479,O00513,C0109,SUPPORT_OPENED,2026-08-06T13:04:48,mobile_app
ACT-01480,O00513,C0109,CANCEL_ATTEMPTED,2026-08-06T13:02:48,mobile_app
ACT-01481,O00780,C0580,ETA_VIEWED,2026-08-21T12:40:00,mobile_app
ACT-01482,O00780,C0580,ETA_VIEWED,2026-08-21T12:40:00,mobile_app
ACT-01483,O00780,C0580,ETA_VIEWED,2026-08-21T12:41:00,mobile_app
ACT-01484,O01575,C0035,ETA_VIEWED,2026-08-26T12:31:00,mobile_app
ACT-01485,O00985,C0579,ETA_VIEWED,2026-08-26T20:23:00,mobile_app
ACT-01486,O00681,C0375,ETA_VIEWED,2026-08-21T13:21:00,mobile_app
ACT-01487,O00681,C0375,ETA_VIEWED,2026-08-21T13:21:00,mobile_app
ACT-01488,O00681,C0375,ETA_VIEWED,2026-08-21T13:33:00,mobile_app
ACT-01489,O00832,C0643,ETA_VIEWED,2026-08-06T20:57:00,mobile_app
ACT-01490,O00208,C0066,ETA_VIEWED,2026-08-27T12:42:00,mobile_app
ACT-01491,O00208,C0066,ETA_VIEWED,2026-08-27T12:59:00,mobile_app
ACT-01492,O00208,C0066,ETA_VIEWED,2026-08-27T12:53:00,mobile_app
ACT-01493,O01068,C0244,ETA_VIEWED,2026-08-15T21:17:00,mobile_app
ACT-01494,O01068,C0244,ETA_VIEWED,2026-08-15T21:17:00,mobile_app
ACT-01495,O01060,C0057,ETA_VIEWED,2026-08-26T15:29:00,mobile_app
ACT-01496,O01060,C0057,ETA_VIEWED,2026-08-26T15:23:00,mobile_app
ACT-01497,O01060,C0057,ETA_VIEWED,2026-08-26T15:28:00,mobile_app
ACT-01498,O00211,C0629,ETA_VIEWED,2026-08-22T19:47:00,mobile_app
ACT-01499,O00211,C0629,ETA_VIEWED,2026-08-22T19:54:00,mobile_app
ACT-01500,O00211,C0629,ETA_VIEWED,2026-08-22T19:37:00,mobile_app
ACT-01501,O00211,C0629,SUPPORT_OPENED,2026-08-22T20:30:31.293362,mobile_app
ACT-01502,O00906,C0203,ETA_VIEWED,2026-08-25T19:39:00,mobile_app
ACT-01503,O00906,C0203,ETA_VIEWED,2026-08-25T20:00:00,mobile_app
ACT-01504,O00906,C0203,ETA_VIEWED,2026-08-25T19:49:00,mobile_app
ACT-01505,O00456,C0746,ETA_VIEWED,2026-08-01T19:53:00,mobile_app
ACT-01506,O00456,C0746,ETA_VIEWED,2026-08-01T19:48:00,mobile_app
ACT-01507,O00168,C0577,ETA_VIEWED,2026-08-12T19:16:00,mobile_app
ACT-01508,O00168,C0577,ETA_VIEWED,2026-08-12T19:18:00,mobile_app
ACT-01509,O00168,C0577,ETA_VIEWED,2026-08-12T19:17:00,mobile_app
ACT-01510,O00438,C0376,ETA_VIEWED,2026-08-11T17:27:00,mobile_app
ACT-01511,O00438,C0376,ETA_VIEWED,2026-08-11T17:11:00,mobile_app
ACT-01512,O00438,C0376,ETA_VIEWED,2026-08-11T17:12:00,mobile_app
ACT-01513,O00975,C0446,ETA_VIEWED,2026-08-21T17:51:00,mobile_app
ACT-01514,O00391,C0024,ETA_VIEWED,2026-08-16T20:24:00,mobile_app
ACT-01515,O01272,C0807,ETA_VIEWED,2026-08-22T19:24:00,mobile_app
ACT-01516,O01272,C0807,ETA_VIEWED,2026-08-22T19:12:00,mobile_app
ACT-01517,O01272,C0807,SUPPORT_OPENED,2026-08-22T20:13:44.751184,mobile_app
ACT-01518,O01135,C0721,ETA_VIEWED,2026-08-23T17:39:00,mobile_app
ACT-01519,O00992,C0568,ETA_VIEWED,2026-08-04T13:29:00,mobile_app
ACT-01520,O00992,C0568,ETA_VIEWED,2026-08-04T13:24:00,mobile_app
ACT-01521,O00015,C0578,ETA_VIEWED,2026-08-16T19:35:00,mobile_app
ACT-01522,O00015,C0578,ETA_VIEWED,2026-08-16T19:37:00,mobile_app
ACT-01523,O01452,C0024,ETA_VIEWED,2026-08-14T12:26:00,mobile_app
ACT-01524,O01452,C0024,ETA_VIEWED,2026-08-14T12:33:00,mobile_app
ACT-01525,O00175,C0062,ETA_VIEWED,2026-08-24T11:51:00,mobile_app
ACT-01526,O00175,C0062,ETA_VIEWED,2026-08-24T11:50:00,mobile_app
ACT-01527,O00611,C0655,ETA_VIEWED,2026-08-06T21:07:00,mobile_app
ACT-01528,O00552,C0509,ETA_VIEWED,2026-08-23T13:57:00,mobile_app
ACT-01529,O00552,C0509,ETA_VIEWED,2026-08-23T13:57:00,mobile_app
ACT-01530,O00034,C0356,ETA_VIEWED,2026-08-25T17:39:00,mobile_app
ACT-01531,O00034,C0356,ETA_VIEWED,2026-08-25T17:52:00,mobile_app
ACT-01532,O00034,C0356,ETA_VIEWED,2026-08-25T17:46:00,mobile_app
ACT-01533,O01125,C0249,ETA_VIEWED,2026-08-18T18:25:00,mobile_app
ACT-01534,O01423,C0016,ETA_VIEWED,2026-08-14T18:43:00,mobile_app
ACT-01535,O01423,C0016,ETA_VIEWED,2026-08-14T18:54:00,mobile_app
ACT-01536,O00448,C0284,ETA_VIEWED,2026-08-11T17:39:00,mobile_app
ACT-01537,O00634,C0366,ETA_VIEWED,2026-08-02T23:50:00,mobile_app
ACT-01538,O01124,C0176,ETA_VIEWED,2026-08-19T13:07:00,mobile_app
ACT-01539,O01326,C0051,ETA_VIEWED,2026-08-23T14:21:00,mobile_app
ACT-01540,O01326,C0051,ETA_VIEWED,2026-08-23T14:08:00,mobile_app
ACT-01541,O00157,C0663,ETA_VIEWED,2026-08-13T22:18:00,mobile_app
ACT-01542,O00157,C0663,ETA_VIEWED,2026-08-13T22:36:00,mobile_app
ACT-01543,O00157,C0663,ETA_VIEWED,2026-08-13T22:39:00,mobile_app
ACT-01544,O00615,C0486,ETA_VIEWED,2026-08-16T19:28:00,mobile_app
ACT-01545,O00615,C0486,ETA_VIEWED,2026-08-16T19:15:00,mobile_app
ACT-01546,O01526,C0842,ETA_VIEWED,2026-08-11T11:34:00,mobile_app
ACT-01547,O01322,C0460,ETA_VIEWED,2026-08-22T21:01:00,mobile_app
ACT-01548,O01469,C0832,ETA_VIEWED,2026-08-17T18:34:00,mobile_app
ACT-01549,O01469,C0832,ETA_VIEWED,2026-08-17T18:45:00,mobile_app
ACT-01550,O00767,C0425,ETA_VIEWED,2026-08-17T11:36:00,mobile_app
ACT-01551,O00665,C0127,ETA_VIEWED,2026-08-26T20:02:00,mobile_app
ACT-01552,O00665,C0127,ETA_VIEWED,2026-08-26T19:51:00,mobile_app
ACT-01553,O00665,C0127,ETA_VIEWED,2026-08-26T20:07:00,mobile_app
ACT-01554,O01003,C0622,ETA_VIEWED,2026-08-15T12:37:00,mobile_app
ACT-01555,O01003,C0622,ETA_VIEWED,2026-08-15T12:59:00,mobile_app
ACT-01556,O00584,C0107,ETA_VIEWED,2026-08-26T13:35:00,mobile_app
ACT-01557,O00584,C0107,ETA_VIEWED,2026-08-26T13:33:00,mobile_app
ACT-01558,O00584,C0107,ETA_VIEWED,2026-08-26T13:24:00,mobile_app
ACT-01559,O00345,C0190,ETA_VIEWED,2026-08-16T19:22:00,mobile_app
ACT-01560,O00345,C0190,ETA_VIEWED,2026-08-16T19:13:00,mobile_app
ACT-01561,O00345,C0190,SUPPORT_OPENED,2026-08-16T20:40:58.837917,mobile_app
ACT-01562,O01329,C0436,ETA_VIEWED,2026-08-10T18:32:00,mobile_app
ACT-01563,O01329,C0436,ETA_VIEWED,2026-08-10T18:24:00,mobile_app
ACT-01564,O00086,C0011,ETA_VIEWED,2026-08-04T18:46:00,mobile_app
ACT-01565,O00086,C0011,ETA_VIEWED,2026-08-04T18:28:00,mobile_app
ACT-01566,O01284,C0432,ETA_VIEWED,2026-08-12T21:01:00,mobile_app
ACT-01567,O01284,C0432,ETA_VIEWED,2026-08-12T20:55:00,mobile_app
ACT-01568,O01284,C0432,ETA_VIEWED,2026-08-12T20:57:00,mobile_app
ACT-01569,O00013,C0317,ETA_VIEWED,2026-08-23T19:43:00,mobile_app
ACT-01570,O00423,C0757,ETA_VIEWED,2026-08-20T20:15:00,mobile_app
ACT-01571,O00423,C0757,SUPPORT_OPENED,2026-08-20T21:26:47.938614,mobile_app
ACT-01572,O01000,C0877,ETA_VIEWED,2026-08-26T16:10:00,mobile_app
ACT-01573,O00212,C0773,ETA_VIEWED,2026-08-20T19:28:00,mobile_app
ACT-01574,O00212,C0773,ETA_VIEWED,2026-08-20T19:33:00,mobile_app
ACT-01575,O00844,C0588,ETA_VIEWED,2026-08-25T12:44:00,mobile_app
ACT-01576,O00844,C0588,ETA_VIEWED,2026-08-25T13:00:00,mobile_app
ACT-01577,O01188,C0137,ETA_VIEWED,2026-08-08T14:48:00,mobile_app
ACT-01578,O00487,C0894,ETA_VIEWED,2026-08-24T17:20:00,mobile_app
ACT-01579,O00487,C0894,ETA_VIEWED,2026-08-24T17:29:00,mobile_app
ACT-01580,O00896,C0653,ETA_VIEWED,2026-08-14T12:48:00,mobile_app
ACT-01581,O00896,C0653,ETA_VIEWED,2026-08-14T12:31:00,mobile_app
ACT-01582,O00509,C0519,ETA_VIEWED,2026-08-02T12:57:00,mobile_app
ACT-01583,O00509,C0519,ETA_VIEWED,2026-08-02T12:39:00,mobile_app
ACT-01584,O00418,C0476,ETA_VIEWED,2026-08-16T18:59:00,mobile_app
ACT-01585,O01377,C0099,ETA_VIEWED,2026-08-13T20:57:00,mobile_app
ACT-01586,O01377,C0099,ETA_VIEWED,2026-08-13T20:59:00,mobile_app
ACT-01587,O01377,C0099,ETA_VIEWED,2026-08-13T20:40:00,mobile_app
ACT-01588,O01194,C0775,ETA_VIEWED,2026-08-27T12:11:00,mobile_app
ACT-01589,O01194,C0775,ETA_VIEWED,2026-08-27T12:05:00,mobile_app
ACT-01590,O00112,C0404,ETA_VIEWED,2026-08-09T12:48:00,mobile_app
ACT-01591,O00112,C0404,ETA_VIEWED,2026-08-09T12:41:00,mobile_app
ACT-01592,O01588,C0239,ETA_VIEWED,2026-08-20T18:27:00,mobile_app
ACT-01593,O01588,C0239,ETA_VIEWED,2026-08-20T18:23:00,mobile_app
ACT-01594,O01588,C0239,SUPPORT_OPENED,2026-08-20T19:21:42.427956,mobile_app
ACT-01595,O01009,C0148,ETA_VIEWED,2026-08-22T12:50:00,mobile_app
ACT-01596,O01033,C0069,ETA_VIEWED,2026-08-25T20:48:00,mobile_app
ACT-01597,O01033,C0069,ETA_VIEWED,2026-08-25T20:31:00,mobile_app
ACT-01598,O01033,C0069,ETA_VIEWED,2026-08-25T20:33:00,mobile_app
ACT-01599,O00862,C0067,ETA_VIEWED,2026-08-09T18:35:00,mobile_app
ACT-01600,O00862,C0067,SUPPORT_OPENED,2026-08-09T19:55:18,mobile_app
ACT-01601,O01185,C0881,ETA_VIEWED,2026-08-04T18:46:00,mobile_app
ACT-01602,O01185,C0881,ETA_VIEWED,2026-08-04T18:41:00,mobile_app
ACT-01603,O01185,C0881,SUPPORT_OPENED,2026-08-04T19:47:18,mobile_app
ACT-01604,O00636,C0824,ETA_VIEWED,2026-08-12T18:26:00,mobile_app
ACT-01605,O00636,C0824,ETA_VIEWED,2026-08-12T18:13:00,mobile_app
ACT-01606,O00566,C0857,ETA_VIEWED,2026-08-10T21:51:00,mobile_app
ACT-01607,O00566,C0857,ETA_VIEWED,2026-08-10T21:53:00,mobile_app
ACT-01608,O00366,C0217,ETA_VIEWED,2026-08-05T15:08:00,mobile_app
ACT-01609,O00366,C0217,ETA_VIEWED,2026-08-05T15:10:00,mobile_app
ACT-01610,O00727,C0435,ETA_VIEWED,2026-08-28T21:43:00,mobile_app
ACT-01611,O00727,C0435,ETA_VIEWED,2026-08-28T21:57:00,mobile_app
ACT-01612,O00727,C0435,ETA_VIEWED,2026-08-28T21:59:00,mobile_app
ACT-01613,O01572,C0549,ETA_VIEWED,2026-08-04T18:04:00,mobile_app
ACT-01614,O01572,C0549,ETA_VIEWED,2026-08-04T17:53:00,mobile_app
ACT-01615,O01572,C0549,ETA_VIEWED,2026-08-04T18:07:00,mobile_app
ACT-01616,O01372,C0293,ETA_VIEWED,2026-08-16T17:05:00,mobile_app
ACT-01617,O01372,C0293,ETA_VIEWED,2026-08-16T17:20:00,mobile_app
ACT-01618,O01372,C0293,ETA_VIEWED,2026-08-16T17:26:00,mobile_app
ACT-01619,O01158,C0367,ETA_VIEWED,2026-08-15T19:53:00,mobile_app
ACT-01620,O01158,C0367,ETA_VIEWED,2026-08-15T19:52:00,mobile_app
ACT-01621,O01158,C0367,ETA_VIEWED,2026-08-15T19:57:00,mobile_app
ACT-01622,O01356,C0196,ETA_VIEWED,2026-08-05T16:56:00,mobile_app
ACT-01623,O00644,C0324,ETA_VIEWED,2026-08-24T22:33:00,mobile_app
ACT-01624,O00644,C0324,ETA_VIEWED,2026-08-24T22:36:00,mobile_app
ACT-01625,O01444,C0843,ETA_VIEWED,2026-08-06T13:23:00,mobile_app
ACT-01626,O00554,C0172,ETA_VIEWED,2026-08-06T18:27:00,mobile_app
ACT-01627,O00705,C0359,ETA_VIEWED,2026-08-22T19:37:00,mobile_app
ACT-01628,O00705,C0359,ETA_VIEWED,2026-08-22T19:33:00,mobile_app
ACT-01629,O00705,C0359,ETA_VIEWED,2026-08-22T19:37:00,mobile_app
ACT-01630,O00253,C0153,ETA_VIEWED,2026-08-06T18:22:00,mobile_app
ACT-01631,O00253,C0153,ETA_VIEWED,2026-08-06T18:34:00,mobile_app
ACT-01632,O00018,C0886,ETA_VIEWED,2026-08-24T13:51:00,mobile_app
ACT-01633,O00252,C0310,ETA_VIEWED,2026-08-11T19:07:00,mobile_app
ACT-01634,O00252,C0310,ETA_VIEWED,2026-08-11T19:16:00,mobile_app
ACT-01635,O00572,C0633,ETA_VIEWED,2026-08-16T21:04:00,mobile_app
ACT-01636,O00572,C0633,ETA_VIEWED,2026-08-16T20:49:00,mobile_app
ACT-01637,O01439,C0498,ETA_VIEWED,2026-08-03T11:50:00,mobile_app
ACT-01638,O01439,C0498,ETA_VIEWED,2026-08-03T12:01:00,mobile_app
ACT-01639,O00097,C0561,ETA_VIEWED,2026-08-26T20:05:00,mobile_app
ACT-01640,O00097,C0561,ETA_VIEWED,2026-08-26T19:47:00,mobile_app
ACT-01641,O00471,C0099,ETA_VIEWED,2026-08-07T17:04:00,mobile_app
ACT-01642,O00471,C0099,ETA_VIEWED,2026-08-07T17:12:00,mobile_app
ACT-01643,O00916,C0082,ETA_VIEWED,2026-08-02T18:55:00,mobile_app
ACT-01644,O00916,C0082,SUPPORT_OPENED,2026-08-02T20:01:36,mobile_app
ACT-01645,O01110,C0155,ETA_VIEWED,2026-08-24T19:36:00,mobile_app
ACT-01646,O01110,C0155,ETA_VIEWED,2026-08-24T19:45:00,mobile_app
ACT-01647,O01110,C0155,ETA_VIEWED,2026-08-24T19:54:00,mobile_app
ACT-01648,O01442,C0024,ETA_VIEWED,2026-08-16T11:09:00,mobile_app
ACT-01649,O01442,C0024,ETA_VIEWED,2026-08-16T11:28:00,mobile_app
ACT-01650,O01442,C0024,ETA_VIEWED,2026-08-16T11:29:00,mobile_app
ACT-01651,O00675,C0415,ETA_VIEWED,2026-08-22T21:24:00,mobile_app
ACT-01652,O00129,C0495,ETA_VIEWED,2026-08-12T12:59:00,mobile_app
ACT-01653,O00539,C0221,ETA_VIEWED,2026-08-06T14:57:00,mobile_app
ACT-01654,O00539,C0221,ETA_VIEWED,2026-08-06T14:53:00,mobile_app
ACT-01655,O00539,C0221,ETA_VIEWED,2026-08-06T14:55:00,mobile_app
ACT-01656,O00539,C0221,CANCEL_ATTEMPTED,2026-08-06T16:04:26.914278,mobile_app
ACT-01657,O01338,C0327,ETA_VIEWED,2026-08-05T15:12:00,mobile_app
ACT-01658,O01338,C0327,ETA_VIEWED,2026-08-05T15:17:00,mobile_app
ACT-01659,O01338,C0327,ETA_VIEWED,2026-08-05T15:22:00,mobile_app
ACT-01660,O01338,C0327,SUPPORT_OPENED,2026-08-05T16:34:48,mobile_app
ACT-01661,O01338,C0327,CANCEL_ATTEMPTED,2026-08-05T16:28:48,mobile_app
ACT-01662,O00380,C0536,ETA_VIEWED,2026-08-16T19:21:00,mobile_app
ACT-01663,O00380,C0536,ETA_VIEWED,2026-08-16T19:25:00,mobile_app
ACT-01664,O00380,C0536,ETA_VIEWED,2026-08-16T19:15:00,mobile_app
ACT-01665,O00506,C0274,ETA_VIEWED,2026-08-08T19:16:00,mobile_app
ACT-01666,O00506,C0274,ETA_VIEWED,2026-08-08T19:07:00,mobile_app
ACT-01667,O00482,C0093,ETA_VIEWED,2026-08-13T19:13:00,mobile_app
ACT-01668,O00482,C0093,ETA_VIEWED,2026-08-13T19:13:00,mobile_app
ACT-01669,O01261,C0821,ETA_VIEWED,2026-08-13T19:35:00,mobile_app
ACT-01670,O00162,C0348,ETA_VIEWED,2026-08-26T17:59:00,mobile_app
ACT-01671,O00162,C0348,ETA_VIEWED,2026-08-26T18:02:00,mobile_app
ACT-01672,O01391,C0408,ETA_VIEWED,2026-08-17T20:03:00,mobile_app
ACT-01673,O01332,C0585,ETA_VIEWED,2026-08-01T19:58:00,mobile_app
ACT-01674,O01332,C0585,ETA_VIEWED,2026-08-01T19:46:00,mobile_app
ACT-01675,O00279,C0648,ETA_VIEWED,2026-08-23T21:12:00,mobile_app
ACT-01676,O00279,C0648,ETA_VIEWED,2026-08-23T21:16:00,mobile_app
ACT-01677,O00279,C0648,ETA_VIEWED,2026-08-23T21:12:00,mobile_app
ACT-01678,O01106,C0268,ETA_VIEWED,2026-08-23T18:57:00,mobile_app
ACT-01679,O01106,C0268,ETA_VIEWED,2026-08-23T19:07:00,mobile_app
ACT-01680,O01106,C0268,ETA_VIEWED,2026-08-23T19:13:00,mobile_app
ACT-01681,O01106,C0268,CANCEL_ATTEMPTED,2026-08-23T19:48:53.750429,mobile_app
ACT-01682,O00598,C0700,ETA_VIEWED,2026-08-01T19:48:00,mobile_app
ACT-01683,O00598,C0700,ETA_VIEWED,2026-08-01T19:40:00,mobile_app
ACT-01684,O00598,C0700,ETA_VIEWED,2026-08-01T19:35:00,mobile_app
ACT-01685,O00041,C0008,ETA_VIEWED,2026-08-01T12:11:00,mobile_app
ACT-01686,O00041,C0008,ETA_VIEWED,2026-08-01T11:58:00,mobile_app
ACT-01687,O00041,C0008,ETA_VIEWED,2026-08-01T11:57:00,mobile_app
ACT-01688,O00882,C0155,ETA_VIEWED,2026-08-26T19:29:00,mobile_app
ACT-01689,O00882,C0155,ETA_VIEWED,2026-08-26T19:48:00,mobile_app
ACT-01690,O01488,C0694,ETA_VIEWED,2026-08-10T13:31:00,mobile_app
ACT-01691,O01488,C0694,ETA_VIEWED,2026-08-10T13:12:00,mobile_app
ACT-01692,O01178,C0581,ETA_VIEWED,2026-08-27T22:25:00,mobile_app
ACT-01693,O01178,C0581,ETA_VIEWED,2026-08-27T22:36:00,mobile_app
ACT-01694,O01178,C0581,ETA_VIEWED,2026-08-27T22:35:00,mobile_app
ACT-01695,O01401,C0598,ETA_VIEWED,2026-08-18T14:49:00,mobile_app
ACT-01696,O01401,C0598,ETA_VIEWED,2026-08-18T14:51:00,mobile_app
ACT-01697,O00398,C0225,ETA_VIEWED,2026-08-24T00:01:00,mobile_app
ACT-01698,O00398,C0225,ETA_VIEWED,2026-08-24T00:11:00,mobile_app
ACT-01699,O01484,C0282,ETA_VIEWED,2026-08-08T19:58:00,mobile_app
ACT-01700,O01484,C0282,ETA_VIEWED,2026-08-08T19:55:00,mobile_app
ACT-01701,O00957,C0167,ETA_VIEWED,2026-08-04T21:19:00,mobile_app
ACT-01702,O00957,C0167,ETA_VIEWED,2026-08-04T21:34:00,mobile_app
ACT-01703,O00957,C0167,ETA_VIEWED,2026-08-04T21:21:00,mobile_app
ACT-01704,O01040,C0601,ETA_VIEWED,2026-08-01T19:17:00,mobile_app
ACT-01705,O01040,C0601,ETA_VIEWED,2026-08-01T19:13:00,mobile_app
ACT-01706,O00558,C0391,ETA_VIEWED,2026-08-24T18:55:00,mobile_app
ACT-01707,O00558,C0391,ETA_VIEWED,2026-08-24T19:00:00,mobile_app
ACT-01708,O00830,C0553,ETA_VIEWED,2026-08-25T23:25:00,mobile_app
ACT-01709,O00830,C0553,ETA_VIEWED,2026-08-25T23:33:00,mobile_app
ACT-01710,O00830,C0553,ETA_VIEWED,2026-08-25T23:27:00,mobile_app
ACT-01711,O00375,C0707,ETA_VIEWED,2026-08-07T23:09:00,mobile_app
ACT-01712,O00375,C0707,ETA_VIEWED,2026-08-07T23:06:00,mobile_app
ACT-01713,O00375,C0707,ETA_VIEWED,2026-08-07T23:00:00,mobile_app
ACT-01714,O01413,C0356,ETA_VIEWED,2026-08-23T20:18:00,mobile_app
ACT-01715,O01413,C0356,ETA_VIEWED,2026-08-23T20:17:00,mobile_app
ACT-01716,O01161,C0551,ETA_VIEWED,2026-08-07T12:57:00,mobile_app
ACT-01717,O01161,C0551,ETA_VIEWED,2026-08-07T12:45:00,mobile_app
ACT-01718,O01538,C0029,ETA_VIEWED,2026-08-23T12:14:00,mobile_app
ACT-01719,O01538,C0029,ETA_VIEWED,2026-08-23T12:24:00,mobile_app
ACT-01720,O01538,C0029,ETA_VIEWED,2026-08-23T12:18:00,mobile_app
ACT-01721,O00746,C0834,ETA_VIEWED,2026-08-22T17:14:00,mobile_app
ACT-01722,O00746,C0834,ETA_VIEWED,2026-08-22T17:16:00,mobile_app
ACT-01723,O00746,C0834,ETA_VIEWED,2026-08-22T17:05:00,mobile_app
ACT-01724,O00047,C0285,ETA_VIEWED,2026-08-22T15:43:00,mobile_app
ACT-01725,O00047,C0285,ETA_VIEWED,2026-08-22T15:33:00,mobile_app
ACT-01726,O00047,C0285,SUPPORT_OPENED,2026-08-22T16:51:39.750546,mobile_app
ACT-01727,O01562,C0090,ETA_VIEWED,2026-08-15T11:30:00,mobile_app
ACT-01728,O00146,C0031,ETA_VIEWED,2026-08-08T00:16:00,mobile_app
ACT-01729,O00146,C0031,ETA_VIEWED,2026-08-08T00:08:00,mobile_app
ACT-01730,O00146,C0031,ETA_VIEWED,2026-08-08T00:20:00,mobile_app
ACT-01731,O01354,C0506,ETA_VIEWED,2026-08-25T13:32:00,mobile_app
ACT-01732,O01354,C0506,ETA_VIEWED,2026-08-25T13:20:00,mobile_app
ACT-01733,O01354,C0506,ETA_VIEWED,2026-08-25T13:40:00,mobile_app
ACT-01734,O01477,C0037,ETA_VIEWED,2026-08-20T14:03:00,mobile_app
ACT-01735,O01477,C0037,ETA_VIEWED,2026-08-20T13:58:00,mobile_app
ACT-01736,O01477,C0037,ETA_VIEWED,2026-08-20T14:03:00,mobile_app
ACT-01737,O00161,C0436,ETA_VIEWED,2026-08-28T18:56:00,mobile_app
ACT-01738,O01236,C0215,ETA_VIEWED,2026-08-28T18:11:00,mobile_app
ACT-01739,O01236,C0215,ETA_VIEWED,2026-08-28T17:56:00,mobile_app
ACT-01740,O00470,C0897,ETA_VIEWED,2026-08-08T16:40:00,mobile_app
ACT-01741,O00470,C0897,ETA_VIEWED,2026-08-08T16:43:00,mobile_app
ACT-01742,O01480,C0362,ETA_VIEWED,2026-08-04T16:04:00,mobile_app
ACT-01743,O01480,C0362,ETA_VIEWED,2026-08-04T16:02:00,mobile_app
ACT-01744,O00373,C0349,ETA_VIEWED,2026-08-02T19:07:00,mobile_app
ACT-01745,O00100,C0485,ETA_VIEWED,2026-08-18T23:19:00,mobile_app
ACT-01746,O00224,C0843,ETA_VIEWED,2026-08-03T18:40:00,mobile_app
ACT-01747,O00224,C0843,ETA_VIEWED,2026-08-03T18:30:00,mobile_app
ACT-01748,O00224,C0843,ETA_VIEWED,2026-08-03T18:42:00,mobile_app
ACT-01749,O01584,C0313,ETA_VIEWED,2026-08-22T20:59:00,mobile_app
ACT-01750,O00612,C0519,ETA_VIEWED,2026-08-16T18:25:00,mobile_app
ACT-01751,O00612,C0519,ETA_VIEWED,2026-08-16T18:33:00,mobile_app
ACT-01752,O00130,C0783,ETA_VIEWED,2026-08-15T21:12:00,mobile_app
ACT-01753,O01323,C0084,ETA_VIEWED,2026-08-10T12:38:00,mobile_app
ACT-01754,O01323,C0084,ETA_VIEWED,2026-08-10T12:40:00,mobile_app
ACT-01755,O01323,C0084,ETA_VIEWED,2026-08-10T12:25:00,mobile_app
ACT-01756,O01323,C0084,SUPPORT_OPENED,2026-08-10T13:49:36,mobile_app
ACT-01757,O00970,C0200,ETA_VIEWED,2026-08-22T21:58:00,mobile_app
ACT-01758,O00970,C0200,ETA_VIEWED,2026-08-22T22:01:00,mobile_app
ACT-01759,O00970,C0200,SUPPORT_OPENED,2026-08-22T22:57:59.517811,mobile_app
ACT-01760,O00232,C0384,ETA_VIEWED,2026-08-18T18:56:00,mobile_app
ACT-01761,O00894,C0875,ETA_VIEWED,2026-08-14T11:31:00,mobile_app
ACT-01762,O00289,C0796,ETA_VIEWED,2026-08-23T11:21:00,mobile_app
ACT-01763,O00289,C0796,ETA_VIEWED,2026-08-23T11:31:00,mobile_app
ACT-01764,O00289,C0796,ETA_VIEWED,2026-08-23T11:23:00,mobile_app
ACT-01765,O00757,C0785,ETA_VIEWED,2026-08-22T17:40:00,mobile_app
ACT-01766,O00757,C0785,ETA_VIEWED,2026-08-22T17:39:00,mobile_app
ACT-01767,O00206,C0691,ETA_VIEWED,2026-08-24T15:26:00,mobile_app
ACT-01768,O01341,C0478,ETA_VIEWED,2026-08-09T17:31:00,mobile_app
ACT-01769,O01341,C0478,ETA_VIEWED,2026-08-09T17:21:00,mobile_app
ACT-01770,O01341,C0478,ETA_VIEWED,2026-08-09T17:38:00,mobile_app
ACT-01771,O01212,C0807,ETA_VIEWED,2026-08-01T11:34:00,mobile_app
ACT-01772,O01212,C0807,ETA_VIEWED,2026-08-01T11:38:00,mobile_app
ACT-01773,O01212,C0807,ETA_VIEWED,2026-08-01T11:46:00,mobile_app
ACT-01774,O01212,C0807,SUPPORT_OPENED,2026-08-01T13:02:36,mobile_app
ACT-01775,O00630,C0348,ETA_VIEWED,2026-08-06T19:39:00,mobile_app
ACT-01776,O00630,C0348,ETA_VIEWED,2026-08-06T19:53:00,mobile_app
ACT-01777,O00630,C0348,ETA_VIEWED,2026-08-06T19:49:00,mobile_app
ACT-01778,O00163,C0251,ETA_VIEWED,2026-08-10T19:11:00,mobile_app
ACT-01779,O00163,C0251,ETA_VIEWED,2026-08-10T19:12:00,mobile_app
ACT-01780,O00163,C0251,ETA_VIEWED,2026-08-10T19:09:00,mobile_app
ACT-01781,O01345,C0161,ETA_VIEWED,2026-08-02T19:18:00,mobile_app
ACT-01782,O01345,C0161,ETA_VIEWED,2026-08-02T19:16:00,mobile_app
ACT-01783,O01345,C0161,ETA_VIEWED,2026-08-02T19:21:00,mobile_app
ACT-01784,O00668,C0839,ETA_VIEWED,2026-08-09T18:18:00,mobile_app
ACT-01785,O00668,C0839,ETA_VIEWED,2026-08-09T18:31:00,mobile_app
ACT-01786,O01339,C0604,ETA_VIEWED,2026-08-20T19:31:00,mobile_app
ACT-01787,O01339,C0604,ETA_VIEWED,2026-08-20T19:10:00,mobile_app
ACT-01788,O01339,C0604,ETA_VIEWED,2026-08-20T19:32:00,mobile_app
ACT-01789,O01390,C0499,ETA_VIEWED,2026-08-15T19:19:00,mobile_app
ACT-01790,O00742,C0474,ETA_VIEWED,2026-08-18T18:34:00,mobile_app
ACT-01791,O01565,C0671,ETA_VIEWED,2026-08-21T21:46:00,mobile_app
ACT-01792,O01600,C0107,ETA_VIEWED,2026-08-27T18:30:00,mobile_app
ACT-01793,O00499,C0277,ETA_VIEWED,2026-08-26T21:00:00,mobile_app
ACT-01794,O00499,C0277,ETA_VIEWED,2026-08-26T21:11:00,mobile_app
ACT-01795,O01008,C0027,ETA_VIEWED,2026-08-02T15:53:00,mobile_app
ACT-01796,O00533,C0095,ETA_VIEWED,2026-08-14T16:21:00,mobile_app
ACT-01797,O00533,C0095,ETA_VIEWED,2026-08-14T16:17:00,mobile_app
ACT-01798,O00533,C0095,SUPPORT_OPENED,2026-08-14T17:04:11.129602,mobile_app
ACT-01799,O00763,C0790,ETA_VIEWED,2026-08-18T19:37:00,mobile_app
ACT-01800,O00763,C0790,ETA_VIEWED,2026-08-18T19:32:00,mobile_app
ACT-01801,O00453,C0546,ETA_VIEWED,2026-08-26T22:24:00,mobile_app
ACT-01802,O00453,C0546,ETA_VIEWED,2026-08-26T22:08:00,mobile_app
ACT-01803,O00522,C0748,ETA_VIEWED,2026-08-16T20:14:00,mobile_app
ACT-01804,O01154,C0561,ETA_VIEWED,2026-08-06T21:13:00,mobile_app
ACT-01805,O01154,C0561,ETA_VIEWED,2026-08-06T20:53:00,mobile_app
ACT-01806,O01095,C0894,ETA_VIEWED,2026-08-10T19:36:00,mobile_app
ACT-01807,O00703,C0740,ETA_VIEWED,2026-08-20T18:32:00,mobile_app
ACT-01808,O00703,C0740,ETA_VIEWED,2026-08-20T18:22:00,mobile_app
ACT-01809,O01259,C0267,ETA_VIEWED,2026-08-17T17:33:00,mobile_app
ACT-01810,O00794,C0613,ETA_VIEWED,2026-08-13T14:34:00,mobile_app
ACT-01811,O00794,C0613,ETA_VIEWED,2026-08-13T14:34:00,mobile_app
ACT-01812,O00999,C0845,ETA_VIEWED,2026-08-28T14:19:00,mobile_app
ACT-01813,O00999,C0845,ETA_VIEWED,2026-08-28T14:05:00,mobile_app
ACT-01814,O00999,C0845,ETA_VIEWED,2026-08-28T14:05:00,mobile_app
ACT-01815,O00888,C0774,ETA_VIEWED,2026-08-08T12:55:00,mobile_app
ACT-01816,O01571,C0536,ETA_VIEWED,2026-08-26T18:58:00,mobile_app
ACT-01817,O01571,C0536,ETA_VIEWED,2026-08-26T19:01:00,mobile_app
ACT-01818,O00364,C0394,ETA_VIEWED,2026-08-12T17:58:00,mobile_app
ACT-01819,O00364,C0394,SUPPORT_OPENED,2026-08-12T19:04:11.775703,mobile_app
ACT-01820,O01408,C0499,ETA_VIEWED,2026-08-10T22:32:00,mobile_app
ACT-01821,O01408,C0499,ETA_VIEWED,2026-08-10T22:34:00,mobile_app
ACT-01822,O01547,C0877,ETA_VIEWED,2026-08-13T20:20:00,mobile_app
ACT-01823,O01547,C0877,ETA_VIEWED,2026-08-13T20:15:00,mobile_app
ACT-01824,O00312,C0056,ETA_VIEWED,2026-08-22T23:38:00,mobile_app
ACT-01825,O00861,C0183,ETA_VIEWED,2026-08-03T23:12:00,mobile_app
ACT-01826,O00861,C0183,ETA_VIEWED,2026-08-03T23:19:00,mobile_app
ACT-01827,O00861,C0183,ETA_VIEWED,2026-08-03T23:17:00,mobile_app
ACT-01828,O00186,C0099,ETA_VIEWED,2026-08-07T21:32:00,mobile_app
ACT-01829,O00186,C0099,ETA_VIEWED,2026-08-07T21:30:00,mobile_app
ACT-01830,O00646,C0468,ETA_VIEWED,2026-08-24T14:43:00,mobile_app
ACT-01831,O00646,C0468,ETA_VIEWED,2026-08-24T14:54:00,mobile_app
ACT-01832,O00263,C0511,ETA_VIEWED,2026-08-18T17:52:00,mobile_app
ACT-01833,O00263,C0511,ETA_VIEWED,2026-08-18T17:31:00,mobile_app
ACT-01834,O00263,C0511,ETA_VIEWED,2026-08-18T17:32:00,mobile_app
ACT-01835,O01114,C0352,ETA_VIEWED,2026-08-28T15:40:00,mobile_app
ACT-01836,O01114,C0352,ETA_VIEWED,2026-08-28T15:38:00,mobile_app
ACT-01837,O01114,C0352,ETA_VIEWED,2026-08-28T15:34:00,mobile_app
ACT-01838,O00141,C0168,ETA_VIEWED,2026-08-27T13:12:00,mobile_app
ACT-01839,O01456,C0207,ETA_VIEWED,2026-08-18T22:15:00,mobile_app
ACT-01840,O00642,C0072,ETA_VIEWED,2026-08-05T18:44:00,mobile_app
ACT-01841,O00642,C0072,ETA_VIEWED,2026-08-05T19:04:00,mobile_app
ACT-01842,O00878,C0815,ETA_VIEWED,2026-08-07T15:34:00,mobile_app
ACT-01843,O00878,C0815,ETA_VIEWED,2026-08-07T15:14:00,mobile_app
ACT-01844,O00476,C0889,ETA_VIEWED,2026-08-04T18:41:00,mobile_app
ACT-01845,O00476,C0889,ETA_VIEWED,2026-08-04T18:42:00,mobile_app
ACT-01846,O01084,C0823,ETA_VIEWED,2026-08-06T13:14:00,mobile_app
ACT-01847,O01084,C0823,ETA_VIEWED,2026-08-06T13:25:00,mobile_app
ACT-01848,O00990,C0637,ETA_VIEWED,2026-08-19T22:02:00,mobile_app
ACT-01849,O00990,C0637,ETA_VIEWED,2026-08-19T21:54:00,mobile_app
ACT-01850,O00990,C0637,ETA_VIEWED,2026-08-19T21:44:00,mobile_app
ACT-01851,O00103,C0389,ETA_VIEWED,2026-08-22T20:18:00,mobile_app
ACT-01852,O00103,C0389,ETA_VIEWED,2026-08-22T20:38:00,mobile_app
ACT-01853,O01429,C0474,ETA_VIEWED,2026-08-15T23:12:00,mobile_app
ACT-01854,O01429,C0474,ETA_VIEWED,2026-08-15T23:06:00,mobile_app
ACT-01855,O01429,C0474,ETA_VIEWED,2026-08-15T23:15:00,mobile_app
ACT-01856,O00358,C0207,ETA_VIEWED,2026-08-28T21:08:00,mobile_app
ACT-01857,O00358,C0207,ETA_VIEWED,2026-08-28T21:17:00,mobile_app
ACT-01858,O00504,C0716,ETA_VIEWED,2026-08-20T19:20:00,mobile_app
ACT-01859,O00504,C0716,ETA_VIEWED,2026-08-20T19:25:00,mobile_app
ACT-01860,O00222,C0118,ETA_VIEWED,2026-08-17T20:42:00,mobile_app
ACT-01861,O00222,C0118,ETA_VIEWED,2026-08-17T20:53:00,mobile_app
ACT-01862,O01558,C0629,ETA_VIEWED,2026-08-20T19:14:00,mobile_app
ACT-01863,O01558,C0629,ETA_VIEWED,2026-08-20T19:24:00,mobile_app
ACT-01864,O01291,C0301,ETA_VIEWED,2026-08-01T11:38:00,mobile_app
ACT-01865,O01291,C0301,ETA_VIEWED,2026-08-01T11:41:00,mobile_app
ACT-01866,O01291,C0301,SUPPORT_OPENED,2026-08-01T12:47:36,mobile_app
ACT-01867,O01483,C0731,ETA_VIEWED,2026-08-11T21:26:00,mobile_app
ACT-01868,O01483,C0731,ETA_VIEWED,2026-08-11T21:27:00,mobile_app
ACT-01869,O01483,C0731,ETA_VIEWED,2026-08-11T21:28:00,mobile_app
ACT-01870,O00158,C0119,ETA_VIEWED,2026-08-02T14:19:00,mobile_app
ACT-01871,O00319,C0318,ETA_VIEWED,2026-08-14T18:29:00,mobile_app
ACT-01872,O00319,C0318,ETA_VIEWED,2026-08-14T18:27:00,mobile_app
ACT-01873,O00769,C0318,ETA_VIEWED,2026-08-10T13:10:00,mobile_app
ACT-01874,O00858,C0528,ETA_VIEWED,2026-08-02T19:11:00,mobile_app
ACT-01875,O00858,C0528,ETA_VIEWED,2026-08-02T19:10:00,mobile_app
ACT-01876,O00858,C0528,ETA_VIEWED,2026-08-02T18:56:00,mobile_app
ACT-01877,O00869,C0519,ETA_VIEWED,2026-08-09T21:11:00,mobile_app
ACT-01878,O00869,C0519,ETA_VIEWED,2026-08-09T21:15:00,mobile_app
ACT-01879,O00869,C0519,ETA_VIEWED,2026-08-09T20:57:00,mobile_app
ACT-01880,O00209,C0711,ETA_VIEWED,2026-08-15T13:07:00,mobile_app
ACT-01881,O00209,C0711,ETA_VIEWED,2026-08-15T12:56:00,mobile_app
ACT-01882,O00937,C0889,ETA_VIEWED,2026-08-28T23:45:00,mobile_app
ACT-01883,O00937,C0889,ETA_VIEWED,2026-08-28T23:56:00,mobile_app
ACT-01884,O00937,C0889,ETA_VIEWED,2026-08-28T23:55:00,mobile_app
ACT-01885,O00831,C0880,ETA_VIEWED,2026-08-25T18:15:00,mobile_app
ACT-01886,O01331,C0744,ETA_VIEWED,2026-08-28T23:33:00,mobile_app
ACT-01887,O01331,C0744,ETA_VIEWED,2026-08-28T23:45:00,mobile_app
ACT-01888,O00772,C0833,ETA_VIEWED,2026-08-10T18:55:00,mobile_app
ACT-01889,O00772,C0833,ETA_VIEWED,2026-08-10T19:14:00,mobile_app
ACT-01890,O00772,C0833,ETA_VIEWED,2026-08-10T19:00:00,mobile_app
ACT-01891,O00007,C0875,ETA_VIEWED,2026-08-14T11:56:00,mobile_app
ACT-01892,O01113,C0411,ETA_VIEWED,2026-08-01T18:16:00,mobile_app
ACT-01893,O01113,C0411,ETA_VIEWED,2026-08-01T18:30:00,mobile_app
ACT-01894,O00943,C0063,ETA_VIEWED,2026-08-08T16:15:00,mobile_app
ACT-01895,O00943,C0063,ETA_VIEWED,2026-08-08T16:24:00,mobile_app
ACT-01896,O01348,C0045,ETA_VIEWED,2026-08-04T20:47:00,mobile_app
ACT-01897,O01348,C0045,ETA_VIEWED,2026-08-04T20:53:00,mobile_app
ACT-01898,O01348,C0045,ETA_VIEWED,2026-08-04T20:53:00,mobile_app
ACT-01899,O00024,C0677,ETA_VIEWED,2026-08-16T14:57:00,mobile_app
ACT-01900,O00024,C0677,ETA_VIEWED,2026-08-16T15:15:00,mobile_app
ACT-01901,O01274,C0338,ETA_VIEWED,2026-08-03T11:58:00,mobile_app
ACT-01902,O01274,C0338,ETA_VIEWED,2026-08-03T11:56:00,mobile_app
ACT-01903,O00314,C0182,ETA_VIEWED,2026-08-04T11:45:00,mobile_app
ACT-01904,O00314,C0182,ETA_VIEWED,2026-08-04T12:02:00,mobile_app
ACT-01905,O00314,C0182,ETA_VIEWED,2026-08-04T11:45:00,mobile_app
ACT-01906,O01086,C0273,ETA_VIEWED,2026-08-25T17:34:00,mobile_app
ACT-01907,O01086,C0273,ETA_VIEWED,2026-08-25T17:35:00,mobile_app
ACT-01908,O01086,C0273,ETA_VIEWED,2026-08-25T17:27:00,mobile_app
ACT-01909,O00536,C0056,ETA_VIEWED,2026-08-14T18:23:00,mobile_app
ACT-01910,O00710,C0075,ETA_VIEWED,2026-08-23T14:04:00,mobile_app
ACT-01911,O00710,C0075,SUPPORT_OPENED,2026-08-23T15:06:46.665400,mobile_app
ACT-01912,O00291,C0875,ETA_VIEWED,2026-08-22T19:45:00,mobile_app
ACT-01913,O00291,C0875,ETA_VIEWED,2026-08-22T20:00:00,mobile_app
ACT-01914,O00291,C0875,ETA_VIEWED,2026-08-22T19:59:00,mobile_app
ACT-01915,O00490,C0579,ETA_VIEWED,2026-08-08T15:13:00,mobile_app
ACT-01916,O00490,C0579,ETA_VIEWED,2026-08-08T15:10:00,mobile_app
ACT-01917,O00490,C0579,ETA_VIEWED,2026-08-08T15:21:00,mobile_app
ACT-01918,O00823,C0301,ETA_VIEWED,2026-08-23T18:32:00,mobile_app
ACT-01919,O00823,C0301,ETA_VIEWED,2026-08-23T18:23:00,mobile_app
ACT-01920,O00823,C0301,SUPPORT_OPENED,2026-08-23T19:33:38.013519,mobile_app
ACT-01921,O00081,C0581,ETA_VIEWED,2026-08-19T11:33:00,mobile_app
ACT-01922,O01567,C0298,ETA_VIEWED,2026-08-07T18:00:00,mobile_app
ACT-01923,O01567,C0298,ETA_VIEWED,2026-08-07T18:09:00,mobile_app
ACT-01924,O00218,C0792,ETA_VIEWED,2026-08-07T00:04:00,mobile_app
ACT-01925,O00218,C0792,ETA_VIEWED,2026-08-07T00:06:00,mobile_app
ACT-01926,O01069,C0789,ETA_VIEWED,2026-08-11T22:43:00,mobile_app
ACT-01927,O01069,C0789,ETA_VIEWED,2026-08-11T22:24:00,mobile_app
ACT-01928,O01069,C0789,ETA_VIEWED,2026-08-11T22:32:00,mobile_app
ACT-01929,O01440,C0441,ETA_VIEWED,2026-08-20T14:17:00,mobile_app
ACT-01930,O01440,C0441,ETA_VIEWED,2026-08-20T14:18:00,mobile_app
ACT-01931,O01440,C0441,ETA_VIEWED,2026-08-20T14:24:00,mobile_app
ACT-01932,O01053,C0821,ETA_VIEWED,2026-08-19T18:40:00,mobile_app
ACT-01933,O00272,C0073,ETA_VIEWED,2026-08-15T11:46:00,mobile_app
ACT-01934,O00272,C0073,ETA_VIEWED,2026-08-15T11:44:00,mobile_app
ACT-01935,O01463,C0573,ETA_VIEWED,2026-08-18T12:55:00,mobile_app
ACT-01936,O01463,C0573,ETA_VIEWED,2026-08-18T13:02:00,mobile_app
ACT-01937,O01463,C0573,ETA_VIEWED,2026-08-18T13:03:00,mobile_app
ACT-01938,O01463,C0573,SUPPORT_OPENED,2026-08-18T13:59:23.437147,mobile_app
ACT-01939,O00082,C0366,ETA_VIEWED,2026-08-17T17:55:00,mobile_app
ACT-01940,O00082,C0366,ETA_VIEWED,2026-08-17T18:00:00,mobile_app
ACT-01941,O01539,C0475,ETA_VIEWED,2026-08-04T21:47:00,mobile_app
ACT-01942,O00663,C0062,ETA_VIEWED,2026-08-18T21:51:00,mobile_app
ACT-01943,O00663,C0062,ETA_VIEWED,2026-08-18T22:01:00,mobile_app
ACT-01944,O00950,C0070,ETA_VIEWED,2026-08-09T11:36:00,mobile_app
ACT-01945,O00950,C0070,ETA_VIEWED,2026-08-09T11:54:00,mobile_app
ACT-01946,O01073,C0011,ETA_VIEWED,2026-08-07T21:49:00,mobile_app
ACT-01947,O01073,C0011,ETA_VIEWED,2026-08-07T21:49:00,mobile_app
ACT-01948,O01073,C0011,ETA_VIEWED,2026-08-07T21:45:00,mobile_app
ACT-01949,O01509,C0675,ETA_VIEWED,2026-08-28T17:39:00,mobile_app
ACT-01950,O01509,C0675,SUPPORT_OPENED,2026-08-28T18:49:36,mobile_app
ACT-01951,O01542,C0282,ETA_VIEWED,2026-08-22T20:04:00,mobile_app
ACT-01952,O01211,C0076,ETA_VIEWED,2026-08-16T11:51:00,mobile_app
ACT-01953,O00412,C0504,ETA_VIEWED,2026-08-16T18:59:00,mobile_app
ACT-01954,O00412,C0504,ETA_VIEWED,2026-08-16T19:05:00,mobile_app
ACT-01955,O01447,C0627,ETA_VIEWED,2026-08-28T13:14:00,mobile_app
ACT-01956,O01102,C0634,ETA_VIEWED,2026-08-12T18:47:00,mobile_app
ACT-01957,O01102,C0634,ETA_VIEWED,2026-08-12T18:47:00,mobile_app
ACT-01958,O01472,C0701,ETA_VIEWED,2026-08-28T20:01:00,mobile_app
ACT-01959,O01472,C0701,ETA_VIEWED,2026-08-28T20:17:00,mobile_app
ACT-01960,O01472,C0701,ETA_VIEWED,2026-08-28T20:01:00,mobile_app
ACT-01961,O00917,C0531,ETA_VIEWED,2026-08-17T13:33:00,mobile_app
ACT-01962,O00070,C0304,ETA_VIEWED,2026-08-26T21:05:00,mobile_app
ACT-01963,O00070,C0304,ETA_VIEWED,2026-08-26T21:09:00,mobile_app
ACT-01964,O00070,C0304,ETA_VIEWED,2026-08-26T21:07:00,mobile_app
ACT-01965,O00619,C0384,ETA_VIEWED,2026-08-24T19:53:00,mobile_app
ACT-01966,O00619,C0384,ETA_VIEWED,2026-08-24T19:55:00,mobile_app
ACT-01967,O00087,C0249,ETA_VIEWED,2026-08-06T19:43:00,mobile_app
ACT-01968,O00842,C0660,ETA_VIEWED,2026-08-26T13:10:00,mobile_app
ACT-01969,O00842,C0660,ETA_VIEWED,2026-08-26T12:53:00,mobile_app
ACT-01970,O00614,C0252,ETA_VIEWED,2026-08-12T22:53:00,mobile_app
ACT-01971,O00614,C0252,ETA_VIEWED,2026-08-12T22:56:00,mobile_app
ACT-01972,O00614,C0252,ETA_VIEWED,2026-08-12T22:59:00,mobile_app
ACT-01973,O00641,C0796,ETA_VIEWED,2026-08-20T15:00:00,mobile_app
ACT-01974,O01473,C0704,ETA_VIEWED,2026-08-20T18:33:00,mobile_app
ACT-01975,O01473,C0704,ETA_VIEWED,2026-08-20T18:23:00,mobile_app
ACT-01976,O01473,C0704,ETA_VIEWED,2026-08-20T18:12:00,mobile_app
ACT-01977,O01359,C0249,ETA_VIEWED,2026-08-05T21:29:00,mobile_app
ACT-01978,O01359,C0249,ETA_VIEWED,2026-08-05T21:28:00,mobile_app
ACT-01979,O01359,C0249,ETA_VIEWED,2026-08-05T21:25:00,mobile_app
ACT-01980,O00172,C0027,ETA_VIEWED,2026-08-04T16:41:00,mobile_app
ACT-01981,O01251,C0181,ETA_VIEWED,2026-08-14T22:08:00,mobile_app
ACT-01982,O01415,C0244,ETA_VIEWED,2026-08-08T15:08:00,mobile_app
ACT-01983,O00072,C0499,ETA_VIEWED,2026-08-15T22:24:00,mobile_app
ACT-01984,O00072,C0499,ETA_VIEWED,2026-08-15T22:04:00,mobile_app
ACT-01985,O01587,C0775,ETA_VIEWED,2026-08-12T17:57:00,mobile_app
ACT-01986,O01100,C0496,ETA_VIEWED,2026-08-21T16:28:00,mobile_app
ACT-01987,O01100,C0496,ETA_VIEWED,2026-08-21T16:39:00,mobile_app
ACT-01988,O00149,C0825,ETA_VIEWED,2026-08-22T18:19:00,mobile_app
ACT-01989,O01290,C0523,ETA_VIEWED,2026-08-01T22:30:00,mobile_app
ACT-01990,O01290,C0523,ETA_VIEWED,2026-08-01T22:16:00,mobile_app
ACT-01991,O01290,C0523,ETA_VIEWED,2026-08-01T22:17:00,mobile_app
ACT-01992,O00701,C0049,ETA_VIEWED,2026-08-12T20:02:00,mobile_app
ACT-01993,O00701,C0049,ETA_VIEWED,2026-08-12T19:51:00,mobile_app
ACT-01994,O00701,C0049,ETA_VIEWED,2026-08-12T20:05:00,mobile_app
ACT-01995,O00817,C0727,ETA_VIEWED,2026-08-06T17:28:00,mobile_app
ACT-01996,O00817,C0727,ETA_VIEWED,2026-08-06T17:18:00,mobile_app
ACT-01997,O00817,C0727,ETA_VIEWED,2026-08-06T17:19:00,mobile_app
ACT-01998,O00523,C0865,ETA_VIEWED,2026-08-23T18:30:00,mobile_app
ACT-01999,O00128,C0704,ETA_VIEWED,2026-08-20T13:40:00,mobile_app
ACT-02000,O00128,C0704,ETA_VIEWED,2026-08-20T13:31:00,mobile_app
ACT-02001,O00128,C0704,ETA_VIEWED,2026-08-20T13:34:00,mobile_app
ACT-02002,O00118,C0258,ETA_VIEWED,2026-08-27T22:04:00,mobile_app
ACT-02003,O00118,C0258,SUPPORT_OPENED,2026-08-27T23:14:48.825147,mobile_app
ACT-02004,O01295,C0630,ETA_VIEWED,2026-08-15T17:13:00,mobile_app
ACT-02005,O01448,C0388,ETA_VIEWED,2026-08-16T19:19:00,mobile_app
ACT-02006,O01448,C0388,ETA_VIEWED,2026-08-16T19:01:00,mobile_app
ACT-02007,O01448,C0388,ETA_VIEWED,2026-08-16T19:08:00,mobile_app
ACT-02008,O00409,C0833,ETA_VIEWED,2026-08-15T16:56:00,mobile_app
ACT-02009,O00409,C0833,ETA_VIEWED,2026-08-15T17:00:00,mobile_app
ACT-02010,O00409,C0833,ETA_VIEWED,2026-08-15T17:06:00,mobile_app
ACT-02011,O00819,C0342,ETA_VIEWED,2026-08-12T18:47:00,mobile_app
ACT-02012,O00819,C0342,ETA_VIEWED,2026-08-12T18:49:00,mobile_app
ACT-02013,O00819,C0342,ETA_VIEWED,2026-08-12T18:49:00,mobile_app
ACT-02014,O00819,C0342,SUPPORT_OPENED,2026-08-12T20:04:48,mobile_app
ACT-02015,O00813,C0304,ETA_VIEWED,2026-08-25T19:08:00,mobile_app
ACT-02016,O00813,C0304,ETA_VIEWED,2026-08-25T19:17:00,mobile_app
ACT-02017,O00813,C0304,ETA_VIEWED,2026-08-25T19:09:00,mobile_app
ACT-02018,O00173,C0316,ETA_VIEWED,2026-08-06T20:56:00,mobile_app
ACT-02019,O00173,C0316,ETA_VIEWED,2026-08-06T20:53:00,mobile_app
ACT-02020,O01237,C0329,ETA_VIEWED,2026-08-16T18:16:00,mobile_app
ACT-02021,O01237,C0329,ETA_VIEWED,2026-08-16T18:29:00,mobile_app
ACT-02022,O01237,C0329,ETA_VIEWED,2026-08-16T18:32:00,mobile_app
ACT-02023,O01579,C0241,ETA_VIEWED,2026-08-28T17:52:00,mobile_app
ACT-02024,O01579,C0241,ETA_VIEWED,2026-08-28T17:39:00,mobile_app
ACT-02025,O01579,C0241,ETA_VIEWED,2026-08-28T17:37:00,mobile_app
ACT-02026,O01579,C0241,SUPPORT_OPENED,2026-08-28T18:44:52.700056,mobile_app
ACT-02027,O01561,C0621,ETA_VIEWED,2026-08-03T12:52:00,mobile_app
ACT-02028,O00387,C0457,ETA_VIEWED,2026-08-03T19:55:00,mobile_app
ACT-02029,O00387,C0457,ETA_VIEWED,2026-08-03T19:56:00,mobile_app
ACT-02030,O00511,C0064,ETA_VIEWED,2026-08-09T19:30:00,mobile_app
ACT-02031,O01464,C0814,ETA_VIEWED,2026-08-05T14:02:00,mobile_app
ACT-02032,O00774,C0260,ETA_VIEWED,2026-08-07T12:37:00,mobile_app
ACT-02033,O00774,C0260,ETA_VIEWED,2026-08-07T12:24:00,mobile_app
ACT-02034,O00774,C0260,ETA_VIEWED,2026-08-07T12:26:00,mobile_app
ACT-02035,O00821,C0642,ETA_VIEWED,2026-08-28T11:21:00,mobile_app
ACT-02036,O00821,C0642,ETA_VIEWED,2026-08-28T11:28:00,mobile_app
ACT-02037,O00821,C0642,ETA_VIEWED,2026-08-28T11:44:00,mobile_app
ACT-02038,O00590,C0539,ETA_VIEWED,2026-08-03T15:48:00,mobile_app
ACT-02039,O00590,C0539,ETA_VIEWED,2026-08-03T16:12:00,mobile_app
ACT-02040,O01280,C0394,ETA_VIEWED,2026-08-22T20:47:00,mobile_app
ACT-02041,O01280,C0394,ETA_VIEWED,2026-08-22T20:58:00,mobile_app
ACT-02042,O01280,C0394,ETA_VIEWED,2026-08-22T21:02:00,mobile_app
ACT-02043,O01280,C0394,SUPPORT_OPENED,2026-08-22T21:56:36.882920,mobile_app
ACT-02044,O00343,C0674,ETA_VIEWED,2026-08-02T19:29:00,mobile_app
ACT-02045,O00343,C0674,ETA_VIEWED,2026-08-02T19:44:00,mobile_app
ACT-02046,O00662,C0597,ETA_VIEWED,2026-08-14T16:25:00,mobile_app
ACT-02047,O01387,C0239,ETA_VIEWED,2026-08-16T19:39:00,mobile_app
ACT-02048,O00064,C0265,ETA_VIEWED,2026-08-09T19:37:00,mobile_app
ACT-02049,O00064,C0265,ETA_VIEWED,2026-08-09T19:30:00,mobile_app
ACT-02050,O00368,C0345,ETA_VIEWED,2026-08-17T00:03:00,mobile_app
ACT-02051,O00368,C0345,ETA_VIEWED,2026-08-16T23:58:00,mobile_app
ACT-02052,O00368,C0345,ETA_VIEWED,2026-08-16T23:58:00,mobile_app
ACT-02053,O01328,C0878,ETA_VIEWED,2026-08-08T19:09:00,mobile_app
ACT-02054,O01328,C0878,ETA_VIEWED,2026-08-08T19:20:00,mobile_app
ACT-02055,O01328,C0878,CANCEL_ATTEMPTED,2026-08-08T20:21:49.927806,mobile_app
ACT-02056,O01209,C0865,ETA_VIEWED,2026-08-09T18:33:00,mobile_app
ACT-02057,O00898,C0680,ETA_VIEWED,2026-08-09T19:02:00,mobile_app
ACT-02058,O00262,C0263,ETA_VIEWED,2026-08-10T17:25:00,mobile_app
ACT-02059,O00262,C0263,ETA_VIEWED,2026-08-10T17:31:00,mobile_app
ACT-02060,O01389,C0812,ETA_VIEWED,2026-08-26T18:55:00,mobile_app
ACT-02061,O00446,C0780,ETA_VIEWED,2026-08-02T16:11:00,mobile_app
ACT-02062,O00446,C0780,SUPPORT_OPENED,2026-08-02T17:27:48,mobile_app
ACT-02063,O00123,C0110,ETA_VIEWED,2026-08-03T18:48:00,mobile_app
ACT-02064,O00123,C0110,ETA_VIEWED,2026-08-03T18:37:00,mobile_app
ACT-02065,O00123,C0110,ETA_VIEWED,2026-08-03T18:47:00,mobile_app
ACT-02066,O01048,C0848,ETA_VIEWED,2026-08-10T13:33:00,mobile_app
ACT-02067,O01048,C0848,ETA_VIEWED,2026-08-10T13:37:00,mobile_app
ACT-02068,O01048,C0848,ETA_VIEWED,2026-08-10T13:36:00,mobile_app
ACT-02069,O00054,C0270,ETA_VIEWED,2026-08-28T20:19:00,mobile_app
ACT-02070,O00054,C0270,ETA_VIEWED,2026-08-28T20:16:00,mobile_app
ACT-02071,O00054,C0270,ETA_VIEWED,2026-08-28T20:11:00,mobile_app
ACT-02072,O00114,C0602,ETA_VIEWED,2026-08-03T19:18:00,mobile_app
ACT-02073,O00114,C0602,ETA_VIEWED,2026-08-03T19:06:00,mobile_app
ACT-02074,O00114,C0602,ETA_VIEWED,2026-08-03T19:17:00,mobile_app
ACT-02075,O00879,C0049,ETA_VIEWED,2026-08-21T20:00:00,mobile_app
ACT-02076,O00656,C0601,ETA_VIEWED,2026-08-23T16:37:00,mobile_app
ACT-02077,O00656,C0601,ETA_VIEWED,2026-08-23T16:35:00,mobile_app
ACT-02078,O00656,C0601,ETA_VIEWED,2026-08-23T16:46:00,mobile_app
ACT-02079,O01017,C0693,ETA_VIEWED,2026-08-26T19:31:00,mobile_app
ACT-02080,O01017,C0693,ETA_VIEWED,2026-08-26T19:12:00,mobile_app
ACT-02081,O01206,C0239,ETA_VIEWED,2026-08-17T14:39:00,mobile_app
ACT-02082,O01206,C0239,ETA_VIEWED,2026-08-17T14:18:00,mobile_app
ACT-02083,O00037,C0346,ETA_VIEWED,2026-08-09T20:35:00,mobile_app
ACT-02084,O00037,C0346,ETA_VIEWED,2026-08-09T20:41:00,mobile_app
ACT-02085,O00037,C0346,ETA_VIEWED,2026-08-09T20:37:00,mobile_app
ACT-02086,O00037,C0346,SUPPORT_OPENED,2026-08-09T21:51:18,mobile_app
ACT-02087,O00915,C0827,ETA_VIEWED,2026-08-04T20:34:00,mobile_app
ACT-02088,O00480,C0718,ETA_VIEWED,2026-08-03T19:26:00,mobile_app
ACT-02089,O00480,C0718,ETA_VIEWED,2026-08-03T19:44:00,mobile_app
ACT-02090,O00480,C0718,ETA_VIEWED,2026-08-03T19:24:00,mobile_app
ACT-02091,O00480,C0718,SUPPORT_OPENED,2026-08-03T20:13:31.086534,mobile_app
ACT-02092,O01404,C0714,ETA_VIEWED,2026-08-20T19:23:00,mobile_app
ACT-02093,O01404,C0714,ETA_VIEWED,2026-08-20T19:28:00,mobile_app
ACT-02094,O01404,C0714,ETA_VIEWED,2026-08-20T19:18:00,mobile_app
ACT-02095,O00980,C0015,ETA_VIEWED,2026-08-27T19:55:00,mobile_app
ACT-02096,O00980,C0015,ETA_VIEWED,2026-08-27T19:47:00,mobile_app
ACT-02097,O00980,C0015,SUPPORT_OPENED,2026-08-27T21:03:36,mobile_app
ACT-02098,O01340,C0080,ETA_VIEWED,2026-08-06T20:28:00,mobile_app
ACT-02099,O01340,C0080,ETA_VIEWED,2026-08-06T20:38:00,mobile_app
ACT-02100,O01340,C0080,ETA_VIEWED,2026-08-06T20:41:00,mobile_app
ACT-02101,O00353,C0059,ETA_VIEWED,2026-08-23T16:12:00,mobile_app
ACT-02102,O00666,C0456,ETA_VIEWED,2026-08-10T19:20:00,mobile_app
ACT-02103,O00666,C0456,ETA_VIEWED,2026-08-10T19:26:00,mobile_app
ACT-02104,O00666,C0456,ETA_VIEWED,2026-08-10T19:31:00,mobile_app
ACT-02105,O01175,C0001,ETA_VIEWED,2026-08-24T17:52:00,mobile_app
ACT-02106,O01175,C0001,ETA_VIEWED,2026-08-24T18:05:00,mobile_app
ACT-02107,O00393,C0512,ETA_VIEWED,2026-08-07T23:55:00,mobile_app
ACT-02108,O00393,C0512,ETA_VIEWED,2026-08-07T23:46:00,mobile_app
ACT-02109,O00393,C0512,CANCEL_ATTEMPTED,2026-08-08T01:02:06,mobile_app
ACT-02110,O01231,C0689,ETA_VIEWED,2026-08-01T11:19:00,mobile_app
ACT-02111,O01531,C0259,ETA_VIEWED,2026-08-06T19:18:00,mobile_app
ACT-02112,O01531,C0259,ETA_VIEWED,2026-08-06T19:13:00,mobile_app
ACT-02113,O01310,C0122,ETA_VIEWED,2026-08-03T19:00:00,mobile_app
ACT-02114,O01310,C0122,ETA_VIEWED,2026-08-03T18:41:00,mobile_app
ACT-02115,O01310,C0122,ETA_VIEWED,2026-08-03T18:59:00,mobile_app
ACT-02116,O01310,C0122,SUPPORT_OPENED,2026-08-03T19:44:20.707200,mobile_app
ACT-02117,O00995,C0746,ETA_VIEWED,2026-08-22T17:40:00,mobile_app
ACT-02118,O00995,C0746,SUPPORT_OPENED,2026-08-22T18:50:48,mobile_app
ACT-02119,O01230,C0292,ETA_VIEWED,2026-08-17T18:22:00,mobile_app
ACT-02120,O01230,C0292,ETA_VIEWED,2026-08-17T18:23:00,mobile_app
ACT-02121,O01221,C0840,ETA_VIEWED,2026-08-09T18:38:00,mobile_app
ACT-02122,O01221,C0840,ETA_VIEWED,2026-08-09T18:58:00,mobile_app
ACT-02123,O01221,C0840,ETA_VIEWED,2026-08-09T18:46:00,mobile_app
ACT-02124,O00719,C0365,ETA_VIEWED,2026-08-20T14:52:00,mobile_app
ACT-02125,O00719,C0365,ETA_VIEWED,2026-08-20T14:51:00,mobile_app
ACT-02126,O00719,C0365,ETA_VIEWED,2026-08-20T14:56:00,mobile_app
ACT-02127,O01304,C0831,ETA_VIEWED,2026-08-17T20:30:00,mobile_app
ACT-02128,O01304,C0831,ETA_VIEWED,2026-08-17T20:31:00,mobile_app
ACT-02129,O01304,C0831,ETA_VIEWED,2026-08-17T20:41:00,mobile_app
ACT-02130,O00649,C0501,ETA_VIEWED,2026-08-24T19:46:00,mobile_app
ACT-02131,O00649,C0501,ETA_VIEWED,2026-08-24T19:26:00,mobile_app
ACT-02132,O00717,C0407,ETA_VIEWED,2026-08-21T17:10:00,mobile_app
ACT-02133,O00008,C0223,ETA_VIEWED,2026-08-27T22:48:00,mobile_app
ACT-02134,O00008,C0223,SUPPORT_OPENED,2026-08-27T23:43:06,mobile_app
ACT-02135,O01232,C0671,ETA_VIEWED,2026-08-01T17:10:00,mobile_app
ACT-02136,O01232,C0671,ETA_VIEWED,2026-08-01T17:22:00,mobile_app
ACT-02137,O01232,C0671,ETA_VIEWED,2026-08-01T17:07:00,mobile_app
ACT-02138,O01232,C0671,SUPPORT_OPENED,2026-08-01T18:13:55.770521,mobile_app
ACT-02139,O00729,C0448,ETA_VIEWED,2026-08-01T14:38:00,mobile_app
ACT-02140,O00444,C0307,ETA_VIEWED,2026-08-20T19:19:00,mobile_app
ACT-02141,O00444,C0307,ETA_VIEWED,2026-08-20T19:19:00,mobile_app
ACT-02142,O00444,C0307,ETA_VIEWED,2026-08-20T19:19:00,mobile_app
ACT-02143,O01382,C0561,ETA_VIEWED,2026-08-21T17:49:00,mobile_app
ACT-02144,O01203,C0585,ETA_VIEWED,2026-08-19T16:28:00,mobile_app
ACT-02145,O01203,C0585,ETA_VIEWED,2026-08-19T16:27:00,mobile_app
ACT-02146,O00926,C0462,ETA_VIEWED,2026-08-21T17:43:00,mobile_app
ACT-02147,O00877,C0612,ETA_VIEWED,2026-08-20T14:39:00,mobile_app
ACT-02148,O01471,C0735,ETA_VIEWED,2026-08-19T20:25:00,mobile_app
ACT-02149,O01471,C0735,ETA_VIEWED,2026-08-19T20:42:00,mobile_app
ACT-02150,O01471,C0735,ETA_VIEWED,2026-08-19T20:36:00,mobile_app
ACT-02151,O00304,C0531,ETA_VIEWED,2026-08-23T21:42:00,mobile_app
ACT-02152,O00304,C0531,ETA_VIEWED,2026-08-23T21:28:00,mobile_app
ACT-02153,O01349,C0771,ETA_VIEWED,2026-08-16T19:29:00,mobile_app
ACT-02154,O01349,C0771,ETA_VIEWED,2026-08-16T19:13:00,mobile_app
ACT-02155,O01349,C0771,ETA_VIEWED,2026-08-16T19:29:00,mobile_app
ACT-02156,O01213,C0183,ETA_VIEWED,2026-08-03T12:50:00,mobile_app
ACT-02157,O00989,C0781,ETA_VIEWED,2026-08-24T21:04:00,mobile_app
ACT-02158,O00989,C0781,ETA_VIEWED,2026-08-24T21:07:00,mobile_app
ACT-02159,O00989,C0781,ETA_VIEWED,2026-08-24T21:01:00,mobile_app
ACT-02160,O01468,C0096,ETA_VIEWED,2026-08-12T12:22:00,mobile_app
ACT-02161,O01468,C0096,ETA_VIEWED,2026-08-12T12:29:00,mobile_app
ACT-02162,O00713,C0860,ETA_VIEWED,2026-08-11T18:24:00,mobile_app
ACT-02163,O00713,C0860,ETA_VIEWED,2026-08-11T18:38:00,mobile_app
ACT-02164,O00132,C0455,ETA_VIEWED,2026-08-21T17:52:00,mobile_app
ACT-02165,O01139,C0294,ETA_VIEWED,2026-08-14T17:19:00,mobile_app
ACT-02166,O00623,C0004,ETA_VIEWED,2026-08-20T23:15:00,mobile_app
ACT-02167,O00623,C0004,SUPPORT_OPENED,2026-08-21T00:22:06,mobile_app
ACT-02168,O00339,C0367,ETA_VIEWED,2026-08-22T14:00:00,mobile_app
ACT-02169,O00270,C0406,ETA_VIEWED,2026-08-08T16:53:00,mobile_app
ACT-02170,O00270,C0406,ETA_VIEWED,2026-08-08T16:53:00,mobile_app
ACT-02171,O00270,C0406,SUPPORT_OPENED,2026-08-08T17:53:26.409529,mobile_app
ACT-02172,O00521,C0854,ETA_VIEWED,2026-08-27T14:50:00,mobile_app
ACT-02173,O00671,C0270,ETA_VIEWED,2026-08-14T19:28:00,mobile_app
ACT-02174,O00671,C0270,ETA_VIEWED,2026-08-14T19:32:00,mobile_app
ACT-02175,O00671,C0270,ETA_VIEWED,2026-08-14T19:37:00,mobile_app
ACT-02176,O00363,C0345,ETA_VIEWED,2026-08-15T17:43:00,mobile_app
ACT-02177,O00363,C0345,ETA_VIEWED,2026-08-15T17:42:00,mobile_app
ACT-02178,O00363,C0345,ETA_VIEWED,2026-08-15T17:44:00,mobile_app
ACT-02179,O01027,C0285,ETA_VIEWED,2026-08-05T20:50:00,mobile_app
ACT-02180,O01027,C0285,ETA_VIEWED,2026-08-05T20:52:00,mobile_app
ACT-02181,O01027,C0285,ETA_VIEWED,2026-08-05T21:08:00,mobile_app
ACT-02182,O00571,C0189,ETA_VIEWED,2026-08-10T22:00:00,mobile_app
ACT-02183,O00006,C0152,ETA_VIEWED,2026-08-26T23:21:00,mobile_app
ACT-02184,O00006,C0152,ETA_VIEWED,2026-08-26T23:16:00,mobile_app
ACT-02185,O00900,C0106,ETA_VIEWED,2026-08-24T11:11:00,mobile_app
ACT-02186,O00900,C0106,ETA_VIEWED,2026-08-24T11:29:00,mobile_app
ACT-02187,O00900,C0106,ETA_VIEWED,2026-08-24T11:10:00,mobile_app
ACT-02188,O01247,C0540,ETA_VIEWED,2026-08-14T12:08:00,mobile_app
ACT-02189,O01247,C0540,ETA_VIEWED,2026-08-14T12:00:00,mobile_app
ACT-02190,O01247,C0540,ETA_VIEWED,2026-08-14T12:12:00,mobile_app
ACT-02191,O00775,C0072,ETA_VIEWED,2026-08-08T20:08:00,mobile_app
ACT-02192,O00775,C0072,ETA_VIEWED,2026-08-08T20:16:00,mobile_app
ACT-02193,O00775,C0072,SUPPORT_OPENED,2026-08-08T21:28:48,mobile_app
ACT-02194,O00829,C0155,ETA_VIEWED,2026-08-09T22:56:00,mobile_app
ACT-02195,O00429,C0002,ETA_VIEWED,2026-08-12T15:37:00,mobile_app
ACT-02196,O01325,C0382,ETA_VIEWED,2026-08-24T22:21:00,mobile_app
ACT-02197,O01325,C0382,ETA_VIEWED,2026-08-24T22:29:00,mobile_app
ACT-02198,O00340,C0266,ETA_VIEWED,2026-08-10T18:59:00,mobile_app
ACT-02199,O00340,C0266,ETA_VIEWED,2026-08-10T19:18:00,mobile_app
ACT-02200,O00340,C0266,ETA_VIEWED,2026-08-10T19:06:00,mobile_app
ACT-02201,O00929,C0859,ETA_VIEWED,2026-08-07T22:38:00,mobile_app
ACT-02202,O00800,C0723,ETA_VIEWED,2026-08-27T17:41:00,mobile_app
ACT-02203,O00800,C0723,ETA_VIEWED,2026-08-27T17:32:00,mobile_app
ACT-02204,O00800,C0723,ETA_VIEWED,2026-08-27T17:30:00,mobile_app
ACT-02205,O00116,C0264,ETA_VIEWED,2026-08-26T23:50:00,mobile_app
ACT-02206,O00116,C0264,ETA_VIEWED,2026-08-26T23:58:00,mobile_app
ACT-02207,O00116,C0264,ETA_VIEWED,2026-08-26T23:46:00,mobile_app
ACT-02208,O00586,C0894,ETA_VIEWED,2026-08-09T17:25:00,mobile_app
ACT-02209,O00586,C0894,ETA_VIEWED,2026-08-09T17:34:00,mobile_app
ACT-02210,O00586,C0894,ETA_VIEWED,2026-08-09T17:28:00,mobile_app
ACT-02211,O00143,C0678,ETA_VIEWED,2026-08-08T13:38:00,mobile_app
ACT-02212,O00143,C0678,ETA_VIEWED,2026-08-08T13:34:00,mobile_app
ACT-02213,O01265,C0272,ETA_VIEWED,2026-08-09T21:37:00,mobile_app
ACT-02214,O01265,C0272,ETA_VIEWED,2026-08-09T21:48:00,mobile_app
ACT-02215,O01570,C0814,ETA_VIEWED,2026-08-23T12:54:00,mobile_app
ACT-02216,O00517,C0328,ETA_VIEWED,2026-08-20T15:24:00,mobile_app
ACT-02217,O00838,C0276,ETA_VIEWED,2026-08-01T18:43:00,mobile_app
ACT-02218,O00838,C0276,ETA_VIEWED,2026-08-01T18:46:00,mobile_app
ACT-02219,O00838,C0276,ETA_VIEWED,2026-08-01T18:29:00,mobile_app
ACT-02220,O00677,C0671,ETA_VIEWED,2026-08-15T13:09:00,mobile_app
ACT-02221,O00677,C0671,ETA_VIEWED,2026-08-15T13:20:00,mobile_app
ACT-02222,O00748,C0576,ETA_VIEWED,2026-08-04T20:59:00,mobile_app
ACT-02223,O00748,C0576,ETA_VIEWED,2026-08-04T20:51:00,mobile_app
ACT-02224,O00748,C0576,ETA_VIEWED,2026-08-04T20:53:00,mobile_app
ACT-02225,O01222,C0463,ETA_VIEWED,2026-08-06T14:56:00,mobile_app
ACT-02226,O01222,C0463,ETA_VIEWED,2026-08-06T15:11:00,mobile_app
ACT-02227,O01378,C0391,ETA_VIEWED,2026-08-14T12:12:00,mobile_app
ACT-02228,O00545,C0030,ETA_VIEWED,2026-08-24T21:03:00,mobile_app
ACT-02229,O01229,C0232,ETA_VIEWED,2026-08-21T21:00:00,mobile_app
ACT-02230,O01229,C0232,ETA_VIEWED,2026-08-21T21:06:00,mobile_app
ACT-02231,O01229,C0232,ETA_VIEWED,2026-08-21T20:59:00,mobile_app
ACT-02232,O00169,C0389,ETA_VIEWED,2026-08-22T15:58:00,mobile_app
ACT-02233,O00169,C0389,ETA_VIEWED,2026-08-22T15:48:00,mobile_app
ACT-02234,O00169,C0389,ETA_VIEWED,2026-08-22T15:53:00,mobile_app
ACT-02235,O01373,C0299,ETA_VIEWED,2026-08-06T22:02:00,mobile_app
ACT-02236,O01373,C0299,ETA_VIEWED,2026-08-06T22:10:00,mobile_app
ACT-02237,O01373,C0299,ETA_VIEWED,2026-08-06T22:09:00,mobile_app
ACT-02238,O00329,C0696,ETA_VIEWED,2026-08-26T19:53:00,mobile_app
ACT-02239,O00329,C0696,SUPPORT_OPENED,2026-08-26T20:57:48,mobile_app
ACT-02240,O01143,C0053,ETA_VIEWED,2026-08-02T21:18:00,mobile_app
ACT-02241,O01513,C0268,ETA_VIEWED,2026-08-08T19:07:00,mobile_app
ACT-02242,O01513,C0268,ETA_VIEWED,2026-08-08T19:11:00,mobile_app
ACT-02243,O01252,C0039,ETA_VIEWED,2026-08-04T20:06:00,mobile_app
ACT-02244,O01252,C0039,ETA_VIEWED,2026-08-04T20:05:00,mobile_app
ACT-02245,O01270,C0035,ETA_VIEWED,2026-08-21T11:54:00,mobile_app
ACT-02246,O00692,C0838,ETA_VIEWED,2026-08-22T17:46:00,mobile_app
ACT-02247,O00936,C0767,ETA_VIEWED,2026-08-25T20:22:00,mobile_app
ACT-02248,O00643,C0070,ETA_VIEWED,2026-08-06T23:23:00,mobile_app
ACT-02249,O00643,C0070,ETA_VIEWED,2026-08-06T23:28:00,mobile_app
ACT-02250,O00199,C0657,ETA_VIEWED,2026-08-15T17:54:00,mobile_app
ACT-02251,O00199,C0657,ETA_VIEWED,2026-08-15T17:51:00,mobile_app
ACT-02252,O01007,C0633,ETA_VIEWED,2026-08-22T19:03:00,mobile_app
ACT-02253,O01007,C0633,ETA_VIEWED,2026-08-22T19:23:00,mobile_app
ACT-02254,O00651,C0388,ETA_VIEWED,2026-08-05T15:15:00,mobile_app
ACT-02255,O00651,C0388,ETA_VIEWED,2026-08-05T15:10:00,mobile_app
ACT-02256,O00651,C0388,ETA_VIEWED,2026-08-05T15:24:00,mobile_app
ACT-02257,O01396,C0263,ETA_VIEWED,2026-08-11T19:00:00,mobile_app
ACT-02258,O01396,C0263,ETA_VIEWED,2026-08-11T19:02:00,mobile_app
ACT-02259,O01396,C0263,ETA_VIEWED,2026-08-11T18:58:00,mobile_app
ACT-02260,O01195,C0106,ETA_VIEWED,2026-08-07T15:02:00,mobile_app
ACT-02261,O01195,C0106,ETA_VIEWED,2026-08-07T14:58:00,mobile_app
ACT-02262,O00737,C0824,ETA_VIEWED,2026-08-20T20:20:00,mobile_app
ACT-02263,O00737,C0824,ETA_VIEWED,2026-08-20T20:34:00,mobile_app
ACT-02264,O00737,C0824,SUPPORT_OPENED,2026-08-20T21:23:15.896462,mobile_app
ACT-02265,O00267,C0891,ETA_VIEWED,2026-08-08T17:43:00,mobile_app
ACT-02266,O00176,C0045,ETA_VIEWED,2026-08-10T11:32:00,mobile_app
ACT-02267,O01559,C0167,ETA_VIEWED,2026-08-04T19:44:00,mobile_app
ACT-02268,O00145,C0377,ETA_VIEWED,2026-08-11T18:34:00,mobile_app
ACT-02269,O00145,C0377,ETA_VIEWED,2026-08-11T18:14:00,mobile_app
ACT-02270,O00243,C0366,ETA_VIEWED,2026-08-18T20:46:00,mobile_app
ACT-02271,O00243,C0366,ETA_VIEWED,2026-08-18T20:57:00,mobile_app
ACT-02272,O00243,C0366,ETA_VIEWED,2026-08-18T20:56:00,mobile_app
ACT-02273,O00667,C0660,ETA_VIEWED,2026-08-27T22:50:00,mobile_app
ACT-02274,O00667,C0660,ETA_VIEWED,2026-08-27T22:46:00,mobile_app
ACT-02275,O00028,C0466,ETA_VIEWED,2026-08-04T20:39:00,mobile_app
ACT-02276,O00585,C0096,ETA_VIEWED,2026-08-17T14:47:00,mobile_app
ACT-02277,O00338,C0331,ETA_VIEWED,2026-08-04T19:24:00,mobile_app
ACT-02278,O00338,C0331,ETA_VIEWED,2026-08-04T19:12:00,mobile_app
ACT-02279,O00338,C0331,ETA_VIEWED,2026-08-04T19:12:00,mobile_app
ACT-02280,O00225,C0659,ETA_VIEWED,2026-08-23T21:41:00,mobile_app
ACT-02281,O00225,C0659,ETA_VIEWED,2026-08-23T21:47:00,mobile_app
ACT-02282,O00225,C0659,ETA_VIEWED,2026-08-23T21:32:00,mobile_app
ACT-02283,O00807,C0327,ETA_VIEWED,2026-08-16T20:40:00,mobile_app
ACT-02284,O00807,C0327,ETA_VIEWED,2026-08-16T20:58:00,mobile_app
ACT-02285,O01500,C0621,ETA_VIEWED,2026-08-08T16:29:00,mobile_app
ACT-02286,O01500,C0621,ETA_VIEWED,2026-08-08T16:26:00,mobile_app
ACT-02287,O01500,C0621,ETA_VIEWED,2026-08-08T16:38:00,mobile_app
ACT-02288,O00164,C0258,ETA_VIEWED,2026-08-10T15:23:00,mobile_app
ACT-02289,O00164,C0258,ETA_VIEWED,2026-08-10T15:16:00,mobile_app
ACT-02290,O01294,C0269,ETA_VIEWED,2026-08-26T12:26:00,mobile_app
ACT-02291,O01294,C0269,ETA_VIEWED,2026-08-26T12:26:00,mobile_app
ACT-02292,O01294,C0269,ETA_VIEWED,2026-08-26T12:48:00,mobile_app
ACT-02293,O00469,C0266,ETA_VIEWED,2026-08-16T13:02:00,mobile_app
ACT-02294,O00036,C0495,ETA_VIEWED,2026-08-23T16:49:00,mobile_app
ACT-02295,O01416,C0554,ETA_VIEWED,2026-08-06T19:18:00,mobile_app
ACT-02296,O01416,C0554,ETA_VIEWED,2026-08-06T19:16:00,mobile_app
ACT-02297,O01416,C0554,SUPPORT_OPENED,2026-08-06T20:30:58.965882,mobile_app
ACT-02298,O00265,C0477,ETA_VIEWED,2026-08-18T11:12:00,mobile_app
ACT-02299,O00529,C0828,ETA_VIEWED,2026-08-01T20:43:00,mobile_app
ACT-02300,O00529,C0828,ETA_VIEWED,2026-08-01T20:42:00,mobile_app
ACT-02301,O00529,C0828,ETA_VIEWED,2026-08-01T20:33:00,mobile_app
ACT-02302,O01240,C0326,ETA_VIEWED,2026-08-23T20:04:00,mobile_app
ACT-02303,O01240,C0326,ETA_VIEWED,2026-08-23T20:15:00,mobile_app
ACT-02304,O01240,C0326,ETA_VIEWED,2026-08-23T20:06:00,mobile_app
ACT-02305,O01350,C0149,ETA_VIEWED,2026-08-05T21:20:00,mobile_app
ACT-02306,O01350,C0149,ETA_VIEWED,2026-08-05T21:05:00,mobile_app
ACT-02307,O01350,C0149,ETA_VIEWED,2026-08-05T21:09:00,mobile_app
ACT-02308,O00447,C0725,ETA_VIEWED,2026-08-09T23:09:00,mobile_app
ACT-02309,O00447,C0725,ETA_VIEWED,2026-08-09T23:12:00,mobile_app
ACT-02310,O00447,C0725,ETA_VIEWED,2026-08-09T23:18:00,mobile_app
ACT-02311,O01173,C0345,ETA_VIEWED,2026-08-18T19:28:00,mobile_app
ACT-02312,O00981,C0208,ETA_VIEWED,2026-08-22T19:12:00,mobile_app
ACT-02313,O00981,C0208,ETA_VIEWED,2026-08-22T19:14:00,mobile_app
ACT-02314,O00981,C0208,ETA_VIEWED,2026-08-22T19:03:00,mobile_app
ACT-02315,O00500,C0822,ETA_VIEWED,2026-08-07T20:14:00,mobile_app
ACT-02316,O00500,C0822,ETA_VIEWED,2026-08-07T20:03:00,mobile_app
ACT-02317,O00500,C0822,ETA_VIEWED,2026-08-07T20:13:00,mobile_app
ACT-02318,O01016,C0080,ETA_VIEWED,2026-08-17T13:54:00,mobile_app
ACT-02319,O01016,C0080,ETA_VIEWED,2026-08-17T13:58:00,mobile_app
ACT-02320,O00932,C0454,ETA_VIEWED,2026-08-27T12:09:00,mobile_app
ACT-02321,O01398,C0285,ETA_VIEWED,2026-08-24T17:50:00,mobile_app
ACT-02322,O01398,C0285,ETA_VIEWED,2026-08-24T17:53:00,mobile_app
ACT-02323,O01398,C0285,ETA_VIEWED,2026-08-24T17:52:00,mobile_app
ACT-02324,O01453,C0278,ETA_VIEWED,2026-08-15T20:41:00,mobile_app
ACT-02325,O01083,C0281,ETA_VIEWED,2026-08-01T19:34:00,mobile_app
ACT-02326,O01083,C0281,ETA_VIEWED,2026-08-01T19:30:00,mobile_app
ACT-02327,O01083,C0281,SUPPORT_OPENED,2026-08-01T20:29:48,mobile_app
ACT-02328,O00712,C0266,ETA_VIEWED,2026-08-04T19:40:00,mobile_app
ACT-02329,O01491,C0068,ETA_VIEWED,2026-08-13T18:39:00,mobile_app
ACT-02330,O00016,C0326,ETA_VIEWED,2026-08-14T13:08:00,mobile_app
ACT-02331,O00111,C0338,ETA_VIEWED,2026-08-15T14:27:00,mobile_app
ACT-02332,O00111,C0338,ETA_VIEWED,2026-08-15T14:41:00,mobile_app
ACT-02333,O00111,C0338,ETA_VIEWED,2026-08-15T14:34:00,mobile_app
ACT-02334,O00229,C0534,ETA_VIEWED,2026-08-05T19:36:00,mobile_app
ACT-02335,O00229,C0534,ETA_VIEWED,2026-08-05T19:32:00,mobile_app
ACT-02336,O00229,C0534,ETA_VIEWED,2026-08-05T19:37:00,mobile_app
ACT-02337,O00632,C0869,ETA_VIEWED,2026-08-14T19:00:00,mobile_app
ACT-02338,O00632,C0869,ETA_VIEWED,2026-08-14T18:50:00,mobile_app
ACT-02339,O00632,C0869,ETA_VIEWED,2026-08-14T18:41:00,mobile_app
ACT-02340,O01159,C0549,ETA_VIEWED,2026-08-07T16:35:00,mobile_app
ACT-02341,O00297,C0303,ETA_VIEWED,2026-08-24T11:46:00,mobile_app
ACT-02342,O00297,C0303,ETA_VIEWED,2026-08-24T11:50:00,mobile_app
ACT-02343,O00297,C0303,ETA_VIEWED,2026-08-24T11:50:00,mobile_app
ACT-02344,O00654,C0355,ETA_VIEWED,2026-08-28T20:13:00,mobile_app
ACT-02345,O00654,C0355,ETA_VIEWED,2026-08-28T20:18:00,mobile_app
ACT-02346,O00089,C0341,ETA_VIEWED,2026-08-24T23:41:00,mobile_app
ACT-02347,O00089,C0341,ETA_VIEWED,2026-08-24T23:46:00,mobile_app
ACT-02348,O00089,C0341,ETA_VIEWED,2026-08-24T23:42:00,mobile_app
ACT-02349,O00089,C0341,SUPPORT_OPENED,2026-08-25T00:51:37.010931,mobile_app
ACT-02350,O00655,C0087,ETA_VIEWED,2026-08-14T15:01:00,mobile_app
ACT-02351,O00655,C0087,ETA_VIEWED,2026-08-14T15:14:00,mobile_app
ACT-02352,O00904,C0311,ETA_VIEWED,2026-08-08T23:47:00,mobile_app
ACT-02353,O00904,C0311,SUPPORT_OPENED,2026-08-09T01:05:05.486411,mobile_app
ACT-02354,O00461,C0106,ETA_VIEWED,2026-08-07T21:05:00,mobile_app
ACT-02355,O00461,C0106,ETA_VIEWED,2026-08-07T21:18:00,mobile_app
ACT-02356,O00841,C0118,ETA_VIEWED,2026-08-19T18:27:00,mobile_app
ACT-02357,O00841,C0118,ETA_VIEWED,2026-08-19T18:25:00,mobile_app
ACT-02358,O00841,C0118,ETA_VIEWED,2026-08-19T18:38:00,mobile_app
ACT-02359,O00812,C0575,ETA_VIEWED,2026-08-05T16:29:00,mobile_app
ACT-02360,O00812,C0575,ETA_VIEWED,2026-08-05T16:17:00,mobile_app
ACT-02361,O01179,C0092,ETA_VIEWED,2026-08-08T14:58:00,mobile_app
ACT-02362,O01096,C0456,ETA_VIEWED,2026-08-11T15:29:00,mobile_app
ACT-02363,O01183,C0761,ETA_VIEWED,2026-08-02T18:46:00,mobile_app
ACT-02364,O01183,C0761,ETA_VIEWED,2026-08-02T18:49:00,mobile_app
ACT-02365,O01183,C0761,ETA_VIEWED,2026-08-02T19:01:00,mobile_app
