event_id,order_id,event_type,event_time,actor_type,actor_id,source_system
EV-000001,O00001,ORDER_CREATED,2026-08-13T12:56:00,customer,C0168,order_platform
EV-000002,O00001,PICKED_UP,2026-08-13T13:35:49.825561,driver,D103,order_platform
EV-000003,O00001,DELIVERED,2026-08-13T14:22:25.035899,driver,D103,order_platform
EV-000004,O00002,ORDER_CREATED,2026-08-01T18:36:00,customer,C0043,order_platform
EV-000005,O00002,PICKED_UP,2026-08-01T18:58:24.735336,driver,D083,order_platform
EV-000006,O00002,DELIVERED,2026-08-01T19:47:14.818533,driver,D083,order_platform
EV-000007,O00003,ORDER_CREATED,2026-08-01T19:35:00,customer,C0855,order_platform
EV-000008,O00003,PICKED_UP,2026-08-01T19:57:50.820366,driver,D039,order_platform
EV-000009,O00003,DELIVERED,2026-08-01T20:13:28.061191,driver,D039,order_platform
EV-000010,O00004,ORDER_CREATED,2026-08-09T18:16:00,customer,C0229,order_platform
EV-000011,O00004,PICKED_UP,2026-08-09T18:46:48.725485,driver,D038,order_platform
EV-000012,O00005,ORDER_CREATED,2026-08-06T20:35:00,customer,C0040,order_platform
EV-000013,O00005,PICKED_UP,2026-08-06T21:18:38.024280,driver,D047,order_platform
EV-000014,O00005,DELIVERED,2026-08-06T22:15:49.290713,driver,D047,order_platform
EV-000015,O00006,ORDER_CREATED,2026-08-26T23:02:00,customer,C0152,order_platform
EV-000016,O00006,PICKED_UP,2026-08-26T23:31:33.631520,driver,D120,order_platform
EV-000017,O00006,DELIVERED,2026-08-27T00:05:36.182189,driver,D120,order_platform
EV-000018,O00007,ORDER_CREATED,2026-08-14T11:47:00,customer,C0875,order_platform
EV-000019,O00007,PICKED_UP,2026-08-14T12:06:06.040105,driver,D094,order_platform
EV-000020,O00007,DELIVERED,2026-08-14T13:19:10.066680,driver,D094,order_platform
EV-000021,O00008,ORDER_CREATED,2026-08-27T22:22:00,customer,C0223,order_platform
EV-000022,O00008,PICKED_UP,2026-08-27T23:11:00.536098,driver,D031,order_platform
EV-000023,O00008,DELIVERED,2026-08-28T00:06:57.494136,driver,D031,order_platform
EV-000024,O00009,ORDER_CREATED,2026-08-09T13:16:00,customer,C0685,order_platform
EV-000025,O00009,PICKED_UP,2026-08-09T13:48:11.662156,driver,D078,order_platform
EV-000026,O00009,DELIVERED,2026-08-09T14:22:13.491008,driver,D078,order_platform
EV-000027,O00010,ORDER_CREATED,2026-08-22T13:27:00,customer,C0530,order_platform
EV-000028,O00010,PICKED_UP,2026-08-22T13:51:04.636196,driver,D082,order_platform
EV-000029,O00010,DELIVERED,2026-08-22T14:22:26.150344,driver,D082,order_platform
EV-000030,O00011,ORDER_CREATED,2026-08-13T19:57:00,customer,C0709,order_platform
EV-000031,O00011,PICKED_UP,2026-08-13T20:25:14.921540,driver,D007,order_platform
EV-000032,O00011,DELIVERED,2026-08-13T20:51:14.432682,driver,D007,order_platform
EV-000033,O00012,ORDER_CREATED,2026-08-22T12:32:00,customer,C0366,order_platform
EV-000034,O00012,PICKED_UP,2026-08-22T13:23:21.406966,driver,D094,order_platform
EV-000035,O00012,DELIVERED,2026-08-22T13:55:10.513418,driver,D094,order_platform
EV-000036,O00013,ORDER_CREATED,2026-08-23T19:31:00,customer,C0317,order_platform
EV-000037,O00013,PICKED_UP,2026-08-23T19:56:41.741882,driver,D098,order_platform
EV-000038,O00013,DELIVERED,2026-08-23T20:34:57.522531,driver,D098,order_platform
EV-000039,O00014,ORDER_CREATED,2026-08-22T18:35:00,customer,C0542,order_platform
EV-000040,O00014,PICKED_UP,2026-08-22T18:59:38.422208,driver,D005,order_platform
EV-000041,O00014,DELIVERED,2026-08-22T20:01:42.256596,driver,D005,order_platform
EV-000042,O00015,ORDER_CREATED,2026-08-16T19:17:00,customer,C0578,order_platform
EV-000043,O00015,PICKED_UP,2026-08-16T19:44:32.256723,driver,D014,order_platform
EV-000044,O00015,DELIVERED,2026-08-16T20:36:53.095103,driver,D014,order_platform
EV-000045,O00016,ORDER_CREATED,2026-08-14T12:53:00,customer,C0326,order_platform
EV-000046,O00016,PICKED_UP,2026-08-14T13:21:47.806363,driver,D102,order_platform
EV-000047,O00016,DELIVERED,2026-08-14T14:13:35.547689,driver,D102,order_platform
EV-000048,O00017,ORDER_CREATED,2026-08-24T20:51:00,customer,C0270,order_platform
EV-000049,O00017,PICKED_UP,2026-08-24T21:13:50.967069,driver,D028,order_platform
EV-000050,O00018,ORDER_CREATED,2026-08-24T13:29:00,customer,C0886,order_platform
EV-000051,O00018,PICKED_UP,2026-08-24T13:49:52.409699,driver,D095,order_platform
EV-000052,O00018,DELIVERED,2026-08-24T15:09:50.026151,driver,D095,order_platform
EV-000053,O00019,ORDER_CREATED,2026-08-13T15:53:00,customer,C0357,order_platform
EV-000054,O00019,PICKED_UP,2026-08-13T16:21:28.629470,driver,D016,order_platform
EV-000055,O00019,DELIVERED,2026-08-13T16:42:01.993336,driver,D016,order_platform
EV-000056,O00020,ORDER_CREATED,2026-08-07T21:39:00,customer,C0384,order_platform
EV-000057,O00020,PICKED_UP,2026-08-07T22:08:05.978241,driver,D036,order_platform
EV-000058,O00020,DELIVERED,2026-08-07T22:40:46.404645,driver,D036,order_platform
EV-000059,O00021,ORDER_CREATED,2026-08-10T12:01:00,customer,C0090,order_platform
EV-000060,O00021,PICKED_UP,2026-08-10T12:13:20.502684,driver,D034,order_platform
EV-000061,O00021,DELIVERED,2026-08-10T13:18:22.060190,driver,D034,order_platform
EV-000062,O00022,ORDER_CREATED,2026-08-26T11:34:00,customer,C0189,order_platform
EV-000063,O00022,PICKED_UP,2026-08-26T11:59:18.389455,driver,D055,order_platform
EV-000064,O00022,DELIVERED,2026-08-26T12:38:45.059668,driver,D055,order_platform
EV-000065,O00023,ORDER_CREATED,2026-08-26T22:49:00,customer,C0129,order_platform
EV-000066,O00023,PICKED_UP,2026-08-26T23:06:00.277655,driver,D028,order_platform
EV-000067,O00023,DELIVERED,2026-08-26T23:36:12.854112,driver,D028,order_platform
EV-000068,O00024,ORDER_CREATED,2026-08-16T14:51:00,customer,C0677,order_platform
EV-000069,O00024,PICKED_UP,2026-08-16T15:17:20.724084,driver,D049,order_platform
EV-000070,O00024,DELIVERED,2026-08-16T15:53:03.503851,driver,D049,order_platform
EV-000071,O00025,ORDER_CREATED,2026-08-01T12:14:00,customer,C0886,order_platform
EV-000072,O00025,PICKED_UP,2026-08-01T12:29:31.152542,driver,D039,order_platform
EV-000073,O00025,DELIVERED,2026-08-01T13:20:06.003033,driver,D039,order_platform
EV-000074,O00026,ORDER_CREATED,2026-08-18T22:44:00,customer,C0387,order_platform
EV-000075,O00026,PICKED_UP,2026-08-18T22:55:15.444652,driver,D078,order_platform
EV-000076,O00026,DELIVERED,2026-08-18T23:41:17.389921,driver,D078,order_platform
EV-000077,O00027,ORDER_CREATED,2026-08-09T11:03:00,customer,C0253,order_platform
EV-000078,O00027,PICKED_UP,2026-08-09T11:46:29.978834,driver,D053,order_platform
EV-000079,O00027,DELIVERED,2026-08-09T12:39:24.323714,driver,D053,order_platform
EV-000080,O00028,ORDER_CREATED,2026-08-04T20:25:00,customer,C0466,order_platform
EV-000081,O00028,PICKED_UP,2026-08-04T20:39:01.022116,driver,D058,order_platform
EV-000082,O00028,DELIVERED,2026-08-04T21:26:49.720910,driver,D058,order_platform
EV-000083,O00029,ORDER_CREATED,2026-08-15T16:37:00,customer,C0808,order_platform
EV-000084,O00029,PICKED_UP,2026-08-15T17:00:48.040905,driver,D023,order_platform
EV-000085,O00029,DELIVERED,2026-08-15T18:04:48.522886,driver,D023,order_platform
EV-000086,O00030,ORDER_CREATED,2026-08-03T13:26:00,customer,C0409,order_platform
EV-000087,O00030,PICKED_UP,2026-08-03T13:51:40.389650,driver,D120,order_platform
EV-000088,O00030,DELIVERED,2026-08-03T14:39:02.098618,driver,D120,order_platform
EV-000089,O00031,ORDER_CREATED,2026-08-09T20:04:00,customer,C0128,order_platform
EV-000090,O00031,PICKED_UP,2026-08-09T20:33:38.793988,driver,D017,order_platform
EV-000091,O00031,DELIVERED,2026-08-09T21:01:36.190772,driver,D017,order_platform
EV-000092,O00032,ORDER_CREATED,2026-08-14T20:38:00,customer,C0392,order_platform
EV-000093,O00032,PICKED_UP,2026-08-14T21:07:09.676879,driver,D027,order_platform
EV-000094,O00032,DELIVERED,2026-08-14T21:18:38.840632,driver,D027,order_platform
EV-000095,O00033,ORDER_CREATED,2026-08-06T23:27:00,customer,C0536,order_platform
EV-000096,O00033,PICKED_UP,2026-08-07T00:09:18.107741,driver,D118,order_platform
EV-000097,O00033,DELIVERED,2026-08-07T01:01:07.342758,driver,D118,order_platform
EV-000098,O00034,ORDER_CREATED,2026-08-25T17:32:00,customer,C0356,order_platform
EV-000099,O00034,PICKED_UP,2026-08-25T17:56:21.860118,driver,D035,order_platform
EV-000100,O00034,DELIVERED,2026-08-25T18:39:08.259091,driver,D035,order_platform
EV-000101,O00035,ORDER_CREATED,2026-08-10T18:44:00,customer,C0386,order_platform
EV-000102,O00035,PICKED_UP,2026-08-10T19:12:19.400185,driver,D113,order_platform
EV-000103,O00035,DELIVERED,2026-08-10T19:27:44.429504,driver,D113,order_platform
EV-000104,O00036,ORDER_CREATED,2026-08-23T16:45:00,customer,C0495,order_platform
EV-000105,O00036,PICKED_UP,2026-08-23T17:04:53.954518,driver,D082,order_platform
EV-000106,O00036,DELIVERED,2026-08-23T17:53:16.280620,driver,D082,order_platform
EV-000107,O00037,ORDER_CREATED,2026-08-09T20:18:00,customer,C0346,order_platform
EV-000108,O00037,PICKED_UP,2026-08-09T20:50:48.474029,driver,D076,order_platform
EV-000109,O00037,DELIVERED,2026-08-09T21:55:45.135763,driver,D076,order_platform
EV-000110,O00038,ORDER_CREATED,2026-08-08T21:26:00,customer,C0375,order_platform
EV-000111,O00038,PICKED_UP,2026-08-08T21:48:05.008508,driver,D050,order_platform
EV-000112,O00038,DELIVERED,2026-08-08T22:35:35.238022,driver,D050,order_platform
EV-000113,O00039,ORDER_CREATED,2026-08-11T21:55:00,customer,C0266,order_platform
EV-000114,O00039,PICKED_UP,2026-08-11T22:27:09.021609,driver,D037,order_platform
EV-000115,O00039,DELIVERED,2026-08-11T23:09:25.053883,driver,D037,order_platform
EV-000116,O00040,ORDER_CREATED,2026-08-11T19:56:00,customer,C0374,order_platform
EV-000117,O00040,PICKED_UP,2026-08-11T20:40:03.749918,driver,D035,order_platform
EV-000118,O00040,DELIVERED,2026-08-11T21:15:39.373978,driver,D035,order_platform
EV-000119,O00041,ORDER_CREATED,2026-08-01T11:50:00,customer,C0008,order_platform
EV-000120,O00041,PICKED_UP,2026-08-01T12:20:10.069906,driver,D098,order_platform
EV-000121,O00041,DELIVERED,2026-08-01T13:08:11.752741,driver,D098,order_platform
EV-000122,O00042,ORDER_CREATED,2026-08-09T18:42:00,customer,C0862,order_platform
EV-000123,O00042,PICKED_UP,2026-08-09T19:07:01.883678,driver,D041,order_platform
EV-000124,O00042,DELIVERED,2026-08-09T19:34:20.331287,driver,D041,order_platform
EV-000125,O00043,ORDER_CREATED,2026-08-04T14:36:00,customer,C0405,order_platform
EV-000126,O00043,PICKED_UP,2026-08-04T15:24:49.846453,driver,D102,order_platform
EV-000127,O00044,ORDER_CREATED,2026-08-08T19:39:00,customer,C0644,order_platform
EV-000128,O00044,PICKED_UP,2026-08-08T20:09:43.232668,driver,D080,order_platform
EV-000129,O00044,DELIVERED,2026-08-08T20:50:55.989452,driver,D080,order_platform
EV-000130,O00045,ORDER_CREATED,2026-08-14T13:08:00,customer,C0306,order_platform
EV-000131,O00045,PICKED_UP,2026-08-14T13:29:04.252494,driver,D020,order_platform
EV-000132,O00045,DELIVERED,2026-08-14T14:35:01.740517,driver,D020,order_platform
EV-000133,O00046,ORDER_CREATED,2026-08-05T20:14:00,customer,C0828,order_platform
EV-000134,O00046,PICKED_UP,2026-08-05T20:29:13.634840,driver,D034,order_platform
EV-000135,O00046,DELIVERED,2026-08-05T20:51:44.881147,driver,D034,order_platform
EV-000136,O00047,ORDER_CREATED,2026-08-22T15:24:00,customer,C0285,order_platform
EV-000137,O00047,PICKED_UP,2026-08-22T16:15:40.868551,driver,D111,order_platform
EV-000138,O00047,DELIVERED,2026-08-22T17:13:46.468098,driver,D111,order_platform
EV-000139,O00048,ORDER_CREATED,2026-08-10T23:07:00,customer,C0675,order_platform
EV-000140,O00048,PICKED_UP,2026-08-10T23:53:00.424638,driver,D039,order_platform
EV-000141,O00048,DELIVERED,2026-08-11T00:20:25.937903,driver,D039,order_platform
EV-000142,O00049,ORDER_CREATED,2026-08-09T11:23:00,customer,C0544,order_platform
EV-000143,O00049,PICKED_UP,2026-08-09T11:50:43.930186,driver,D042,order_platform
EV-000144,O00049,DELIVERED,2026-08-09T12:06:08.285589,driver,D042,order_platform
EV-000145,O00050,ORDER_CREATED,2026-08-22T14:40:00,customer,C0116,order_platform
EV-000146,O00050,PICKED_UP,2026-08-22T15:11:29.011983,driver,D070,order_platform
EV-000147,O00050,DELIVERED,2026-08-22T15:36:07.615519,driver,D070,order_platform
EV-000148,O00051,ORDER_CREATED,2026-08-01T15:09:00,customer,C0875,order_platform
EV-000149,O00051,PICKED_UP,2026-08-01T16:24:51.495665,driver,D058,order_platform
EV-000150,O00051,DELIVERED,2026-08-01T16:19:51.495665,driver,D058,order_platform
EV-000151,O00052,ORDER_CREATED,2026-08-24T17:07:00,customer,C0610,order_platform
EV-000152,O00052,PICKED_UP,2026-08-24T18:16:16.946011,driver,D086,order_platform
EV-000153,O00052,DELIVERED,2026-08-24T18:11:16.946011,driver,D086,order_platform
EV-000154,O00053,ORDER_CREATED,2026-08-13T17:06:00,customer,C0797,order_platform
EV-000155,O00053,PICKED_UP,2026-08-13T18:25:53.797613,driver,D028,order_platform
EV-000156,O00053,DELIVERED,2026-08-13T18:20:53.797613,driver,D028,order_platform
EV-000157,O00054,ORDER_CREATED,2026-08-28T19:56:00,customer,C0270,order_platform
EV-000158,O00054,PICKED_UP,2026-08-28T21:25:10.582862,driver,D113,order_platform
EV-000159,O00054,DELIVERED,2026-08-28T21:20:10.582862,driver,D113,order_platform
EV-000160,O00055,ORDER_CREATED,2026-08-16T12:53:00,customer,C0511,order_platform
EV-000161,O00055,PICKED_UP,2026-08-16T14:08:05.645770,driver,D030,order_platform
EV-000162,O00055,DELIVERED,2026-08-16T14:03:05.645770,driver,D030,order_platform
EV-000163,O00056,ORDER_CREATED,2026-08-10T19:22:00,customer,C0321,order_platform
EV-000164,O00056,PICKED_UP,2026-08-10T19:40:53.826897,driver,D087,order_platform
EV-000165,O00056,DELIVERED,2026-08-10T20:27:29.150791,driver,D087,order_platform
EV-000166,O00057,ORDER_CREATED,2026-08-27T19:43:00,customer,C0097,order_platform
EV-000167,O00057,PICKED_UP,2026-08-27T20:05:29.848536,driver,D018,order_platform
EV-000168,O00057,DELIVERED,2026-08-27T20:56:43.749750,driver,D018,order_platform
EV-000169,O00058,ORDER_CREATED,2026-08-05T20:01:00,customer,C0604,order_platform
EV-000170,O00058,PICKED_UP,2026-08-05T20:32:28.460434,driver,D007,order_platform
EV-000171,O00058,DELIVERED,2026-08-05T21:08:44.647933,driver,D007,order_platform
EV-000172,O00059,ORDER_CREATED,2026-08-09T18:27:00,customer,C0242,order_platform
EV-000173,O00059,PICKED_UP,2026-08-09T18:46:59.607808,driver,D024,order_platform
EV-000174,O00059,DELIVERED,2026-08-09T19:12:16.937862,driver,D024,order_platform
EV-000175,O00060,ORDER_CREATED,2026-08-10T22:49:00,customer,C0210,order_platform
EV-000176,O00060,PICKED_UP,2026-08-10T23:32:03.056253,driver,D023,order_platform
EV-000177,O00060,DELIVERED,2026-08-11T00:10:51.404067,driver,D023,order_platform
EV-000178,O00061,ORDER_CREATED,2026-08-03T21:36:00,customer,C0352,order_platform
EV-000179,O00061,PICKED_UP,2026-08-03T21:49:32.897292,driver,D043,order_platform
EV-000180,O00061,DELIVERED,2026-08-03T22:29:14.636022,driver,D043,order_platform
EV-000181,O00062,ORDER_CREATED,2026-08-17T12:55:00,customer,C0243,order_platform
EV-000182,O00062,PICKED_UP,2026-08-17T13:22:19.852864,driver,D088,order_platform
EV-000183,O00062,DELIVERED,2026-08-17T14:00:44.168583,driver,D088,order_platform
EV-000184,O00063,ORDER_CREATED,2026-08-20T13:48:00,customer,C0427,order_platform
EV-000185,O00063,PICKED_UP,2026-08-20T14:07:56.067127,driver,D103,order_platform
EV-000186,O00063,DELIVERED,2026-08-20T14:59:23.320672,driver,D103,order_platform
EV-000187,O00064,ORDER_CREATED,2026-08-09T19:22:00,customer,C0265,order_platform
EV-000188,O00064,PICKED_UP,2026-08-09T20:20:33.032412,driver,D032,order_platform
EV-000189,O00064,DELIVERED,2026-08-09T21:05:34.486949,driver,D032,order_platform
EV-000190,O00065,ORDER_CREATED,2026-08-21T13:38:00,customer,C0553,order_platform
EV-000191,O00065,PICKED_UP,2026-08-21T14:11:07.263020,driver,D065,order_platform
EV-000192,O00065,DELIVERED,2026-08-21T15:02:05.311675,driver,D065,order_platform
EV-000193,O00066,ORDER_CREATED,2026-08-13T17:21:00,customer,C0479,order_platform
EV-000194,O00066,PICKED_UP,2026-08-13T17:41:22.556953,driver,D086,order_platform
EV-000195,O00066,DELIVERED,2026-08-13T18:41:27.984968,driver,D086,order_platform
EV-000196,O00067,ORDER_CREATED,2026-08-12T16:41:00,customer,C0684,order_platform
EV-000197,O00067,PICKED_UP,2026-08-12T17:13:14.803034,driver,D006,order_platform
EV-000198,O00067,DELIVERED,2026-08-12T18:07:40.488736,driver,D006,order_platform
EV-000199,O00068,ORDER_CREATED,2026-08-12T11:19:00,customer,C0359,order_platform
EV-000200,O00068,PICKED_UP,2026-08-12T11:44:36.650431,driver,D003,order_platform
EV-000201,O00068,DELIVERED,2026-08-12T12:30:32.618666,driver,D003,order_platform
EV-000202,O00069,ORDER_CREATED,2026-08-20T13:24:00,customer,C0341,order_platform
EV-000203,O00069,PICKED_UP,2026-08-20T13:51:08.059244,driver,D036,order_platform
EV-000204,O00069,DELIVERED,2026-08-20T14:33:18.505133,driver,D036,order_platform
EV-000205,O00070,ORDER_CREATED,2026-08-26T20:57:00,customer,C0304,order_platform
EV-000206,O00070,PICKED_UP,2026-08-26T21:07:28.452409,driver,D021,order_platform
EV-000207,O00070,DELIVERED,2026-08-26T21:58:51.688833,driver,D021,order_platform
EV-000208,O00071,ORDER_CREATED,2026-08-21T18:23:00,customer,C0391,order_platform
EV-000209,O00071,PICKED_UP,2026-08-21T18:56:42.768236,driver,D092,order_platform
EV-000210,O00071,DELIVERED,2026-08-21T19:49:45.210065,driver,D092,order_platform
EV-000211,O00072,ORDER_CREATED,2026-08-15T21:59:00,customer,C0499,order_platform
EV-000212,O00072,PICKED_UP,2026-08-15T22:28:48.467550,driver,D088,order_platform
EV-000213,O00072,DELIVERED,2026-08-15T23:02:38.501816,driver,D088,order_platform
EV-000214,O00073,ORDER_CREATED,2026-08-27T13:45:00,customer,C0750,order_platform
EV-000215,O00073,PICKED_UP,2026-08-27T14:21:59.206034,driver,D070,order_platform
EV-000216,O00073,DELIVERED,2026-08-27T14:57:32.152522,driver,D070,order_platform
EV-000217,O00074,ORDER_CREATED,2026-08-20T18:07:00,customer,C0492,order_platform
EV-000218,O00074,PICKED_UP,2026-08-20T18:34:00.420270,driver,D089,order_platform
EV-000219,O00074,DELIVERED,2026-08-20T19:34:23.133807,driver,D089,order_platform
EV-000220,O00075,ORDER_CREATED,2026-08-17T23:04:00,customer,C0055,order_platform
EV-000221,O00075,PICKED_UP,2026-08-17T23:34:16.214030,driver,D035,order_platform
EV-000222,O00076,ORDER_CREATED,2026-08-21T17:23:00,customer,C0876,order_platform
EV-000223,O00076,PICKED_UP,2026-08-21T17:50:53.912802,driver,D041,order_platform
EV-000224,O00076,DELIVERED,2026-08-21T18:41:37.819229,driver,D041,order_platform
EV-000225,O00077,ORDER_CREATED,2026-08-15T23:30:00,customer,C0157,order_platform
EV-000226,O00077,PICKED_UP,2026-08-16T00:18:41.900236,driver,D108,order_platform
EV-000227,O00077,DELIVERED,2026-08-16T01:01:54.139242,driver,D108,order_platform
EV-000228,O00078,ORDER_CREATED,2026-08-25T19:18:00,customer,C0633,order_platform
EV-000229,O00078,PICKED_UP,2026-08-25T19:38:13.247574,driver,D055,order_platform
EV-000230,O00078,DELIVERED,2026-08-25T20:30:57.518398,driver,D055,order_platform
EV-000231,O00079,ORDER_CREATED,2026-08-09T20:46:00,customer,C0387,order_platform
EV-000232,O00079,PICKED_UP,2026-08-09T21:08:46.629720,driver,D078,order_platform
EV-000233,O00079,DELIVERED,2026-08-09T22:03:08.100826,driver,D078,order_platform
EV-000234,O00080,ORDER_CREATED,2026-08-20T23:17:00,customer,C0229,order_platform
EV-000235,O00080,PICKED_UP,2026-08-21T00:04:18.199111,driver,D037,order_platform
EV-000236,O00080,DELIVERED,2026-08-21T01:01:48.459960,driver,D037,order_platform
EV-000237,O00081,ORDER_CREATED,2026-08-19T11:09:00,customer,C0581,order_platform
EV-000238,O00081,PICKED_UP,2026-08-19T11:26:02.999481,driver,D004,order_platform
EV-000239,O00081,DELIVERED,2026-08-19T12:24:09.886909,driver,D004,order_platform
EV-000240,O00082,ORDER_CREATED,2026-08-17T17:35:00,customer,C0366,order_platform
EV-000241,O00082,PICKED_UP,2026-08-17T17:51:55.830854,driver,D029,order_platform
EV-000242,O00082,DELIVERED,2026-08-17T18:13:47.804039,driver,D029,order_platform
EV-000243,O00083,ORDER_CREATED,2026-08-15T23:51:00,customer,C0404,order_platform
EV-000244,O00083,PICKED_UP,2026-08-16T00:13:07.414442,driver,D061,order_platform
EV-000245,O00083,DELIVERED,2026-08-16T01:15:40.179224,driver,D061,order_platform
EV-000246,O00084,ORDER_CREATED,2026-08-07T20:15:00,customer,C0242,order_platform
EV-000247,O00084,PICKED_UP,2026-08-07T20:31:38.288560,driver,D008,order_platform
EV-000248,O00084,DELIVERED,2026-08-07T21:27:14.338789,driver,D008,order_platform
EV-000249,O00085,ORDER_CREATED,2026-08-03T12:20:00,customer,C0219,order_platform
EV-000250,O00085,PICKED_UP,2026-08-03T12:44:22.694982,driver,D037,order_platform
EV-000251,O00085,DELIVERED,2026-08-03T13:39:23.274303,driver,D037,order_platform
EV-000252,O00086,ORDER_CREATED,2026-08-04T18:19:00,customer,C0011,order_platform
EV-000253,O00086,PICKED_UP,2026-08-04T18:43:02.980015,driver,D108,order_platform
EV-000254,O00086,DELIVERED,2026-08-04T19:30:47.013099,driver,D108,order_platform
EV-000255,O00087,ORDER_CREATED,2026-08-06T19:37:00,customer,C0249,order_platform
EV-000256,O00087,PICKED_UP,2026-08-06T19:55:57.983013,driver,D032,order_platform
EV-000257,O00087,DELIVERED,2026-08-06T20:41:02.048528,driver,D032,order_platform
EV-000258,O00088,ORDER_CREATED,2026-08-16T21:34:00,customer,C0077,order_platform
EV-000259,O00088,PICKED_UP,2026-08-16T21:51:36.170791,driver,D032,order_platform
EV-000260,O00088,DELIVERED,2026-08-16T22:55:19.466837,driver,D032,order_platform
EV-000261,O00089,ORDER_CREATED,2026-08-24T23:22:00,customer,C0341,order_platform
EV-000262,O00089,PICKED_UP,2026-08-24T23:51:10.776789,driver,D016,order_platform
EV-000263,O00089,DELIVERED,2026-08-25T00:56:28.164196,driver,D016,order_platform
EV-000264,O00090,ORDER_CREATED,2026-08-20T17:55:00,customer,C0435,order_platform
EV-000265,O00090,PICKED_UP,2026-08-20T18:31:29.635751,driver,D106,order_platform
EV-000266,O00090,DELIVERED,2026-08-20T19:37:33.495349,driver,D106,order_platform
EV-000267,O00091,ORDER_CREATED,2026-08-08T14:22:00,customer,C0567,order_platform
EV-000268,O00091,PICKED_UP,2026-08-08T14:42:22.888278,driver,D050,order_platform
EV-000269,O00091,DELIVERED,2026-08-08T15:32:46.714468,driver,D050,order_platform
EV-000270,O00092,ORDER_CREATED,2026-08-03T17:28:00,customer,C0680,order_platform
EV-000271,O00092,PICKED_UP,2026-08-03T17:53:55.130436,driver,D010,order_platform
EV-000272,O00092,DELIVERED,2026-08-03T18:51:24.017088,driver,D010,order_platform
EV-000273,O00093,ORDER_CREATED,2026-08-02T11:45:00,customer,C0110,order_platform
EV-000274,O00093,PICKED_UP,2026-08-02T12:11:43.037180,driver,D042,order_platform
EV-000275,O00093,DELIVERED,2026-08-02T13:01:53.275765,driver,D042,order_platform
EV-000276,O00094,ORDER_CREATED,2026-08-19T16:52:00,customer,C0878,order_platform
EV-000277,O00094,PICKED_UP,2026-08-19T17:39:02.564976,driver,D072,order_platform
EV-000278,O00094,DELIVERED,2026-08-19T18:24:21.698196,driver,D072,order_platform
EV-000279,O00095,ORDER_CREATED,2026-08-21T20:49:00,customer,C0091,order_platform
EV-000280,O00095,PICKED_UP,2026-08-21T21:34:59.863473,driver,D107,order_platform
EV-000281,O00096,ORDER_CREATED,2026-08-28T21:46:00,customer,C0757,order_platform
EV-000282,O00096,PICKED_UP,2026-08-28T22:07:07.159833,driver,D006,order_platform
EV-000283,O00096,DELIVERED,2026-08-28T22:54:02.388621,driver,D006,order_platform
EV-000284,O00097,ORDER_CREATED,2026-08-26T19:39:00,customer,C0561,order_platform
EV-000285,O00097,PICKED_UP,2026-08-26T20:05:04.445452,driver,D026,order_platform
EV-000286,O00097,DELIVERED,2026-08-26T21:07:54.066262,driver,D026,order_platform
EV-000287,O00098,ORDER_CREATED,2026-08-04T18:34:00,customer,C0318,order_platform
EV-000288,O00098,PICKED_UP,2026-08-04T19:02:55.655146,driver,D035,order_platform
EV-000289,O00098,DELIVERED,2026-08-04T19:47:49.583343,driver,D035,order_platform
EV-000290,O00099,ORDER_CREATED,2026-08-18T19:08:00,customer,C0046,order_platform
EV-000291,O00099,PICKED_UP,2026-08-18T19:38:28.716286,driver,D040,order_platform
EV-000292,O00099,DELIVERED,2026-08-18T20:19:55.577319,driver,D040,order_platform
EV-000293,O00100,ORDER_CREATED,2026-08-18T23:10:00,customer,C0485,order_platform
EV-000294,O00100,PICKED_UP,2026-08-18T23:32:27.248969,driver,D090,order_platform
EV-000295,O00100,DELIVERED,2026-08-19T00:28:17.159744,driver,D090,order_platform
EV-000296,O00101,ORDER_CREATED,2026-08-24T20:59:00,customer,C0538,order_platform
EV-000297,O00101,PICKED_UP,2026-08-24T21:25:03.983984,driver,D111,order_platform
EV-000298,O00101,DELIVERED,2026-08-24T22:14:30.685278,driver,D111,order_platform
EV-000299,O00102,ORDER_CREATED,2026-08-11T16:41:00,customer,C0263,order_platform
EV-000300,O00102,PICKED_UP,2026-08-11T17:05:05.809584,driver,D056,order_platform
EV-000301,O00102,DELIVERED,2026-08-11T17:57:17.661772,driver,D056,order_platform
EV-000302,O00103,ORDER_CREATED,2026-08-22T20:11:00,customer,C0389,order_platform
EV-000303,O00103,PICKED_UP,2026-08-22T20:39:45.064627,driver,D098,order_platform
EV-000304,O00103,DELIVERED,2026-08-22T21:10:17.342305,driver,D098,order_platform
EV-000305,O00104,ORDER_CREATED,2026-08-09T22:19:00,customer,C0436,order_platform
EV-000306,O00104,PICKED_UP,2026-08-09T22:47:33.934776,driver,D055,order_platform
EV-000307,O00104,DELIVERED,2026-08-09T23:36:20.740161,driver,D055,order_platform
EV-000308,O00105,ORDER_CREATED,2026-08-08T14:08:00,customer,C0729,order_platform
EV-000309,O00105,PICKED_UP,2026-08-08T14:26:39.014283,driver,D069,order_platform
EV-000310,O00105,DELIVERED,2026-08-08T15:14:12.630181,driver,D069,order_platform
EV-000311,O00106,ORDER_CREATED,2026-08-12T12:36:00,customer,C0760,order_platform
EV-000312,O00106,PICKED_UP,2026-08-12T12:46:53.767240,driver,D089,order_platform
EV-000313,O00106,DELIVERED,2026-08-12T13:37:00.203394,driver,D089,order_platform
EV-000314,O00107,ORDER_CREATED,2026-08-15T20:29:00,customer,C0412,order_platform
EV-000315,O00107,PICKED_UP,2026-08-15T20:53:47.105998,driver,D001,order_platform
EV-000316,O00107,DELIVERED,2026-08-15T21:37:21.933301,driver,D001,order_platform
EV-000317,O00108,ORDER_CREATED,2026-08-18T23:59:00,customer,C0226,order_platform
EV-000318,O00108,PICKED_UP,2026-08-19T00:11:01.322470,driver,D057,order_platform
EV-000319,O00108,DELIVERED,2026-08-19T01:16:32.308921,driver,D057,order_platform
EV-000320,O00109,ORDER_CREATED,2026-08-28T18:41:00,customer,C0894,order_platform
EV-000321,O00109,PICKED_UP,2026-08-28T19:01:15.568247,driver,D040,order_platform
EV-000322,O00109,DELIVERED,2026-08-28T19:44:50.633375,driver,D040,order_platform
EV-000323,O00110,ORDER_CREATED,2026-08-12T13:12:00,customer,C0811,order_platform
EV-000324,O00110,PICKED_UP,2026-08-12T13:56:04.470524,driver,D037,order_platform
EV-000325,O00110,DELIVERED,2026-08-12T14:58:44.027044,driver,D037,order_platform
EV-000326,O00111,ORDER_CREATED,2026-08-15T14:13:00,customer,C0338,order_platform
EV-000327,O00111,PICKED_UP,2026-08-15T14:58:06.249152,driver,D118,order_platform
EV-000328,O00111,DELIVERED,2026-08-15T15:48:32.793183,driver,D118,order_platform
EV-000329,O00112,ORDER_CREATED,2026-08-09T12:37:00,customer,C0404,order_platform
EV-000330,O00112,PICKED_UP,2026-08-09T12:48:00.358227,driver,D115,order_platform
EV-000331,O00112,DELIVERED,2026-08-09T13:48:51.605724,driver,D115,order_platform
EV-000332,O00113,ORDER_CREATED,2026-08-18T18:54:00,customer,C0605,order_platform
EV-000333,O00113,PICKED_UP,2026-08-18T19:38:57.053016,driver,D059,order_platform
EV-000334,O00113,DELIVERED,2026-08-18T20:31:15.102926,driver,D059,order_platform
EV-000335,O00114,ORDER_CREATED,2026-08-03T18:53:00,customer,C0602,order_platform
EV-000336,O00114,PICKED_UP,2026-08-03T19:21:17.131133,driver,D093,order_platform
EV-000337,O00114,DELIVERED,2026-08-03T20:12:00.539850,driver,D093,order_platform
EV-000338,O00115,ORDER_CREATED,2026-08-24T12:48:00,customer,C0104,order_platform
EV-000339,O00115,PICKED_UP,2026-08-24T13:10:51.877854,driver,D029,order_platform
EV-000340,O00115,DELIVERED,2026-08-24T13:30:45.204008,driver,D029,order_platform
EV-000341,O00116,ORDER_CREATED,2026-08-26T23:30:00,customer,C0264,order_platform
EV-000342,O00116,PICKED_UP,2026-08-27T00:07:01.064026,driver,D100,order_platform
EV-000343,O00116,DELIVERED,2026-08-27T01:02:35.610076,driver,D100,order_platform
EV-000344,O00117,ORDER_CREATED,2026-08-18T19:43:00,customer,C0480,order_platform
EV-000345,O00117,PICKED_UP,2026-08-18T20:06:42.521740,driver,D016,order_platform
EV-000346,O00117,DELIVERED,2026-08-18T20:55:24.550476,driver,D016,order_platform
EV-000347,O00118,ORDER_CREATED,2026-08-27T21:52:00,customer,C0258,order_platform
EV-000348,O00118,PICKED_UP,2026-08-27T22:23:32.703369,driver,D032,order_platform
EV-000349,O00118,DELIVERED,2026-08-27T23:11:23.618617,driver,D032,order_platform
EV-000350,O00119,ORDER_CREATED,2026-08-24T15:18:00,customer,C0039,order_platform
EV-000351,O00119,PICKED_UP,2026-08-24T15:55:54.243412,driver,D115,order_platform
EV-000352,O00119,DELIVERED,2026-08-24T16:46:13.615274,driver,D115,order_platform
EV-000353,O00120,ORDER_CREATED,2026-08-13T18:15:00,customer,C0501,order_platform
EV-000354,O00120,PICKED_UP,2026-08-13T18:29:08.055622,driver,D045,order_platform
EV-000355,O00120,DELIVERED,2026-08-13T19:34:08.431508,driver,D045,order_platform
EV-000356,O00121,ORDER_CREATED,2026-08-14T19:21:00,customer,C0008,order_platform
EV-000357,O00121,PICKED_UP,2026-08-14T20:06:13.979013,driver,D011,order_platform
EV-000358,O00121,DELIVERED,2026-08-14T20:59:24.936926,driver,D011,order_platform
EV-000359,O00122,ORDER_CREATED,2026-08-11T11:13:00,customer,C0829,order_platform
EV-000360,O00122,PICKED_UP,2026-08-11T11:38:44.232576,driver,D087,order_platform
EV-000361,O00122,DELIVERED,2026-08-11T12:29:52.348141,driver,D087,order_platform
EV-000362,O00123,ORDER_CREATED,2026-08-03T18:22:00,customer,C0110,order_platform
EV-000363,O00123,PICKED_UP,2026-08-03T18:42:42.220551,driver,D104,order_platform
EV-000364,O00123,DELIVERED,2026-08-03T19:24:39.852763,driver,D104,order_platform
EV-000365,O00124,ORDER_CREATED,2026-08-13T17:43:00,customer,C0471,order_platform
EV-000366,O00124,PICKED_UP,2026-08-13T18:08:49.859896,driver,D053,order_platform
EV-000367,O00124,DELIVERED,2026-08-13T18:51:21.876941,driver,D053,order_platform
EV-000368,O00125,ORDER_CREATED,2026-08-01T22:28:00,customer,C0583,order_platform
EV-000369,O00125,PICKED_UP,2026-08-01T22:57:54.141616,driver,D103,order_platform
EV-000370,O00125,DELIVERED,2026-08-01T23:45:02.539050,driver,D103,order_platform
EV-000371,O00126,ORDER_CREATED,2026-08-03T20:35:00,customer,C0834,order_platform
EV-000372,O00126,PICKED_UP,2026-08-03T21:03:22.215700,driver,D104,order_platform
EV-000373,O00126,DELIVERED,2026-08-03T22:13:14.216068,driver,D104,order_platform
EV-000374,O00127,ORDER_CREATED,2026-08-03T17:15:00,customer,C0758,order_platform
EV-000375,O00127,PICKED_UP,2026-08-03T17:34:36.898065,driver,D047,order_platform
EV-000376,O00128,ORDER_CREATED,2026-08-20T13:20:00,customer,C0704,order_platform
EV-000377,O00128,PICKED_UP,2026-08-20T13:42:57.335430,driver,D010,order_platform
EV-000378,O00128,DELIVERED,2026-08-20T14:35:25.533191,driver,D010,order_platform
EV-000379,O00129,ORDER_CREATED,2026-08-12T12:36:00,customer,C0495,order_platform
EV-000380,O00129,PICKED_UP,2026-08-12T12:49:35.438483,driver,D090,order_platform
EV-000381,O00130,ORDER_CREATED,2026-08-15T20:53:00,customer,C0783,order_platform
EV-000382,O00130,PICKED_UP,2026-08-15T21:15:07.369165,driver,D041,order_platform
EV-000383,O00130,DELIVERED,2026-08-15T21:59:47.592892,driver,D041,order_platform
EV-000384,O00131,ORDER_CREATED,2026-08-28T19:34:00,customer,C0106,order_platform
EV-000385,O00131,PICKED_UP,2026-08-28T19:57:44.311187,driver,D060,order_platform
EV-000386,O00131,DELIVERED,2026-08-28T21:07:19.033974,driver,D060,order_platform
EV-000387,O00132,ORDER_CREATED,2026-08-21T17:48:00,customer,C0455,order_platform
EV-000388,O00132,PICKED_UP,2026-08-21T18:25:18.336678,driver,D052,order_platform
EV-000389,O00132,DELIVERED,2026-08-21T19:19:26.978884,driver,D052,order_platform
EV-000390,O00133,ORDER_CREATED,2026-08-16T12:26:00,customer,C0561,order_platform
EV-000391,O00133,PICKED_UP,2026-08-16T12:42:56.533519,driver,D119,order_platform
EV-000392,O00133,DELIVERED,2026-08-16T13:47:43.845091,driver,D119,order_platform
EV-000393,O00134,ORDER_CREATED,2026-08-11T12:02:00,customer,C0864,order_platform
EV-000394,O00134,PICKED_UP,2026-08-11T12:32:24.166489,driver,D025,order_platform
EV-000395,O00134,DELIVERED,2026-08-11T13:26:44.478045,driver,D025,order_platform
EV-000396,O00135,ORDER_CREATED,2026-08-26T17:11:00,customer,C0834,order_platform
EV-000397,O00135,PICKED_UP,2026-08-26T17:31:55.638508,driver,D036,order_platform
EV-000398,O00135,DELIVERED,2026-08-26T18:20:00.064441,driver,D036,order_platform
EV-000399,O00136,ORDER_CREATED,2026-08-19T12:55:00,customer,C0158,order_platform
EV-000400,O00136,PICKED_UP,2026-08-19T13:17:26.396076,driver,D089,order_platform
EV-000401,O00136,DELIVERED,2026-08-19T14:06:44.476209,driver,D089,order_platform
EV-000402,O00137,ORDER_CREATED,2026-08-23T20:58:00,customer,C0300,order_platform
EV-000403,O00137,PICKED_UP,2026-08-23T21:27:56.773299,driver,D041,order_platform
EV-000404,O00137,DELIVERED,2026-08-23T22:13:57.518372,driver,D041,order_platform
EV-000405,O00138,ORDER_CREATED,2026-08-06T18:31:00,customer,C0083,order_platform
EV-000406,O00138,PICKED_UP,2026-08-06T18:59:16.807438,driver,D064,order_platform
EV-000407,O00138,DELIVERED,2026-08-06T19:44:41.606985,driver,D064,order_platform
EV-000408,O00139,ORDER_CREATED,2026-08-19T11:48:00,customer,C0013,order_platform
EV-000409,O00139,PICKED_UP,2026-08-19T12:11:44.683358,driver,D040,order_platform
EV-000410,O00139,DELIVERED,2026-08-19T13:04:24.637458,driver,D040,order_platform
EV-000411,O00140,ORDER_CREATED,2026-08-18T20:23:00,customer,C0099,order_platform
EV-000412,O00140,PICKED_UP,2026-08-18T20:37:17.560186,driver,D003,order_platform
EV-000413,O00140,DELIVERED,2026-08-18T20:55:05.861193,driver,D003,order_platform
EV-000414,O00141,ORDER_CREATED,2026-08-27T12:55:00,customer,C0168,order_platform
EV-000415,O00141,PICKED_UP,2026-08-27T13:19:30.920330,driver,D015,order_platform
EV-000416,O00141,DELIVERED,2026-08-27T14:17:35.745239,driver,D015,order_platform
EV-000417,O00142,ORDER_CREATED,2026-08-19T17:17:00,customer,C0056,order_platform
EV-000418,O00142,PICKED_UP,2026-08-19T17:28:46.105943,driver,D036,order_platform
EV-000419,O00142,DELIVERED,2026-08-19T18:08:17.238707,driver,D036,order_platform
EV-000420,O00143,ORDER_CREATED,2026-08-08T13:20:00,customer,C0678,order_platform
EV-000421,O00143,PICKED_UP,2026-08-08T13:46:37.538377,driver,D030,order_platform
EV-000422,O00143,DELIVERED,2026-08-08T14:37:32.053193,driver,D030,order_platform
EV-000423,O00144,ORDER_CREATED,2026-08-23T22:23:00,customer,C0771,order_platform
EV-000424,O00144,PICKED_UP,2026-08-23T22:55:25.996875,driver,D023,order_platform
EV-000425,O00144,DELIVERED,2026-08-23T23:35:57.157310,driver,D023,order_platform
EV-000426,O00145,ORDER_CREATED,2026-08-11T18:08:00,customer,C0377,order_platform
EV-000427,O00145,PICKED_UP,2026-08-11T18:37:22.495775,driver,D035,order_platform
EV-000428,O00145,DELIVERED,2026-08-11T19:16:48.103141,driver,D035,order_platform
EV-000429,O00146,ORDER_CREATED,2026-08-07T23:58:00,customer,C0031,order_platform
EV-000430,O00146,PICKED_UP,2026-08-08T00:10:12.231564,driver,D046,order_platform
EV-000431,O00146,DELIVERED,2026-08-08T00:29:43.338196,driver,D046,order_platform
EV-000432,O00147,ORDER_CREATED,2026-08-25T14:41:00,customer,C0572,order_platform
EV-000433,O00147,PICKED_UP,2026-08-25T15:31:31.074721,driver,D025,order_platform
EV-000434,O00147,DELIVERED,2026-08-25T15:59:59.246273,driver,D025,order_platform
EV-000435,O00148,ORDER_CREATED,2026-08-10T13:49:00,customer,C0197,order_platform
EV-000436,O00148,PICKED_UP,2026-08-10T14:16:35.150451,driver,D106,order_platform
EV-000437,O00148,DELIVERED,2026-08-10T15:11:50.036755,driver,D106,order_platform
EV-000438,O00149,ORDER_CREATED,2026-08-22T18:13:00,customer,C0825,order_platform
EV-000439,O00149,PICKED_UP,2026-08-22T18:47:37.875668,driver,D078,order_platform
EV-000440,O00149,DELIVERED,2026-08-22T19:33:44.911350,driver,D078,order_platform
EV-000441,O00150,ORDER_CREATED,2026-08-24T19:49:00,customer,C0747,order_platform
EV-000442,O00150,PICKED_UP,2026-08-24T20:19:34.582382,driver,D043,order_platform
EV-000443,O00150,DELIVERED,2026-08-24T21:02:17.714042,driver,D043,order_platform
EV-000444,O00151,ORDER_CREATED,2026-08-08T18:07:00,customer,C0641,order_platform
EV-000445,O00151,PICKED_UP,2026-08-08T19:00:44.862820,driver,D104,order_platform
EV-000446,O00151,DELIVERED,2026-08-08T19:50:49.669847,driver,D104,order_platform
EV-000447,O00152,ORDER_CREATED,2026-08-01T19:00:00,customer,C0179,order_platform
EV-000448,O00152,PICKED_UP,2026-08-01T19:41:35.702459,driver,D109,order_platform
EV-000449,O00152,DELIVERED,2026-08-01T20:10:58.760171,driver,D109,order_platform
EV-000450,O00153,ORDER_CREATED,2026-08-07T23:09:00,customer,C0274,order_platform
EV-000451,O00153,PICKED_UP,2026-08-07T23:27:02.113360,driver,D009,order_platform
EV-000452,O00153,DELIVERED,2026-08-08T00:17:04.059853,driver,D009,order_platform
EV-000453,O00154,ORDER_CREATED,2026-08-20T19:19:00,customer,C0795,order_platform
EV-000454,O00154,PICKED_UP,2026-08-20T19:55:54.825409,driver,D115,order_platform
EV-000455,O00155,ORDER_CREATED,2026-08-17T18:52:00,customer,C0521,order_platform
EV-000456,O00155,PICKED_UP,2026-08-17T19:39:21.661056,driver,D072,order_platform
EV-000457,O00155,DELIVERED,2026-08-17T20:28:38.696717,driver,D072,order_platform
EV-000458,O00156,ORDER_CREATED,2026-08-02T18:36:00,customer,C0772,order_platform
EV-000459,O00156,PICKED_UP,2026-08-02T18:56:34.642680,driver,D006,order_platform
EV-000460,O00156,DELIVERED,2026-08-02T19:25:53.583575,driver,D006,order_platform
EV-000461,O00157,ORDER_CREATED,2026-08-13T22:11:00,customer,C0663,order_platform
EV-000462,O00157,PICKED_UP,2026-08-13T22:26:56.657561,driver,D090,order_platform
EV-000463,O00157,DELIVERED,2026-08-13T23:38:51.565754,driver,D090,order_platform
EV-000464,O00158,ORDER_CREATED,2026-08-02T13:51:00,customer,C0119,order_platform
EV-000465,O00158,PICKED_UP,2026-08-02T14:23:48.867978,driver,D009,order_platform
EV-000466,O00158,DELIVERED,2026-08-02T15:13:25.227823,driver,D009,order_platform
EV-000467,O00159,ORDER_CREATED,2026-08-26T16:39:00,customer,C0306,order_platform
EV-000468,O00159,PICKED_UP,2026-08-26T16:59:36.844737,driver,D086,order_platform
EV-000469,O00159,DELIVERED,2026-08-26T17:43:17.011006,driver,D086,order_platform
EV-000470,O00160,ORDER_CREATED,2026-08-11T11:42:00,customer,C0676,order_platform
EV-000471,O00160,PICKED_UP,2026-08-11T12:04:02.500906,driver,D091,order_platform
EV-000472,O00160,DELIVERED,2026-08-11T12:59:42.792322,driver,D091,order_platform
EV-000473,O00161,ORDER_CREATED,2026-08-28T18:44:00,customer,C0436,order_platform
EV-000474,O00161,PICKED_UP,2026-08-28T19:17:06.730220,driver,D030,order_platform
EV-000475,O00161,DELIVERED,2026-08-28T20:09:18.343135,driver,D030,order_platform
EV-000476,O00162,ORDER_CREATED,2026-08-26T17:53:00,customer,C0348,order_platform
EV-000477,O00162,PICKED_UP,2026-08-26T18:27:32.131791,driver,D001,order_platform
EV-000478,O00162,DELIVERED,2026-08-26T19:21:12.950887,driver,D001,order_platform
EV-000479,O00163,ORDER_CREATED,2026-08-10T18:54:00,customer,C0251,order_platform
EV-000480,O00163,PICKED_UP,2026-08-10T19:15:54.739354,driver,D057,order_platform
EV-000481,O00163,DELIVERED,2026-08-10T19:29:29.287513,driver,D057,order_platform
EV-000482,O00164,ORDER_CREATED,2026-08-10T15:11:00,customer,C0258,order_platform
EV-000483,O00164,PICKED_UP,2026-08-10T15:33:17.488760,driver,D114,order_platform
EV-000484,O00164,DELIVERED,2026-08-10T16:20:22.459871,driver,D114,order_platform
EV-000485,O00165,ORDER_CREATED,2026-08-05T14:25:00,customer,C0433,order_platform
EV-000486,O00165,PICKED_UP,2026-08-05T14:53:45.473111,driver,D058,order_platform
EV-000487,O00165,DELIVERED,2026-08-05T15:09:05.679077,driver,D058,order_platform
EV-000488,O00166,ORDER_CREATED,2026-08-11T12:29:00,customer,C0423,order_platform
EV-000489,O00166,PICKED_UP,2026-08-11T12:50:16.683775,driver,D080,order_platform
EV-000490,O00166,DELIVERED,2026-08-11T13:39:02.394552,driver,D080,order_platform
EV-000491,O00167,ORDER_CREATED,2026-08-20T19:15:00,customer,C0764,order_platform
EV-000492,O00167,PICKED_UP,2026-08-20T19:40:06.393514,driver,D038,order_platform
EV-000493,O00167,DELIVERED,2026-08-20T20:34:19.113734,driver,D038,order_platform
EV-000494,O00168,ORDER_CREATED,2026-08-12T18:50:00,customer,C0577,order_platform
EV-000495,O00168,PICKED_UP,2026-08-12T19:15:03.881383,driver,D090,order_platform
EV-000496,O00168,DELIVERED,2026-08-12T20:04:23.421514,driver,D090,order_platform
EV-000497,O00169,ORDER_CREATED,2026-08-22T15:34:00,customer,C0389,order_platform
EV-000498,O00169,PICKED_UP,2026-08-22T16:19:20.745210,driver,D064,order_platform
EV-000499,O00169,DELIVERED,2026-08-22T17:04:40.775814,driver,D064,order_platform
EV-000500,O00170,ORDER_CREATED,2026-08-23T17:36:00,customer,C0129,order_platform
EV-000501,O00170,PICKED_UP,2026-08-23T18:07:56.927664,driver,D072,order_platform
EV-000502,O00170,DELIVERED,2026-08-23T18:51:18.866664,driver,D072,order_platform
EV-000503,O00171,ORDER_CREATED,2026-08-17T18:21:00,customer,C0197,order_platform
EV-000504,O00171,PICKED_UP,2026-08-17T19:10:31.744691,driver,D103,order_platform
EV-000505,O00171,DELIVERED,2026-08-17T20:14:45.009468,driver,D103,order_platform
EV-000506,O00172,ORDER_CREATED,2026-08-04T16:20:00,customer,C0027,order_platform
EV-000507,O00172,PICKED_UP,2026-08-04T16:46:21.529411,driver,D074,order_platform
EV-000508,O00172,DELIVERED,2026-08-04T17:23:20.738324,driver,D074,order_platform
EV-000509,O00173,ORDER_CREATED,2026-08-06T20:44:00,customer,C0316,order_platform
EV-000510,O00173,PICKED_UP,2026-08-06T20:59:02.772135,driver,D098,order_platform
EV-000511,O00174,ORDER_CREATED,2026-08-21T18:59:00,customer,C0797,order_platform
EV-000512,O00174,PICKED_UP,2026-08-21T19:43:26.579106,driver,D056,order_platform
EV-000513,O00174,DELIVERED,2026-08-21T20:18:20.245322,driver,D056,order_platform
EV-000514,O00175,ORDER_CREATED,2026-08-24T11:24:00,customer,C0062,order_platform
EV-000515,O00175,PICKED_UP,2026-08-24T11:41:02.594801,driver,D069,order_platform
EV-000516,O00175,DELIVERED,2026-08-24T12:33:24.594820,driver,D069,order_platform
EV-000517,O00176,ORDER_CREATED,2026-08-10T11:16:00,customer,C0045,order_platform
EV-000518,O00176,PICKED_UP,2026-08-10T11:47:24.681107,driver,D005,order_platform
EV-000519,O00176,DELIVERED,2026-08-10T12:34:38.828932,driver,D005,order_platform
EV-000520,O00177,ORDER_CREATED,2026-08-02T12:13:00,customer,C0634,order_platform
EV-000521,O00177,PICKED_UP,2026-08-02T12:36:41.288315,driver,D044,order_platform
EV-000522,O00177,DELIVERED,2026-08-02T13:06:28.125718,driver,D044,order_platform
EV-000523,O00178,ORDER_CREATED,2026-08-20T18:06:00,customer,C0642,order_platform
EV-000524,O00178,PICKED_UP,2026-08-20T18:52:50.068068,driver,D120,order_platform
EV-000525,O00178,DELIVERED,2026-08-20T19:37:12.390120,driver,D120,order_platform
EV-000526,O00179,ORDER_CREATED,2026-08-15T15:53:00,customer,C0076,order_platform
EV-000527,O00179,PICKED_UP,2026-08-15T16:19:46.225712,driver,D021,order_platform
EV-000528,O00179,DELIVERED,2026-08-15T16:58:06.341578,driver,D021,order_platform
EV-000529,O00180,ORDER_CREATED,2026-08-08T18:05:00,customer,C0505,order_platform
EV-000530,O00180,PICKED_UP,2026-08-08T18:43:23.314022,driver,D001,order_platform
EV-000531,O00180,DELIVERED,2026-08-08T19:37:52.194153,driver,D001,order_platform
EV-000532,O00181,ORDER_CREATED,2026-08-14T12:43:00,customer,C0107,order_platform
EV-000533,O00181,PICKED_UP,2026-08-14T13:08:26.991712,driver,D096,order_platform
EV-000534,O00181,DELIVERED,2026-08-14T14:04:55.731344,driver,D096,order_platform
EV-000535,O00182,ORDER_CREATED,2026-08-23T19:33:00,customer,C0441,order_platform
EV-000536,O00182,PICKED_UP,2026-08-23T20:13:00.455578,driver,D083,order_platform
EV-000537,O00182,DELIVERED,2026-08-23T21:07:17.763162,driver,D083,order_platform
EV-000538,O00183,ORDER_CREATED,2026-08-16T11:17:00,customer,C0028,order_platform
EV-000539,O00183,PICKED_UP,2026-08-16T11:47:02.970571,driver,D018,order_platform
EV-000540,O00183,DELIVERED,2026-08-16T12:17:16.575773,driver,D018,order_platform
EV-000541,O00184,ORDER_CREATED,2026-08-09T21:54:00,customer,C0213,order_platform
EV-000542,O00184,PICKED_UP,2026-08-09T22:15:21.472383,driver,D016,order_platform
EV-000543,O00184,DELIVERED,2026-08-09T23:11:22.059651,driver,D016,order_platform
EV-000544,O00185,ORDER_CREATED,2026-08-27T17:31:00,customer,C0136,order_platform
EV-000545,O00185,PICKED_UP,2026-08-27T17:46:55.450542,driver,D106,order_platform
EV-000546,O00185,DELIVERED,2026-08-27T18:45:35.259246,driver,D106,order_platform
EV-000547,O00186,ORDER_CREATED,2026-08-07T21:15:00,customer,C0099,order_platform
EV-000548,O00186,PICKED_UP,2026-08-07T21:39:56.381458,driver,D010,order_platform
EV-000549,O00186,DELIVERED,2026-08-07T22:23:24.875304,driver,D010,order_platform
EV-000550,O00187,ORDER_CREATED,2026-08-28T18:35:00,customer,C0488,order_platform
EV-000551,O00187,PICKED_UP,2026-08-28T18:48:13.151927,driver,D027,order_platform
EV-000552,O00187,DELIVERED,2026-08-28T19:33:07.522280,driver,D027,order_platform
EV-000553,O00188,ORDER_CREATED,2026-08-09T19:32:00,customer,C0303,order_platform
EV-000554,O00188,PICKED_UP,2026-08-09T20:14:30.302194,driver,D102,order_platform
EV-000555,O00188,DELIVERED,2026-08-09T21:07:26.879602,driver,D102,order_platform
EV-000556,O00189,ORDER_CREATED,2026-08-15T16:33:00,customer,C0150,order_platform
EV-000557,O00189,PICKED_UP,2026-08-15T17:06:55.662026,driver,D001,order_platform
EV-000558,O00189,DELIVERED,2026-08-15T17:42:57.478082,driver,D001,order_platform
EV-000559,O00190,ORDER_CREATED,2026-08-09T19:55:00,customer,C0859,order_platform
EV-000560,O00190,PICKED_UP,2026-08-09T20:17:53.630198,driver,D017,order_platform
EV-000561,O00190,DELIVERED,2026-08-09T21:04:16.824909,driver,D017,order_platform
EV-000562,O00191,ORDER_CREATED,2026-08-09T22:25:00,customer,C0566,order_platform
EV-000563,O00191,PICKED_UP,2026-08-09T22:43:11.060858,driver,D113,order_platform
EV-000564,O00191,DELIVERED,2026-08-09T22:57:38.025265,driver,D113,order_platform
EV-000565,O00192,ORDER_CREATED,2026-08-06T16:30:00,customer,C0100,order_platform
EV-000566,O00192,PICKED_UP,2026-08-06T16:53:44.325684,driver,D035,order_platform
EV-000567,O00192,DELIVERED,2026-08-06T17:43:05.149196,driver,D035,order_platform
EV-000568,O00193,ORDER_CREATED,2026-08-11T17:37:00,customer,C0309,order_platform
EV-000569,O00193,PICKED_UP,2026-08-11T17:57:35.187769,driver,D015,order_platform
EV-000570,O00193,DELIVERED,2026-08-11T18:44:22.949084,driver,D015,order_platform
EV-000571,O00194,ORDER_CREATED,2026-08-11T17:36:00,customer,C0771,order_platform
EV-000572,O00194,PICKED_UP,2026-08-11T18:31:39.836812,driver,D018,order_platform
EV-000573,O00194,DELIVERED,2026-08-11T19:40:08.111510,driver,D018,order_platform
EV-000574,O00195,ORDER_CREATED,2026-08-25T13:48:00,customer,C0248,order_platform
EV-000575,O00195,PICKED_UP,2026-08-25T14:05:59.839412,driver,D089,order_platform
EV-000576,O00195,DELIVERED,2026-08-25T14:51:09.437606,driver,D089,order_platform
EV-000577,O00196,ORDER_CREATED,2026-08-01T21:48:00,customer,C0604,order_platform
EV-000578,O00196,PICKED_UP,2026-08-01T22:13:32.237101,driver,D017,order_platform
EV-000579,O00196,DELIVERED,2026-08-01T22:58:24.258591,driver,D017,order_platform
EV-000580,O00197,ORDER_CREATED,2026-08-24T18:33:00,customer,C0020,order_platform
EV-000581,O00197,PICKED_UP,2026-08-24T18:53:02.892832,driver,D062,order_platform
EV-000582,O00197,DELIVERED,2026-08-24T19:46:59.770377,driver,D062,order_platform
EV-000583,O00198,ORDER_CREATED,2026-08-19T18:07:00,customer,C0657,order_platform
EV-000584,O00198,PICKED_UP,2026-08-19T19:02:58.154574,driver,D100,order_platform
EV-000585,O00198,DELIVERED,2026-08-19T19:32:47.457048,driver,D100,order_platform
EV-000586,O00199,ORDER_CREATED,2026-08-15T17:35:00,customer,C0657,order_platform
EV-000587,O00199,PICKED_UP,2026-08-15T17:46:51.846009,driver,D109,order_platform
EV-000588,O00200,ORDER_CREATED,2026-08-22T18:39:00,customer,C0099,order_platform
EV-000589,O00200,PICKED_UP,2026-08-22T19:02:52.989888,driver,D079,order_platform
EV-000590,O00200,DELIVERED,2026-08-22T19:48:44.061281,driver,D079,order_platform
EV-000591,O00201,ORDER_CREATED,2026-08-12T19:18:00,customer,C0236,order_platform
EV-000592,O00201,PICKED_UP,2026-08-12T19:36:31.160966,driver,D018,order_platform
EV-000593,O00201,DELIVERED,2026-08-12T20:26:04.092369,driver,D018,order_platform
EV-000594,O00202,ORDER_CREATED,2026-08-24T12:16:00,customer,C0028,order_platform
EV-000595,O00202,PICKED_UP,2026-08-24T12:41:50.019998,driver,D004,order_platform
EV-000596,O00202,DELIVERED,2026-08-24T13:37:33.955969,driver,D004,order_platform
EV-000597,O00203,ORDER_CREATED,2026-08-01T21:42:00,customer,C0030,order_platform
EV-000598,O00203,PICKED_UP,2026-08-01T21:57:25.508600,driver,D052,order_platform
EV-000599,O00203,DELIVERED,2026-08-01T22:49:16.501866,driver,D052,order_platform
EV-000600,O00204,ORDER_CREATED,2026-08-14T19:51:00,customer,C0078,order_platform
EV-000601,O00204,PICKED_UP,2026-08-14T20:25:54.560652,driver,D046,order_platform
EV-000602,O00204,DELIVERED,2026-08-14T21:17:33.766221,driver,D046,order_platform
EV-000603,O00205,ORDER_CREATED,2026-08-27T20:57:00,customer,C0708,order_platform
EV-000604,O00205,PICKED_UP,2026-08-27T21:45:58.227850,driver,D088,order_platform
EV-000605,O00205,DELIVERED,2026-08-27T22:39:05.173478,driver,D088,order_platform
EV-000606,O00206,ORDER_CREATED,2026-08-24T15:22:00,customer,C0691,order_platform
EV-000607,O00206,PICKED_UP,2026-08-24T16:20:42.508840,driver,D109,order_platform
EV-000608,O00207,ORDER_CREATED,2026-08-09T11:14:00,customer,C0470,order_platform
EV-000609,O00207,PICKED_UP,2026-08-09T11:50:44.010529,driver,D009,order_platform
EV-000610,O00207,DELIVERED,2026-08-09T12:12:32.100911,driver,D009,order_platform
EV-000611,O00208,ORDER_CREATED,2026-08-27T12:38:00,customer,C0066,order_platform
EV-000612,O00208,PICKED_UP,2026-08-27T13:10:47.635198,driver,D103,order_platform
EV-000613,O00208,DELIVERED,2026-08-27T14:19:47.904938,driver,D103,order_platform
EV-000614,O00209,ORDER_CREATED,2026-08-15T12:48:00,customer,C0711,order_platform
EV-000615,O00209,PICKED_UP,2026-08-15T13:14:51.234060,driver,D067,order_platform
EV-000616,O00209,DELIVERED,2026-08-15T13:54:31.073405,driver,D067,order_platform
EV-000617,O00210,ORDER_CREATED,2026-08-14T12:39:00,customer,C0457,order_platform
EV-000618,O00210,PICKED_UP,2026-08-14T13:14:16.633243,driver,D113,order_platform
EV-000619,O00210,DELIVERED,2026-08-14T13:56:28.663330,driver,D113,order_platform
EV-000620,O00211,ORDER_CREATED,2026-08-22T19:32:00,customer,C0629,order_platform
EV-000621,O00211,PICKED_UP,2026-08-22T20:30:58.587689,driver,D051,order_platform
EV-000622,O00211,DELIVERED,2026-08-22T20:56:54.054420,driver,D051,order_platform
EV-000623,O00212,ORDER_CREATED,2026-08-20T19:20:00,customer,C0773,order_platform
EV-000624,O00212,PICKED_UP,2026-08-20T19:47:06.305371,driver,D064,order_platform
EV-000625,O00212,DELIVERED,2026-08-20T20:07:31.126142,driver,D064,order_platform
EV-000626,O00213,ORDER_CREATED,2026-08-17T16:44:00,customer,C0832,order_platform
EV-000627,O00213,PICKED_UP,2026-08-17T17:04:50.610309,driver,D083,order_platform
EV-000628,O00213,DELIVERED,2026-08-17T17:17:26.305252,driver,D083,order_platform
EV-000629,O00214,ORDER_CREATED,2026-08-17T18:40:00,customer,C0687,order_platform
EV-000630,O00214,PICKED_UP,2026-08-17T19:14:32.141352,driver,D003,order_platform
EV-000631,O00214,DELIVERED,2026-08-17T20:04:36.555241,driver,D003,order_platform
EV-000632,O00215,ORDER_CREATED,2026-08-07T15:50:00,customer,C0646,order_platform
EV-000633,O00215,PICKED_UP,2026-08-07T16:13:00.435235,driver,D117,order_platform
EV-000634,O00215,DELIVERED,2026-08-07T16:55:34.879004,driver,D117,order_platform
EV-000635,O00216,ORDER_CREATED,2026-08-18T17:32:00,customer,C0148,order_platform
EV-000636,O00216,PICKED_UP,2026-08-18T17:47:02.127090,driver,D033,order_platform
EV-000637,O00216,DELIVERED,2026-08-18T18:46:38.289296,driver,D033,order_platform
EV-000638,O00217,ORDER_CREATED,2026-08-20T21:55:00,customer,C0210,order_platform
EV-000639,O00217,PICKED_UP,2026-08-20T22:26:51.296982,driver,D089,order_platform
EV-000640,O00217,DELIVERED,2026-08-20T23:30:50.343756,driver,D089,order_platform
EV-000641,O00218,ORDER_CREATED,2026-08-06T23:47:00,customer,C0792,order_platform
EV-000642,O00218,PICKED_UP,2026-08-07T00:18:46.205586,driver,D071,order_platform
EV-000643,O00218,DELIVERED,2026-08-07T01:03:24.532067,driver,D071,order_platform
EV-000644,O00219,ORDER_CREATED,2026-08-25T22:39:00,customer,C0139,order_platform
EV-000645,O00219,PICKED_UP,2026-08-25T23:07:07.403085,driver,D031,order_platform
EV-000646,O00219,DELIVERED,2026-08-25T23:42:42.522840,driver,D031,order_platform
EV-000647,O00220,ORDER_CREATED,2026-08-08T21:42:00,customer,C0242,order_platform
EV-000648,O00220,PICKED_UP,2026-08-08T21:56:57.150068,driver,D054,order_platform
EV-000649,O00220,DELIVERED,2026-08-08T22:39:22.717471,driver,D054,order_platform
EV-000650,O00221,ORDER_CREATED,2026-08-02T19:20:00,customer,C0734,order_platform
EV-000651,O00221,PICKED_UP,2026-08-02T19:52:07.413338,driver,D073,order_platform
EV-000652,O00222,ORDER_CREATED,2026-08-17T20:28:00,customer,C0118,order_platform
EV-000653,O00222,PICKED_UP,2026-08-17T20:53:03.318779,driver,D095,order_platform
EV-000654,O00222,DELIVERED,2026-08-17T21:23:40.777654,driver,D095,order_platform
EV-000655,O00223,ORDER_CREATED,2026-08-14T21:13:00,customer,C0009,order_platform
EV-000656,O00223,PICKED_UP,2026-08-14T21:43:01.908501,driver,D061,order_platform
EV-000657,O00223,DELIVERED,2026-08-14T22:15:48.757674,driver,D061,order_platform
EV-000658,O00224,ORDER_CREATED,2026-08-03T18:14:00,customer,C0843,order_platform
EV-000659,O00224,PICKED_UP,2026-08-03T18:27:41.400103,driver,D047,order_platform
EV-000660,O00224,DELIVERED,2026-08-03T19:33:55.006553,driver,D047,order_platform
EV-000661,O00225,ORDER_CREATED,2026-08-23T21:22:00,customer,C0659,order_platform
EV-000662,O00225,PICKED_UP,2026-08-23T21:34:40.586784,driver,D026,order_platform
EV-000663,O00225,DELIVERED,2026-08-23T22:37:54.569290,driver,D026,order_platform
EV-000664,O00226,ORDER_CREATED,2026-08-05T20:50:00,customer,C0147,order_platform
EV-000665,O00226,PICKED_UP,2026-08-05T21:12:48.675379,driver,D007,order_platform
EV-000666,O00226,DELIVERED,2026-08-05T21:55:44.667731,driver,D007,order_platform
EV-000667,O00227,ORDER_CREATED,2026-08-04T11:36:00,customer,C0765,order_platform
EV-000668,O00227,PICKED_UP,2026-08-04T11:56:24.808083,driver,D092,order_platform
EV-000669,O00227,DELIVERED,2026-08-04T12:39:49.635946,driver,D092,order_platform
EV-000670,O00228,ORDER_CREATED,2026-08-07T12:42:00,customer,C0863,order_platform
EV-000671,O00228,PICKED_UP,2026-08-07T12:54:25.997721,driver,D038,order_platform
EV-000672,O00228,DELIVERED,2026-08-07T13:54:30.909888,driver,D038,order_platform
EV-000673,O00229,ORDER_CREATED,2026-08-05T19:15:00,customer,C0534,order_platform
EV-000674,O00229,PICKED_UP,2026-08-05T19:34:58.114221,driver,D074,order_platform
EV-000675,O00229,DELIVERED,2026-08-05T19:59:59.576166,driver,D074,order_platform
EV-000676,O00230,ORDER_CREATED,2026-08-26T14:47:00,customer,C0109,order_platform
EV-000677,O00230,PICKED_UP,2026-08-26T15:20:35.724645,driver,D099,order_platform
EV-000678,O00230,DELIVERED,2026-08-26T16:14:46.113824,driver,D099,order_platform
EV-000679,O00231,ORDER_CREATED,2026-08-27T15:52:00,customer,C0761,order_platform
EV-000680,O00231,PICKED_UP,2026-08-27T16:14:21.027804,driver,D028,order_platform
EV-000681,O00231,DELIVERED,2026-08-27T16:57:15.411001,driver,D028,order_platform
EV-000682,O00232,ORDER_CREATED,2026-08-18T18:49:00,customer,C0384,order_platform
EV-000683,O00232,PICKED_UP,2026-08-18T19:15:24.960281,driver,D095,order_platform
EV-000684,O00232,DELIVERED,2026-08-18T19:46:40.076059,driver,D095,order_platform
EV-000685,O00233,ORDER_CREATED,2026-08-26T23:43:00,customer,C0605,order_platform
EV-000686,O00233,PICKED_UP,2026-08-27T00:09:45.356652,driver,D029,order_platform
EV-000687,O00233,DELIVERED,2026-08-27T00:53:51.846104,driver,D029,order_platform
EV-000688,O00234,ORDER_CREATED,2026-08-03T15:14:00,customer,C0669,order_platform
EV-000689,O00234,PICKED_UP,2026-08-03T15:34:32.833871,driver,D116,order_platform
EV-000690,O00234,DELIVERED,2026-08-03T16:22:45.539351,driver,D116,order_platform
EV-000691,O00235,ORDER_CREATED,2026-08-19T19:53:00,customer,C0200,order_platform
EV-000692,O00235,PICKED_UP,2026-08-19T20:32:35.796300,driver,D029,order_platform
EV-000693,O00235,DELIVERED,2026-08-19T20:58:07.392789,driver,D029,order_platform
EV-000694,O00236,ORDER_CREATED,2026-08-06T14:32:00,customer,C0499,order_platform
EV-000695,O00236,PICKED_UP,2026-08-06T14:57:23.989880,driver,D073,order_platform
EV-000696,O00236,DELIVERED,2026-08-06T15:43:15.337316,driver,D073,order_platform
EV-000697,O00237,ORDER_CREATED,2026-08-08T11:36:00,customer,C0586,order_platform
EV-000698,O00237,PICKED_UP,2026-08-08T11:58:58.236455,driver,D073,order_platform
EV-000699,O00237,DELIVERED,2026-08-08T12:23:28.548159,driver,D073,order_platform
EV-000700,O00238,ORDER_CREATED,2026-08-27T16:05:00,customer,C0138,order_platform
EV-000701,O00238,PICKED_UP,2026-08-27T16:29:29.912528,driver,D097,order_platform
EV-000702,O00238,DELIVERED,2026-08-27T16:41:13.945139,driver,D097,order_platform
EV-000703,O00239,ORDER_CREATED,2026-08-03T14:24:00,customer,C0519,order_platform
EV-000704,O00239,PICKED_UP,2026-08-03T14:47:11.880018,driver,D113,order_platform
EV-000705,O00239,DELIVERED,2026-08-03T15:35:54.815008,driver,D113,order_platform
EV-000706,O00240,ORDER_CREATED,2026-08-25T12:30:00,customer,C0850,order_platform
EV-000707,O00240,PICKED_UP,2026-08-25T13:09:45.724465,driver,D058,order_platform
EV-000708,O00240,DELIVERED,2026-08-25T13:54:43.870567,driver,D058,order_platform
EV-000709,O00241,ORDER_CREATED,2026-08-24T22:53:00,customer,C0765,order_platform
EV-000710,O00241,PICKED_UP,2026-08-24T23:30:43.463053,driver,D059,order_platform
EV-000711,O00241,DELIVERED,2026-08-25T00:24:07.293935,driver,D059,order_platform
EV-000712,O00242,ORDER_CREATED,2026-08-19T18:33:00,customer,C0801,order_platform
EV-000713,O00242,PICKED_UP,2026-08-19T19:02:07.134998,driver,D025,order_platform
EV-000714,O00242,DELIVERED,2026-08-19T19:47:18.082571,driver,D025,order_platform
EV-000715,O00243,ORDER_CREATED,2026-08-18T20:30:00,customer,C0366,order_platform
EV-000716,O00243,PICKED_UP,2026-08-18T20:59:54.324407,driver,D104,order_platform
EV-000717,O00243,DELIVERED,2026-08-18T21:29:18.676372,driver,D104,order_platform
EV-000718,O00244,ORDER_CREATED,2026-08-23T22:06:00,customer,C0864,order_platform
EV-000719,O00244,PICKED_UP,2026-08-23T22:26:46.606052,driver,D108,order_platform
EV-000720,O00244,DELIVERED,2026-08-23T22:56:12.575827,driver,D108,order_platform
EV-000721,O00245,ORDER_CREATED,2026-08-09T14:05:00,customer,C0516,order_platform
EV-000722,O00245,PICKED_UP,2026-08-09T14:26:32.065655,driver,D069,order_platform
EV-000723,O00245,DELIVERED,2026-08-09T15:17:12.754442,driver,D069,order_platform
EV-000724,O00246,ORDER_CREATED,2026-08-22T22:33:00,customer,C0231,order_platform
EV-000725,O00246,PICKED_UP,2026-08-22T22:43:19.130186,driver,D021,order_platform
EV-000726,O00246,DELIVERED,2026-08-22T23:33:30.939288,driver,D021,order_platform
EV-000727,O00247,ORDER_CREATED,2026-08-17T11:45:00,customer,C0247,order_platform
EV-000728,O00247,PICKED_UP,2026-08-17T12:04:15.974181,driver,D120,order_platform
EV-000729,O00247,DELIVERED,2026-08-17T12:36:16.480018,driver,D120,order_platform
EV-000730,O00248,ORDER_CREATED,2026-08-06T17:06:00,customer,C0089,order_platform
EV-000731,O00248,PICKED_UP,2026-08-06T17:32:56.600700,driver,D119,order_platform
EV-000732,O00248,DELIVERED,2026-08-06T18:15:14.871854,driver,D119,order_platform
EV-000733,O00249,ORDER_CREATED,2026-08-15T21:55:00,customer,C0135,order_platform
EV-000734,O00249,PICKED_UP,2026-08-15T22:32:17.195880,driver,D066,order_platform
EV-000735,O00249,DELIVERED,2026-08-15T22:57:58.772271,driver,D066,order_platform
EV-000736,O00250,ORDER_CREATED,2026-08-10T12:43:00,customer,C0610,order_platform
EV-000737,O00250,PICKED_UP,2026-08-10T13:07:46.912923,driver,D007,order_platform
EV-000738,O00250,DELIVERED,2026-08-10T14:04:06.770459,driver,D007,order_platform
EV-000739,O00251,ORDER_CREATED,2026-08-28T15:14:00,customer,C0521,order_platform
EV-000740,O00251,PICKED_UP,2026-08-28T15:35:59.517626,driver,D091,order_platform
EV-000741,O00251,DELIVERED,2026-08-28T16:22:11.264660,driver,D091,order_platform
EV-000742,O00252,ORDER_CREATED,2026-08-11T18:56:00,customer,C0310,order_platform
EV-000743,O00252,PICKED_UP,2026-08-11T19:08:05.137962,driver,D119,order_platform
EV-000744,O00252,DELIVERED,2026-08-11T19:47:00.008093,driver,D119,order_platform
EV-000745,O00253,ORDER_CREATED,2026-08-06T18:07:00,customer,C0153,order_platform
EV-000746,O00253,PICKED_UP,2026-08-06T18:45:28.815425,driver,D008,order_platform
EV-000747,O00253,DELIVERED,2026-08-06T19:21:01.734655,driver,D008,order_platform
EV-000748,O00254,ORDER_CREATED,2026-08-16T17:26:00,customer,C0100,order_platform
EV-000749,O00254,PICKED_UP,2026-08-16T17:44:39.740270,driver,D024,order_platform
EV-000750,O00254,DELIVERED,2026-08-16T18:27:55.036836,driver,D024,order_platform
EV-000751,O00255,ORDER_CREATED,2026-08-26T23:09:00,customer,C0087,order_platform
EV-000752,O00255,PICKED_UP,2026-08-26T23:34:38.487121,driver,D072,order_platform
EV-000753,O00255,DELIVERED,2026-08-27T00:20:49.932172,driver,D072,order_platform
EV-000754,O00256,ORDER_CREATED,2026-08-06T12:52:00,customer,C0289,order_platform
EV-000755,O00256,PICKED_UP,2026-08-06T13:22:55.816674,driver,D006,order_platform
EV-000756,O00256,DELIVERED,2026-08-06T14:25:39.923296,driver,D006,order_platform
EV-000757,O00257,ORDER_CREATED,2026-08-20T14:36:00,customer,C0324,order_platform
EV-000758,O00257,PICKED_UP,2026-08-20T15:06:02.989481,driver,D018,order_platform
EV-000759,O00257,DELIVERED,2026-08-20T15:59:58.073061,driver,D018,order_platform
EV-000760,O00258,ORDER_CREATED,2026-08-11T17:39:00,customer,C0656,order_platform
EV-000761,O00258,PICKED_UP,2026-08-11T18:09:24.033904,driver,D041,order_platform
EV-000762,O00258,DELIVERED,2026-08-11T18:45:58.931227,driver,D041,order_platform
EV-000763,O00259,ORDER_CREATED,2026-08-06T13:01:00,customer,C0285,order_platform
EV-000764,O00259,PICKED_UP,2026-08-06T13:30:47.934772,driver,D014,order_platform
EV-000765,O00259,DELIVERED,2026-08-06T14:14:59.886717,driver,D014,order_platform
EV-000766,O00260,ORDER_CREATED,2026-08-09T19:05:00,customer,C0296,order_platform
EV-000767,O00260,PICKED_UP,2026-08-09T19:35:28.756223,driver,D022,order_platform
EV-000768,O00260,DELIVERED,2026-08-09T20:24:00.711509,driver,D022,order_platform
EV-000769,O00261,ORDER_CREATED,2026-08-18T22:35:00,customer,C0715,order_platform
EV-000770,O00261,PICKED_UP,2026-08-18T23:05:19.486790,driver,D002,order_platform
EV-000771,O00261,DELIVERED,2026-08-18T23:45:02.098682,driver,D002,order_platform
EV-000772,O00262,ORDER_CREATED,2026-08-10T17:16:00,customer,C0263,order_platform
EV-000773,O00262,PICKED_UP,2026-08-10T17:36:52.143291,driver,D093,order_platform
EV-000774,O00262,DELIVERED,2026-08-10T18:20:11.031749,driver,D093,order_platform
EV-000775,O00263,ORDER_CREATED,2026-08-18T17:26:00,customer,C0511,order_platform
EV-000776,O00263,PICKED_UP,2026-08-18T17:47:22.990397,driver,D112,order_platform
EV-000777,O00263,DELIVERED,2026-08-18T18:44:48.004054,driver,D112,order_platform
EV-000778,O00264,ORDER_CREATED,2026-08-23T19:18:00,customer,C0442,order_platform
EV-000779,O00264,PICKED_UP,2026-08-23T19:46:05.099974,driver,D068,order_platform
EV-000780,O00264,DELIVERED,2026-08-23T20:08:16.109566,driver,D068,order_platform
EV-000781,O00265,ORDER_CREATED,2026-08-18T11:06:00,customer,C0477,order_platform
EV-000782,O00265,PICKED_UP,2026-08-18T11:44:06.146841,driver,D065,order_platform
EV-000783,O00266,ORDER_CREATED,2026-08-10T20:31:00,customer,C0796,order_platform
EV-000784,O00266,PICKED_UP,2026-08-10T20:49:43.021037,driver,D023,order_platform
EV-000785,O00266,DELIVERED,2026-08-10T21:54:49.095897,driver,D023,order_platform
EV-000786,O00267,ORDER_CREATED,2026-08-08T17:28:00,customer,C0891,order_platform
EV-000787,O00267,PICKED_UP,2026-08-08T17:52:17.197705,driver,D116,order_platform
EV-000788,O00267,DELIVERED,2026-08-08T18:58:29.175060,driver,D116,order_platform
EV-000789,O00268,ORDER_CREATED,2026-08-18T18:16:00,customer,C0392,order_platform
EV-000790,O00268,PICKED_UP,2026-08-18T19:04:45.635105,driver,D070,order_platform
EV-000791,O00268,DELIVERED,2026-08-18T19:50:08.272395,driver,D070,order_platform
EV-000792,O00269,ORDER_CREATED,2026-08-19T20:30:00,customer,C0073,order_platform
EV-000793,O00269,PICKED_UP,2026-08-19T20:55:39.464242,driver,D017,order_platform
EV-000794,O00269,DELIVERED,2026-08-19T21:32:15.685345,driver,D017,order_platform
EV-000795,O00270,ORDER_CREATED,2026-08-08T16:35:00,customer,C0406,order_platform
EV-000796,O00270,PICKED_UP,2026-08-08T17:06:06.246062,driver,D090,order_platform
EV-000797,O00270,DELIVERED,2026-08-08T17:48:54.357852,driver,D090,order_platform
EV-000798,O00271,ORDER_CREATED,2026-08-10T18:31:00,customer,C0227,order_platform
EV-000799,O00271,PICKED_UP,2026-08-10T19:00:33.708939,driver,D089,order_platform
EV-000800,O00271,DELIVERED,2026-08-10T19:12:50.086181,driver,D089,order_platform
EV-000801,O00272,ORDER_CREATED,2026-08-15T11:40:00,customer,C0073,order_platform
EV-000802,O00272,PICKED_UP,2026-08-15T12:12:12.819359,driver,D022,order_platform
EV-000803,O00272,DELIVERED,2026-08-15T12:56:13.079753,driver,D022,order_platform
EV-000804,O00273,ORDER_CREATED,2026-08-14T19:07:00,customer,C0627,order_platform
EV-000805,O00273,PICKED_UP,2026-08-14T19:43:13.662702,driver,D107,order_platform
EV-000806,O00274,ORDER_CREATED,2026-08-04T11:41:00,customer,C0792,order_platform
EV-000807,O00274,PICKED_UP,2026-08-04T11:50:04.120318,driver,D094,order_platform
EV-000808,O00274,DELIVERED,2026-08-04T12:51:27.414687,driver,D094,order_platform
EV-000809,O00275,ORDER_CREATED,2026-08-15T20:03:00,customer,C0731,order_platform
EV-000810,O00275,PICKED_UP,2026-08-15T20:29:43.272580,driver,D082,order_platform
EV-000811,O00275,DELIVERED,2026-08-15T21:16:46.009723,driver,D082,order_platform
EV-000812,O00276,ORDER_CREATED,2026-08-08T18:12:00,customer,C0754,order_platform
EV-000813,O00276,PICKED_UP,2026-08-08T18:41:49.927610,driver,D017,order_platform
EV-000814,O00276,DELIVERED,2026-08-08T19:00:24.003233,driver,D017,order_platform
EV-000815,O00277,ORDER_CREATED,2026-08-06T18:38:00,customer,C0105,order_platform
EV-000816,O00277,PICKED_UP,2026-08-06T18:55:30.744066,driver,D092,order_platform
EV-000817,O00277,DELIVERED,2026-08-06T19:48:20.028067,driver,D092,order_platform
EV-000818,O00278,ORDER_CREATED,2026-08-24T15:28:00,customer,C0183,order_platform
EV-000819,O00278,PICKED_UP,2026-08-24T15:55:21.486457,driver,D096,order_platform
EV-000820,O00278,DELIVERED,2026-08-24T16:44:03.642516,driver,D096,order_platform
EV-000821,O00279,ORDER_CREATED,2026-08-23T20:58:00,customer,C0648,order_platform
EV-000822,O00279,PICKED_UP,2026-08-23T21:20:41.566801,driver,D108,order_platform
EV-000823,O00280,ORDER_CREATED,2026-08-09T17:37:00,customer,C0343,order_platform
EV-000824,O00280,PICKED_UP,2026-08-09T18:07:20.012310,driver,D050,order_platform
EV-000825,O00280,DELIVERED,2026-08-09T18:47:13.505917,driver,D050,order_platform
EV-000826,O00281,ORDER_CREATED,2026-08-27T22:38:00,customer,C0608,order_platform
EV-000827,O00281,PICKED_UP,2026-08-27T23:01:04.623515,driver,D116,order_platform
EV-000828,O00281,DELIVERED,2026-08-27T23:44:10.732761,driver,D116,order_platform
EV-000829,O00282,ORDER_CREATED,2026-08-21T21:59:00,customer,C0367,order_platform
EV-000830,O00282,PICKED_UP,2026-08-21T22:25:52.836811,driver,D098,order_platform
EV-000831,O00283,ORDER_CREATED,2026-08-11T18:14:00,customer,C0094,order_platform
EV-000832,O00283,PICKED_UP,2026-08-11T18:29:04.753850,driver,D113,order_platform
EV-000833,O00283,DELIVERED,2026-08-11T19:01:47.091394,driver,D113,order_platform
EV-000834,O00284,ORDER_CREATED,2026-08-09T12:32:00,customer,C0331,order_platform
EV-000835,O00284,PICKED_UP,2026-08-09T12:57:08.585107,driver,D091,order_platform
EV-000836,O00284,DELIVERED,2026-08-09T13:17:11.445942,driver,D091,order_platform
EV-000837,O00285,ORDER_CREATED,2026-08-22T17:23:00,customer,C0378,order_platform
EV-000838,O00285,PICKED_UP,2026-08-22T17:51:09.129424,driver,D095,order_platform
EV-000839,O00285,DELIVERED,2026-08-22T18:41:51.915946,driver,D095,order_platform
EV-000840,O00286,ORDER_CREATED,2026-08-28T12:47:00,customer,C0714,order_platform
EV-000841,O00286,PICKED_UP,2026-08-28T13:05:31.182691,driver,D102,order_platform
EV-000842,O00287,ORDER_CREATED,2026-08-09T18:39:00,customer,C0201,order_platform
EV-000843,O00287,PICKED_UP,2026-08-09T19:18:49.059800,driver,D068,order_platform
EV-000844,O00287,DELIVERED,2026-08-09T19:58:06.401473,driver,D068,order_platform
EV-000845,O00288,ORDER_CREATED,2026-08-09T19:58:00,customer,C0760,order_platform
EV-000846,O00288,PICKED_UP,2026-08-09T20:38:09.682298,driver,D090,order_platform
EV-000847,O00288,DELIVERED,2026-08-09T21:39:23.200153,driver,D090,order_platform
EV-000848,O00289,ORDER_CREATED,2026-08-23T11:15:00,customer,C0796,order_platform
EV-000849,O00289,PICKED_UP,2026-08-23T11:40:04.608917,driver,D070,order_platform
EV-000850,O00290,ORDER_CREATED,2026-08-21T16:32:00,customer,C0500,order_platform
EV-000851,O00290,PICKED_UP,2026-08-21T16:57:55.403525,driver,D050,order_platform
EV-000852,O00290,DELIVERED,2026-08-21T17:34:23.549810,driver,D050,order_platform
EV-000853,O00291,ORDER_CREATED,2026-08-22T19:40:00,customer,C0875,order_platform
EV-000854,O00291,PICKED_UP,2026-08-22T20:00:35.334397,driver,D051,order_platform
EV-000855,O00291,DELIVERED,2026-08-22T20:42:22.373562,driver,D051,order_platform
EV-000856,O00292,ORDER_CREATED,2026-08-05T16:45:00,customer,C0735,order_platform
EV-000857,O00292,PICKED_UP,2026-08-05T17:12:17.506734,driver,D083,order_platform
EV-000858,O00292,DELIVERED,2026-08-05T18:08:15.442834,driver,D083,order_platform
EV-000859,O00293,ORDER_CREATED,2026-08-05T20:48:00,customer,C0425,order_platform
EV-000860,O00293,PICKED_UP,2026-08-05T21:13:35.349867,driver,D024,order_platform
EV-000861,O00293,DELIVERED,2026-08-05T22:14:56.306129,driver,D024,order_platform
EV-000862,O00294,ORDER_CREATED,2026-08-20T19:38:00,customer,C0761,order_platform
EV-000863,O00294,PICKED_UP,2026-08-20T20:01:53.647350,driver,D100,order_platform
EV-000864,O00294,DELIVERED,2026-08-20T20:50:41.502789,driver,D100,order_platform
EV-000865,O00295,ORDER_CREATED,2026-08-08T11:48:00,customer,C0322,order_platform
EV-000866,O00295,PICKED_UP,2026-08-08T12:27:33.592157,driver,D090,order_platform
EV-000867,O00295,DELIVERED,2026-08-08T13:37:09.251713,driver,D090,order_platform
EV-000868,O00296,ORDER_CREATED,2026-08-13T20:38:00,customer,C0704,order_platform
EV-000869,O00296,PICKED_UP,2026-08-13T21:04:29.187057,driver,D042,order_platform
EV-000870,O00296,DELIVERED,2026-08-13T22:01:13.834192,driver,D042,order_platform
EV-000871,O00297,ORDER_CREATED,2026-08-24T11:24:00,customer,C0303,order_platform
EV-000872,O00297,PICKED_UP,2026-08-24T12:00:31.515909,driver,D040,order_platform
EV-000873,O00297,DELIVERED,2026-08-24T12:47:10.827183,driver,D040,order_platform
EV-000874,O00298,ORDER_CREATED,2026-08-15T20:28:00,customer,C0287,order_platform
EV-000875,O00298,PICKED_UP,2026-08-15T20:47:55.535139,driver,D064,order_platform
EV-000876,O00298,DELIVERED,2026-08-15T21:23:05.997016,driver,D064,order_platform
EV-000877,O00299,ORDER_CREATED,2026-08-15T12:20:00,customer,C0531,order_platform
EV-000878,O00299,PICKED_UP,2026-08-15T12:40:14.931931,driver,D032,order_platform
EV-000879,O00299,DELIVERED,2026-08-15T13:41:58.302211,driver,D032,order_platform
EV-000880,O00300,ORDER_CREATED,2026-08-02T20:58:00,customer,C0331,order_platform
EV-000881,O00300,PICKED_UP,2026-08-02T21:16:11.755388,driver,D090,order_platform
EV-000882,O00300,DELIVERED,2026-08-02T22:03:46.840978,driver,D090,order_platform
EV-000883,O00301,ORDER_CREATED,2026-08-20T20:00:00,customer,C0440,order_platform
EV-000884,O00301,PICKED_UP,2026-08-20T20:45:28.977122,driver,D053,order_platform
EV-000885,O00301,DELIVERED,2026-08-20T21:33:53.109909,driver,D053,order_platform
EV-000886,O00302,ORDER_CREATED,2026-08-20T19:52:00,customer,C0800,order_platform
EV-000887,O00302,PICKED_UP,2026-08-20T20:42:14.783326,driver,D063,order_platform
EV-000888,O00302,DELIVERED,2026-08-20T21:38:07.176647,driver,D063,order_platform
EV-000889,O00303,ORDER_CREATED,2026-08-19T20:11:00,customer,C0411,order_platform
EV-000890,O00303,PICKED_UP,2026-08-19T21:00:38.818166,driver,D038,order_platform
EV-000891,O00303,DELIVERED,2026-08-19T22:06:43.654438,driver,D038,order_platform
EV-000892,O00304,ORDER_CREATED,2026-08-23T21:21:00,customer,C0531,order_platform
EV-000893,O00304,PICKED_UP,2026-08-23T21:42:03.681952,driver,D050,order_platform
EV-000894,O00304,DELIVERED,2026-08-23T22:30:24.419630,driver,D050,order_platform
EV-000895,O00305,ORDER_CREATED,2026-08-20T17:08:00,customer,C0385,order_platform
EV-000896,O00305,PICKED_UP,2026-08-20T17:34:44.066387,driver,D110,order_platform
EV-000897,O00305,DELIVERED,2026-08-20T18:27:45.687998,driver,D110,order_platform
EV-000898,O00306,ORDER_CREATED,2026-08-26T12:54:00,customer,C0032,order_platform
EV-000899,O00306,PICKED_UP,2026-08-26T13:27:42.072743,driver,D057,order_platform
EV-000900,O00306,DELIVERED,2026-08-26T14:13:33.863579,driver,D057,order_platform
EV-000901,O00307,ORDER_CREATED,2026-08-11T20:07:00,customer,C0161,order_platform
EV-000902,O00307,PICKED_UP,2026-08-11T20:30:43.830328,driver,D044,order_platform
EV-000903,O00308,ORDER_CREATED,2026-08-27T16:43:00,customer,C0049,order_platform
EV-000904,O00308,PICKED_UP,2026-08-27T17:15:15.153714,driver,D017,order_platform
EV-000905,O00308,DELIVERED,2026-08-27T17:57:33.839883,driver,D017,order_platform
EV-000906,O00309,ORDER_CREATED,2026-08-18T18:13:00,customer,C0257,order_platform
EV-000907,O00309,PICKED_UP,2026-08-18T18:31:14.682527,driver,D032,order_platform
EV-000908,O00309,DELIVERED,2026-08-18T19:17:32.988197,driver,D032,order_platform
EV-000909,O00310,ORDER_CREATED,2026-08-28T20:19:00,customer,C0356,order_platform
EV-000910,O00310,PICKED_UP,2026-08-28T20:50:09.314799,driver,D010,order_platform
EV-000911,O00310,DELIVERED,2026-08-28T21:24:21.391755,driver,D010,order_platform
EV-000912,O00311,ORDER_CREATED,2026-08-03T18:01:00,customer,C0212,order_platform
EV-000913,O00311,PICKED_UP,2026-08-03T18:28:07.996297,driver,D054,order_platform
EV-000914,O00311,DELIVERED,2026-08-03T19:35:03.569984,driver,D054,order_platform
EV-000915,O00312,ORDER_CREATED,2026-08-22T23:13:00,customer,C0056,order_platform
EV-000916,O00312,PICKED_UP,2026-08-22T23:37:24.530725,driver,D041,order_platform
EV-000917,O00313,ORDER_CREATED,2026-08-11T18:02:00,customer,C0767,order_platform
EV-000918,O00313,PICKED_UP,2026-08-11T18:41:55.323810,driver,D070,order_platform
EV-000919,O00313,DELIVERED,2026-08-11T19:27:46.494195,driver,D070,order_platform
EV-000920,O00314,ORDER_CREATED,2026-08-04T11:39:00,customer,C0182,order_platform
EV-000921,O00314,PICKED_UP,2026-08-04T11:54:59.260084,driver,D062,order_platform
EV-000922,O00314,DELIVERED,2026-08-04T12:35:12.883567,driver,D062,order_platform
EV-000923,O00315,ORDER_CREATED,2026-08-16T22:03:00,customer,C0141,order_platform
EV-000924,O00315,PICKED_UP,2026-08-16T22:17:16.329046,driver,D095,order_platform
EV-000925,O00315,DELIVERED,2026-08-16T22:36:13.722274,driver,D095,order_platform
EV-000926,O00316,ORDER_CREATED,2026-08-03T23:48:00,customer,C0557,order_platform
EV-000927,O00316,PICKED_UP,2026-08-04T00:25:01.239441,driver,D031,order_platform
EV-000928,O00316,DELIVERED,2026-08-04T00:41:08.358449,driver,D031,order_platform
EV-000929,O00317,ORDER_CREATED,2026-08-12T17:44:00,customer,C0054,order_platform
EV-000930,O00317,PICKED_UP,2026-08-12T18:03:37.236364,driver,D009,order_platform
EV-000931,O00317,DELIVERED,2026-08-12T19:06:26.431046,driver,D009,order_platform
EV-000932,O00318,ORDER_CREATED,2026-08-17T12:52:00,customer,C0413,order_platform
EV-000933,O00318,PICKED_UP,2026-08-17T13:27:57.043764,driver,D017,order_platform
EV-000934,O00318,DELIVERED,2026-08-17T14:24:36.997551,driver,D017,order_platform
EV-000935,O00319,ORDER_CREATED,2026-08-14T18:21:00,customer,C0318,order_platform
EV-000936,O00319,PICKED_UP,2026-08-14T19:12:10.363848,driver,D082,order_platform
EV-000937,O00319,DELIVERED,2026-08-14T20:00:44.129361,driver,D082,order_platform
EV-000938,O00320,ORDER_CREATED,2026-08-13T12:06:00,customer,C0379,order_platform
EV-000939,O00320,PICKED_UP,2026-08-13T12:20:09.876998,driver,D033,order_platform
EV-000940,O00320,DELIVERED,2026-08-13T13:01:48.473552,driver,D033,order_platform
EV-000941,O00321,ORDER_CREATED,2026-08-15T18:24:00,customer,C0533,order_platform
EV-000942,O00321,PICKED_UP,2026-08-15T18:36:00.140455,driver,D017,order_platform
EV-000943,O00321,DELIVERED,2026-08-15T19:21:30.240887,driver,D017,order_platform
EV-000944,O00322,ORDER_CREATED,2026-08-28T13:18:00,customer,C0357,order_platform
EV-000945,O00322,PICKED_UP,2026-08-28T14:04:39.367541,driver,D076,order_platform
EV-000946,O00322,DELIVERED,2026-08-28T14:55:30.304349,driver,D076,order_platform
EV-000947,O00323,ORDER_CREATED,2026-08-06T18:12:00,customer,C0496,order_platform
EV-000948,O00323,PICKED_UP,2026-08-06T18:28:34.628352,driver,D058,order_platform
EV-000949,O00323,DELIVERED,2026-08-06T19:19:08.468302,driver,D058,order_platform
EV-000950,O00324,ORDER_CREATED,2026-08-22T18:08:00,customer,C0161,order_platform
EV-000951,O00324,PICKED_UP,2026-08-22T18:25:38.578468,driver,D017,order_platform
EV-000952,O00324,DELIVERED,2026-08-22T18:52:49.576995,driver,D017,order_platform
EV-000953,O00325,ORDER_CREATED,2026-08-19T18:46:00,customer,C0013,order_platform
EV-000954,O00325,PICKED_UP,2026-08-19T19:09:09.791464,driver,D068,order_platform
EV-000955,O00325,DELIVERED,2026-08-19T19:56:49.826012,driver,D068,order_platform
EV-000956,O00326,ORDER_CREATED,2026-08-25T20:29:00,customer,C0636,order_platform
EV-000957,O00326,PICKED_UP,2026-08-25T21:04:21.204453,driver,D037,order_platform
EV-000958,O00326,DELIVERED,2026-08-25T21:49:43.512376,driver,D037,order_platform
EV-000959,O00327,ORDER_CREATED,2026-08-19T20:26:00,customer,C0081,order_platform
EV-000960,O00327,PICKED_UP,2026-08-19T20:50:44.724434,driver,D001,order_platform
EV-000961,O00327,DELIVERED,2026-08-19T21:50:57.630966,driver,D001,order_platform
EV-000962,O00328,ORDER_CREATED,2026-08-01T16:05:00,customer,C0488,order_platform
EV-000963,O00328,PICKED_UP,2026-08-01T16:27:51.282392,driver,D109,order_platform
EV-000964,O00328,DELIVERED,2026-08-01T17:10:24.095574,driver,D109,order_platform
EV-000965,O00329,ORDER_CREATED,2026-08-26T19:31:00,customer,C0696,order_platform
EV-000966,O00329,PICKED_UP,2026-08-26T20:20:50.763861,driver,D016,order_platform
EV-000967,O00329,DELIVERED,2026-08-26T21:04:31.001842,driver,D016,order_platform
EV-000968,O00330,ORDER_CREATED,2026-08-19T20:22:00,customer,C0609,order_platform
EV-000969,O00330,PICKED_UP,2026-08-19T20:47:39.420763,driver,D054,order_platform
EV-000970,O00330,DELIVERED,2026-08-19T21:12:42.624005,driver,D054,order_platform
EV-000971,O00331,ORDER_CREATED,2026-08-15T17:20:00,customer,C0369,order_platform
EV-000972,O00331,PICKED_UP,2026-08-15T18:02:06.194305,driver,D032,order_platform
EV-000973,O00331,DELIVERED,2026-08-15T18:53:57.358916,driver,D032,order_platform
EV-000974,O00332,ORDER_CREATED,2026-08-22T20:46:00,customer,C0624,order_platform
EV-000975,O00332,PICKED_UP,2026-08-22T21:03:06.859842,driver,D094,order_platform
EV-000976,O00332,DELIVERED,2026-08-22T22:01:08.472938,driver,D094,order_platform
EV-000977,O00333,ORDER_CREATED,2026-08-24T16:12:00,customer,C0671,order_platform
EV-000978,O00333,PICKED_UP,2026-08-24T16:45:10.913093,driver,D027,order_platform
EV-000979,O00333,DELIVERED,2026-08-24T17:30:23.742830,driver,D027,order_platform
EV-000980,O00334,ORDER_CREATED,2026-08-26T23:57:00,customer,C0696,order_platform
EV-000981,O00334,PICKED_UP,2026-08-27T00:18:52.271358,driver,D047,order_platform
EV-000982,O00334,DELIVERED,2026-08-27T00:47:37.871156,driver,D047,order_platform
EV-000983,O00335,ORDER_CREATED,2026-08-13T16:03:00,customer,C0639,order_platform
EV-000984,O00335,PICKED_UP,2026-08-13T16:44:18.311732,driver,D006,order_platform
EV-000985,O00335,DELIVERED,2026-08-13T17:42:05.613011,driver,D006,order_platform
EV-000986,O00336,ORDER_CREATED,2026-08-03T12:46:00,customer,C0503,order_platform
EV-000987,O00336,PICKED_UP,2026-08-03T13:10:05.894716,driver,D073,order_platform
EV-000988,O00336,DELIVERED,2026-08-03T13:42:42.794076,driver,D073,order_platform
EV-000989,O00337,ORDER_CREATED,2026-08-16T18:25:00,customer,C0864,order_platform
EV-000990,O00337,PICKED_UP,2026-08-16T18:48:42.005698,driver,D005,order_platform
EV-000991,O00338,ORDER_CREATED,2026-08-04T18:59:00,customer,C0331,order_platform
EV-000992,O00338,PICKED_UP,2026-08-04T19:42:45.398764,driver,D031,order_platform
EV-000993,O00338,DELIVERED,2026-08-04T20:27:05.860421,driver,D031,order_platform
EV-000994,O00339,ORDER_CREATED,2026-08-22T13:44:00,customer,C0367,order_platform
EV-000995,O00339,PICKED_UP,2026-08-22T14:07:38.997695,driver,D080,order_platform
EV-000996,O00339,DELIVERED,2026-08-22T14:59:03.530059,driver,D080,order_platform
EV-000997,O00340,ORDER_CREATED,2026-08-10T18:53:00,customer,C0266,order_platform
EV-000998,O00340,PICKED_UP,2026-08-10T19:32:49.800549,driver,D007,order_platform
EV-000999,O00340,DELIVERED,2026-08-10T20:41:49.445594,driver,D007,order_platform
EV-001000,O00341,ORDER_CREATED,2026-08-24T13:41:00,customer,C0302,order_platform
EV-001001,O00341,PICKED_UP,2026-08-24T14:02:59.669982,driver,D052,order_platform
EV-001002,O00342,ORDER_CREATED,2026-08-19T12:52:00,customer,C0047,order_platform
EV-001003,O00342,PICKED_UP,2026-08-19T13:18:19.110517,driver,D067,order_platform
EV-001004,O00342,DELIVERED,2026-08-19T14:05:58.984450,driver,D067,order_platform
EV-001005,O00343,ORDER_CREATED,2026-08-02T19:21:00,customer,C0674,order_platform
EV-001006,O00343,PICKED_UP,2026-08-02T19:56:53.359370,driver,D063,order_platform
EV-001007,O00343,DELIVERED,2026-08-02T20:39:51.698929,driver,D063,order_platform
EV-001008,O00344,ORDER_CREATED,2026-08-03T19:37:00,customer,C0851,order_platform
EV-001009,O00344,PICKED_UP,2026-08-03T19:52:50.568117,driver,D020,order_platform
EV-001010,O00344,DELIVERED,2026-08-03T20:50:06.391097,driver,D020,order_platform
EV-001011,O00345,ORDER_CREATED,2026-08-16T19:05:00,customer,C0190,order_platform
EV-001012,O00345,PICKED_UP,2026-08-16T19:39:53.069929,driver,D022,order_platform
EV-001013,O00345,DELIVERED,2026-08-16T20:36:49.818387,driver,D022,order_platform
EV-001014,O00346,ORDER_CREATED,2026-08-02T13:50:00,customer,C0897,order_platform
EV-001015,O00346,PICKED_UP,2026-08-02T14:08:21.516421,driver,D029,order_platform
EV-001016,O00346,DELIVERED,2026-08-02T14:54:43.522053,driver,D029,order_platform
EV-001017,O00347,ORDER_CREATED,2026-08-16T18:04:00,customer,C0398,order_platform
EV-001018,O00347,PICKED_UP,2026-08-16T18:23:52.342556,driver,D024,order_platform
EV-001019,O00347,DELIVERED,2026-08-16T19:18:39.792906,driver,D024,order_platform
EV-001020,O00348,ORDER_CREATED,2026-08-07T17:14:00,customer,C0599,order_platform
EV-001021,O00348,PICKED_UP,2026-08-07T17:58:27.684576,driver,D073,order_platform
EV-001022,O00348,DELIVERED,2026-08-07T18:34:03.056448,driver,D073,order_platform
EV-001023,O00349,ORDER_CREATED,2026-08-02T15:07:00,customer,C0523,order_platform
EV-001024,O00349,PICKED_UP,2026-08-02T15:36:55.065279,driver,D094,order_platform
EV-001025,O00349,DELIVERED,2026-08-02T16:17:46.573484,driver,D094,order_platform
EV-001026,O00350,ORDER_CREATED,2026-08-07T19:53:00,customer,C0524,order_platform
EV-001027,O00350,PICKED_UP,2026-08-07T20:09:15.242894,driver,D044,order_platform
EV-001028,O00350,DELIVERED,2026-08-07T20:50:25.990790,driver,D044,order_platform
EV-001029,O00351,ORDER_CREATED,2026-08-16T20:32:00,customer,C0643,order_platform
EV-001030,O00351,PICKED_UP,2026-08-16T21:00:40.289073,driver,D015,order_platform
EV-001031,O00351,DELIVERED,2026-08-16T21:50:09.729065,driver,D015,order_platform
EV-001032,O00352,ORDER_CREATED,2026-08-16T19:10:00,customer,C0772,order_platform
EV-001033,O00352,PICKED_UP,2026-08-16T19:54:00.821798,driver,D015,order_platform
EV-001034,O00352,DELIVERED,2026-08-16T20:52:52.901477,driver,D015,order_platform
EV-001035,O00353,ORDER_CREATED,2026-08-23T16:02:00,customer,C0059,order_platform
EV-001036,O00353,PICKED_UP,2026-08-23T16:29:05.535612,driver,D082,order_platform
EV-001037,O00353,DELIVERED,2026-08-23T17:15:03.310079,driver,D082,order_platform
EV-001038,O00354,ORDER_CREATED,2026-08-12T21:07:00,customer,C0859,order_platform
EV-001039,O00354,PICKED_UP,2026-08-12T21:34:24.381053,driver,D034,order_platform
EV-001040,O00354,DELIVERED,2026-08-12T22:25:46.080603,driver,D034,order_platform
EV-001041,O00355,ORDER_CREATED,2026-08-25T19:44:00,customer,C0056,order_platform
EV-001042,O00355,PICKED_UP,2026-08-25T20:14:48.229896,driver,D113,order_platform
EV-001043,O00355,DELIVERED,2026-08-25T20:48:45.398257,driver,D113,order_platform
EV-001044,O00356,ORDER_CREATED,2026-08-18T21:28:00,customer,C0101,order_platform
EV-001045,O00356,PICKED_UP,2026-08-18T21:53:05.327226,driver,D074,order_platform
EV-001046,O00356,DELIVERED,2026-08-18T22:29:46.405078,driver,D074,order_platform
EV-001047,O00357,ORDER_CREATED,2026-08-23T13:09:00,customer,C0853,order_platform
EV-001048,O00357,PICKED_UP,2026-08-23T13:33:54.394112,driver,D003,order_platform
EV-001049,O00357,DELIVERED,2026-08-23T14:01:29.257915,driver,D003,order_platform
EV-001050,O00358,ORDER_CREATED,2026-08-28T20:53:00,customer,C0207,order_platform
EV-001051,O00358,PICKED_UP,2026-08-28T21:25:44.733578,driver,D086,order_platform
EV-001052,O00358,DELIVERED,2026-08-28T22:21:08.692875,driver,D086,order_platform
EV-001053,O00359,ORDER_CREATED,2026-08-08T18:18:00,customer,C0536,order_platform
EV-001054,O00359,PICKED_UP,2026-08-08T18:52:01.594456,driver,D024,order_platform
EV-001055,O00359,DELIVERED,2026-08-08T19:52:10.109482,driver,D024,order_platform
EV-001056,O00360,ORDER_CREATED,2026-08-05T13:07:00,customer,C0682,order_platform
EV-001057,O00360,PICKED_UP,2026-08-05T13:36:07.262652,driver,D115,order_platform
EV-001058,O00360,DELIVERED,2026-08-05T14:14:36.129525,driver,D115,order_platform
EV-001059,O00361,ORDER_CREATED,2026-08-16T20:29:00,customer,C0696,order_platform
EV-001060,O00361,PICKED_UP,2026-08-16T20:51:50.456544,driver,D038,order_platform
EV-001061,O00361,DELIVERED,2026-08-16T21:31:40.293468,driver,D038,order_platform
EV-001062,O00362,ORDER_CREATED,2026-08-11T19:46:00,customer,C0395,order_platform
EV-001063,O00362,PICKED_UP,2026-08-11T20:05:41.493161,driver,D049,order_platform
EV-001064,O00363,ORDER_CREATED,2026-08-15T17:20:00,customer,C0345,order_platform
EV-001065,O00363,PICKED_UP,2026-08-15T17:28:21.700020,driver,D032,order_platform
EV-001066,O00363,DELIVERED,2026-08-15T17:54:21.366296,driver,D032,order_platform
EV-001067,O00364,ORDER_CREATED,2026-08-12T17:45:00,customer,C0394,order_platform
EV-001068,O00364,PICKED_UP,2026-08-12T18:18:14.197763,driver,D085,order_platform
EV-001069,O00364,DELIVERED,2026-08-12T18:57:44.158657,driver,D085,order_platform
EV-001070,O00365,ORDER_CREATED,2026-08-14T20:26:00,customer,C0501,order_platform
EV-001071,O00365,PICKED_UP,2026-08-14T21:04:25.341143,driver,D074,order_platform
EV-001072,O00365,DELIVERED,2026-08-14T21:50:07.724515,driver,D074,order_platform
EV-001073,O00366,ORDER_CREATED,2026-08-05T14:53:00,customer,C0217,order_platform
EV-001074,O00366,PICKED_UP,2026-08-05T15:35:52.058284,driver,D082,order_platform
EV-001075,O00366,DELIVERED,2026-08-05T15:48:06.842914,driver,D082,order_platform
EV-001076,O00367,ORDER_CREATED,2026-08-16T12:42:00,customer,C0404,order_platform
EV-001077,O00367,PICKED_UP,2026-08-16T13:02:35.163684,driver,D025,order_platform
EV-001078,O00367,DELIVERED,2026-08-16T13:41:30.839347,driver,D025,order_platform
EV-001079,O00368,ORDER_CREATED,2026-08-16T23:52:00,customer,C0345,order_platform
EV-001080,O00368,PICKED_UP,2026-08-17T00:20:48.059677,driver,D063,order_platform
EV-001081,O00368,DELIVERED,2026-08-17T01:05:57.795524,driver,D063,order_platform
EV-001082,O00369,ORDER_CREATED,2026-08-12T11:18:00,customer,C0752,order_platform
EV-001083,O00369,PICKED_UP,2026-08-12T11:49:39.189589,driver,D025,order_platform
EV-001084,O00369,DELIVERED,2026-08-12T12:40:10.926714,driver,D025,order_platform
EV-001085,O00370,ORDER_CREATED,2026-08-12T20:00:00,customer,C0844,order_platform
EV-001086,O00370,PICKED_UP,2026-08-12T20:29:08.557201,driver,D100,order_platform
EV-001087,O00370,DELIVERED,2026-08-12T21:02:20.863369,driver,D100,order_platform
EV-001088,O00371,ORDER_CREATED,2026-08-04T20:59:00,customer,C0215,order_platform
EV-001089,O00371,PICKED_UP,2026-08-04T21:32:19.080236,driver,D010,order_platform
EV-001090,O00371,DELIVERED,2026-08-04T22:13:52.159366,driver,D010,order_platform
EV-001091,O00372,ORDER_CREATED,2026-08-05T19:19:00,customer,C0240,order_platform
EV-001092,O00372,PICKED_UP,2026-08-05T19:50:49.397797,driver,D116,order_platform
EV-001093,O00372,DELIVERED,2026-08-05T20:33:09.521921,driver,D116,order_platform
EV-001094,O00373,ORDER_CREATED,2026-08-02T18:58:00,customer,C0349,order_platform
EV-001095,O00373,PICKED_UP,2026-08-02T19:17:32.288314,driver,D023,order_platform
EV-001096,O00373,DELIVERED,2026-08-02T20:09:38.146404,driver,D023,order_platform
EV-001097,O00374,ORDER_CREATED,2026-08-19T17:10:00,customer,C0843,order_platform
EV-001098,O00374,PICKED_UP,2026-08-19T17:34:20.116953,driver,D001,order_platform
EV-001099,O00374,DELIVERED,2026-08-19T18:31:14.298709,driver,D001,order_platform
EV-001100,O00375,ORDER_CREATED,2026-08-07T22:54:00,customer,C0707,order_platform
EV-001101,O00375,PICKED_UP,2026-08-07T23:14:11.858204,driver,D085,order_platform
EV-001102,O00375,DELIVERED,2026-08-08T00:10:32.483413,driver,D085,order_platform
EV-001103,O00376,ORDER_CREATED,2026-08-15T12:08:00,customer,C0276,order_platform
EV-001104,O00376,PICKED_UP,2026-08-15T12:34:27.705834,driver,D110,order_platform
EV-001105,O00376,DELIVERED,2026-08-15T12:50:42.324350,driver,D110,order_platform
EV-001106,O00377,ORDER_CREATED,2026-08-28T17:54:00,customer,C0260,order_platform
EV-001107,O00377,PICKED_UP,2026-08-28T18:18:11.811990,driver,D053,order_platform
EV-001108,O00377,DELIVERED,2026-08-28T18:53:13.696174,driver,D053,order_platform
EV-001109,O00378,ORDER_CREATED,2026-08-23T19:06:00,customer,C0087,order_platform
EV-001110,O00378,PICKED_UP,2026-08-23T19:32:45.361566,driver,D011,order_platform
EV-001111,O00378,DELIVERED,2026-08-23T20:36:56.288888,driver,D011,order_platform
EV-001112,O00379,ORDER_CREATED,2026-08-26T20:25:00,customer,C0582,order_platform
EV-001113,O00379,PICKED_UP,2026-08-26T20:37:02.211297,driver,D098,order_platform
EV-001114,O00379,DELIVERED,2026-08-26T21:08:17.367164,driver,D098,order_platform
EV-001115,O00380,ORDER_CREATED,2026-08-16T19:11:00,customer,C0536,order_platform
EV-001116,O00380,PICKED_UP,2026-08-16T19:25:02.611520,driver,D005,order_platform
EV-001117,O00380,DELIVERED,2026-08-16T20:01:53.244407,driver,D005,order_platform
EV-001118,O00381,ORDER_CREATED,2026-08-18T17:55:00,customer,C0282,order_platform
EV-001119,O00381,PICKED_UP,2026-08-18T18:20:57.058759,driver,D080,order_platform
EV-001120,O00381,DELIVERED,2026-08-18T19:08:39.382818,driver,D080,order_platform
EV-001121,O00382,ORDER_CREATED,2026-08-28T20:56:00,customer,C0573,order_platform
EV-001122,O00382,PICKED_UP,2026-08-28T21:39:20.716819,driver,D082,order_platform
EV-001123,O00382,DELIVERED,2026-08-28T22:12:02.937686,driver,D082,order_platform
EV-001124,O00383,ORDER_CREATED,2026-08-13T19:22:00,customer,C0557,order_platform
EV-001125,O00383,PICKED_UP,2026-08-13T20:09:01.449265,driver,D100,order_platform
EV-001126,O00383,DELIVERED,2026-08-13T20:44:09.791917,driver,D100,order_platform
EV-001127,O00384,ORDER_CREATED,2026-08-21T16:05:00,customer,C0012,order_platform
EV-001128,O00384,PICKED_UP,2026-08-21T16:32:11.702845,driver,D110,order_platform
EV-001129,O00385,ORDER_CREATED,2026-08-22T21:36:00,customer,C0667,order_platform
EV-001130,O00385,PICKED_UP,2026-08-22T22:26:04.337203,driver,D065,order_platform
EV-001131,O00385,DELIVERED,2026-08-22T23:01:01.308053,driver,D065,order_platform
EV-001132,O00386,ORDER_CREATED,2026-08-11T13:19:00,customer,C0101,order_platform
EV-001133,O00386,PICKED_UP,2026-08-11T13:43:10.825241,driver,D072,order_platform
EV-001134,O00386,DELIVERED,2026-08-11T14:01:21.008075,driver,D072,order_platform
EV-001135,O00387,ORDER_CREATED,2026-08-03T19:37:00,customer,C0457,order_platform
EV-001136,O00387,PICKED_UP,2026-08-03T20:21:29.972443,driver,D070,order_platform
EV-001137,O00387,DELIVERED,2026-08-03T20:53:23.748909,driver,D070,order_platform
EV-001138,O00388,ORDER_CREATED,2026-08-20T18:42:00,customer,C0181,order_platform
EV-001139,O00388,PICKED_UP,2026-08-20T19:20:01.461152,driver,D063,order_platform
EV-001140,O00388,DELIVERED,2026-08-20T20:12:32.475488,driver,D063,order_platform
EV-001141,O00389,ORDER_CREATED,2026-08-08T13:43:00,customer,C0608,order_platform
EV-001142,O00389,PICKED_UP,2026-08-08T14:13:48.970442,driver,D073,order_platform
EV-001143,O00389,DELIVERED,2026-08-08T15:02:50.349868,driver,D073,order_platform
EV-001144,O00390,ORDER_CREATED,2026-08-04T13:01:00,customer,C0666,order_platform
EV-001145,O00390,PICKED_UP,2026-08-04T13:14:57.572546,driver,D009,order_platform
EV-001146,O00390,DELIVERED,2026-08-04T13:51:42.914025,driver,D009,order_platform
EV-001147,O00391,ORDER_CREATED,2026-08-16T20:03:00,customer,C0024,order_platform
EV-001148,O00391,PICKED_UP,2026-08-16T20:40:29.052534,driver,D007,order_platform
EV-001149,O00391,DELIVERED,2026-08-16T21:36:10.361588,driver,D007,order_platform
EV-001150,O00392,ORDER_CREATED,2026-08-04T18:53:00,customer,C0372,order_platform
EV-001151,O00392,PICKED_UP,2026-08-04T19:25:11.487414,driver,D113,order_platform
EV-001152,O00392,DELIVERED,2026-08-04T20:12:56.928491,driver,D113,order_platform
EV-001153,O00393,ORDER_CREATED,2026-08-07T23:28:00,customer,C0512,order_platform
EV-001154,O00393,PICKED_UP,2026-08-08T00:12:22.791458,driver,D109,order_platform
EV-001155,O00393,DELIVERED,2026-08-08T01:10:59.732094,driver,D109,order_platform
EV-001156,O00394,ORDER_CREATED,2026-08-01T19:57:00,customer,C0062,order_platform
EV-001157,O00394,PICKED_UP,2026-08-01T20:26:47.410789,driver,D067,order_platform
EV-001158,O00394,DELIVERED,2026-08-01T21:13:09.877796,driver,D067,order_platform
EV-001159,O00395,ORDER_CREATED,2026-08-15T17:58:00,customer,C0060,order_platform
EV-001160,O00395,PICKED_UP,2026-08-15T18:20:44.580725,driver,D059,order_platform
EV-001161,O00395,DELIVERED,2026-08-15T19:30:28.678239,driver,D059,order_platform
EV-001162,O00396,ORDER_CREATED,2026-08-28T12:49:00,customer,C0775,order_platform
EV-001163,O00396,PICKED_UP,2026-08-28T13:09:42.864711,driver,D012,order_platform
EV-001164,O00396,DELIVERED,2026-08-28T14:13:24.650787,driver,D012,order_platform
EV-001165,O00397,ORDER_CREATED,2026-08-27T18:20:00,customer,C0747,order_platform
EV-001166,O00397,PICKED_UP,2026-08-27T19:02:28.708725,driver,D038,order_platform
EV-001167,O00397,DELIVERED,2026-08-27T19:46:41.191047,driver,D038,order_platform
EV-001168,O00398,ORDER_CREATED,2026-08-23T23:53:00,customer,C0225,order_platform
EV-001169,O00398,PICKED_UP,2026-08-24T00:21:08.275161,driver,D076,order_platform
EV-001170,O00398,DELIVERED,2026-08-24T01:07:49.200891,driver,D076,order_platform
EV-001171,O00399,ORDER_CREATED,2026-08-13T22:56:00,customer,C0530,order_platform
EV-001172,O00399,PICKED_UP,2026-08-13T23:38:16.479414,driver,D036,order_platform
EV-001173,O00399,DELIVERED,2026-08-14T00:25:09.809597,driver,D036,order_platform
EV-001174,O00400,ORDER_CREATED,2026-08-05T12:23:00,customer,C0851,order_platform
EV-001175,O00400,PICKED_UP,2026-08-05T13:04:02.481272,driver,D035,order_platform
EV-001176,O00400,DELIVERED,2026-08-05T13:14:08.233667,driver,D035,order_platform
EV-001177,O00401,ORDER_CREATED,2026-08-24T18:08:00,customer,C0842,order_platform
EV-001178,O00401,PICKED_UP,2026-08-24T18:43:49.644278,driver,D046,order_platform
EV-001179,O00401,DELIVERED,2026-08-24T19:32:35.926083,driver,D046,order_platform
EV-001180,O00402,ORDER_CREATED,2026-08-21T18:00:00,customer,C0662,order_platform
EV-001181,O00402,PICKED_UP,2026-08-21T18:21:13.418765,driver,D107,order_platform
EV-001182,O00402,DELIVERED,2026-08-21T18:47:25.022309,driver,D107,order_platform
EV-001183,O00403,ORDER_CREATED,2026-08-16T22:38:00,customer,C0240,order_platform
EV-001184,O00403,PICKED_UP,2026-08-16T23:10:17.272665,driver,D099,order_platform
EV-001185,O00403,DELIVERED,2026-08-17T00:26:52.711811,driver,D099,order_platform
EV-001186,O00404,ORDER_CREATED,2026-08-06T18:59:00,customer,C0715,order_platform
EV-001187,O00404,PICKED_UP,2026-08-06T19:44:41.534794,driver,,order_platform
EV-001188,O00404,DELIVERED,2026-08-06T20:14:58.336586,driver,,order_platform
EV-001189,O00405,ORDER_CREATED,2026-08-20T20:59:00,customer,C0809,order_platform
EV-001190,O00405,PICKED_UP,2026-08-20T21:10:48.826622,driver,,order_platform
EV-001191,O00405,DELIVERED,2026-08-20T21:58:43.608157,driver,,order_platform
EV-001192,O00406,ORDER_CREATED,2026-08-06T19:27:00,customer,C0746,order_platform
EV-001193,O00406,PICKED_UP,2026-08-06T19:43:30.498697,driver,,order_platform
EV-001194,O00406,DELIVERED,2026-08-06T20:29:35.614643,driver,,order_platform
EV-001195,O00407,ORDER_CREATED,2026-08-06T21:47:00,customer,C0522,order_platform
EV-001196,O00407,PICKED_UP,2026-08-06T22:11:11.408483,driver,D089,order_platform
EV-001197,O00407,DELIVERED,2026-08-06T22:52:25.575684,driver,D089,order_platform
EV-001198,O00408,ORDER_CREATED,2026-08-04T21:01:00,customer,C0801,order_platform
EV-001199,O00408,PICKED_UP,2026-08-04T21:37:07.720823,driver,D105,order_platform
EV-001200,O00408,DELIVERED,2026-08-04T22:40:13.132647,driver,D105,order_platform
EV-001201,O00409,ORDER_CREATED,2026-08-15T16:46:00,customer,C0833,order_platform
EV-001202,O00409,PICKED_UP,2026-08-15T17:33:56.083111,driver,D047,order_platform
EV-001203,O00409,DELIVERED,2026-08-15T18:41:17.365236,driver,D047,order_platform
EV-001204,O00410,ORDER_CREATED,2026-08-01T21:10:00,customer,C0240,order_platform
EV-001205,O00410,PICKED_UP,2026-08-01T21:28:28.765037,driver,D038,order_platform
EV-001206,O00410,DELIVERED,2026-08-01T22:17:16.393051,driver,D038,order_platform
EV-001207,O00411,ORDER_CREATED,2026-08-07T18:56:00,customer,C0227,order_platform
EV-001208,O00411,PICKED_UP,2026-08-07T19:29:13.619671,driver,D087,order_platform
EV-001209,O00411,DELIVERED,2026-08-07T20:20:35.202056,driver,D087,order_platform
EV-001210,O00412,ORDER_CREATED,2026-08-16T18:41:00,customer,C0504,order_platform
EV-001211,O00412,PICKED_UP,2026-08-16T19:07:10.882552,driver,D003,order_platform
EV-001212,O00412,DELIVERED,2026-08-16T19:55:09.085320,driver,D003,order_platform
EV-001213,O00413,ORDER_CREATED,2026-08-14T17:29:00,customer,C0463,order_platform
EV-001214,O00413,PICKED_UP,2026-08-14T18:05:07.858144,driver,D044,order_platform
EV-001215,O00413,DELIVERED,2026-08-14T18:59:53.343732,driver,D044,order_platform
EV-001216,O00414,ORDER_CREATED,2026-08-23T16:37:00,customer,C0794,order_platform
EV-001217,O00414,PICKED_UP,2026-08-23T17:01:32.420393,driver,D077,order_platform
EV-001218,O00414,DELIVERED,2026-08-23T17:35:10.727789,driver,D077,order_platform
EV-001219,O00415,ORDER_CREATED,2026-08-04T11:41:00,customer,C0339,order_platform
EV-001220,O00415,PICKED_UP,2026-08-04T12:05:41.256716,driver,D072,order_platform
EV-001221,O00415,DELIVERED,2026-08-04T13:02:04.576882,driver,D072,order_platform
EV-001222,O00416,ORDER_CREATED,2026-08-23T23:54:00,customer,C0662,order_platform
EV-001223,O00416,PICKED_UP,2026-08-24T00:38:00.030492,driver,D056,order_platform
EV-001224,O00416,DELIVERED,2026-08-24T01:02:02.845479,driver,D056,order_platform
EV-001225,O00417,ORDER_CREATED,2026-08-16T11:28:00,customer,C0302,order_platform
EV-001226,O00417,PICKED_UP,2026-08-16T11:51:05.315081,driver,D035,order_platform
EV-001227,O00418,ORDER_CREATED,2026-08-16T18:46:00,customer,C0476,order_platform
EV-001228,O00418,PICKED_UP,2026-08-16T19:04:58.710867,driver,D032,order_platform
EV-001229,O00418,DELIVERED,2026-08-16T19:41:01.155907,driver,D032,order_platform
EV-001230,O00419,ORDER_CREATED,2026-08-21T17:44:00,customer,C0729,order_platform
EV-001231,O00419,PICKED_UP,2026-08-21T18:08:48.212238,driver,D046,order_platform
EV-001232,O00419,DELIVERED,2026-08-21T18:52:37.016518,driver,D046,order_platform
EV-001233,O00420,ORDER_CREATED,2026-08-22T19:23:00,customer,C0696,order_platform
EV-001234,O00420,PICKED_UP,2026-08-22T19:35:15.327557,driver,D072,order_platform
EV-001235,O00420,DELIVERED,2026-08-22T20:12:57.582167,driver,D072,order_platform
EV-001236,O00421,ORDER_CREATED,2026-08-16T16:13:00,customer,C0246,order_platform
EV-001237,O00421,PICKED_UP,2026-08-16T16:27:24.562471,driver,D049,order_platform
EV-001238,O00421,DELIVERED,2026-08-16T17:22:02.337957,driver,D049,order_platform
EV-001239,O00422,ORDER_CREATED,2026-08-09T23:50:00,customer,C0193,order_platform
EV-001240,O00422,PICKED_UP,2026-08-10T00:21:17.685063,driver,D068,order_platform
EV-001241,O00422,DELIVERED,2026-08-10T01:11:13.941923,driver,D068,order_platform
EV-001242,O00423,ORDER_CREATED,2026-08-20T20:06:00,customer,C0757,order_platform
EV-001243,O00423,PICKED_UP,2026-08-20T20:38:45.082177,driver,D046,order_platform
EV-001244,O00423,DELIVERED,2026-08-20T21:24:09.603263,driver,D046,order_platform
EV-001245,O00424,ORDER_CREATED,2026-08-28T14:26:00,customer,C0205,order_platform
EV-001246,O00424,PICKED_UP,2026-08-28T14:42:25.733641,driver,D072,order_platform
EV-001247,O00424,DELIVERED,2026-08-28T15:36:54.841762,driver,D072,order_platform
EV-001248,O00425,ORDER_CREATED,2026-08-08T13:27:00,customer,C0173,order_platform
EV-001249,O00425,PICKED_UP,2026-08-08T13:54:11.889666,driver,D074,order_platform
EV-001250,O00425,DELIVERED,2026-08-08T14:28:50.303810,driver,D074,order_platform
EV-001251,O00426,ORDER_CREATED,2026-08-02T19:41:00,customer,C0023,order_platform
EV-001252,O00426,PICKED_UP,2026-08-02T20:00:38.300571,driver,D120,order_platform
EV-001253,O00426,DELIVERED,2026-08-02T20:44:23.948590,driver,D120,order_platform
EV-001254,O00427,ORDER_CREATED,2026-08-17T19:09:00,customer,C0894,order_platform
EV-001255,O00427,PICKED_UP,2026-08-17T19:20:28.637551,driver,D024,order_platform
EV-001256,O00427,DELIVERED,2026-08-17T19:50:24.964047,driver,D024,order_platform
EV-001257,O00428,ORDER_CREATED,2026-08-05T18:34:00,customer,C0882,order_platform
EV-001258,O00428,PICKED_UP,2026-08-05T19:08:12.922426,driver,D040,order_platform
EV-001259,O00428,DELIVERED,2026-08-05T19:58:06.809822,driver,D040,order_platform
EV-001260,O00429,ORDER_CREATED,2026-08-12T15:32:00,customer,C0002,order_platform
EV-001261,O00429,PICKED_UP,2026-08-12T15:44:29.195931,driver,D003,order_platform
EV-001262,O00429,DELIVERED,2026-08-12T16:37:40.219550,driver,D003,order_platform
EV-001263,O00430,ORDER_CREATED,2026-08-23T18:08:00,customer,C0202,order_platform
EV-001264,O00430,PICKED_UP,2026-08-23T18:38:58.898892,driver,D012,order_platform
EV-001265,O00430,DELIVERED,2026-08-23T19:08:20.075743,driver,D012,order_platform
EV-001266,O00431,ORDER_CREATED,2026-08-15T12:43:00,customer,C0502,order_platform
EV-001267,O00431,PICKED_UP,2026-08-15T13:24:20.674411,driver,D002,order_platform
EV-001268,O00431,DELIVERED,2026-08-15T14:09:44.999580,driver,D002,order_platform
EV-001269,O00432,ORDER_CREATED,2026-08-15T13:45:00,customer,C0381,order_platform
EV-001270,O00432,PICKED_UP,2026-08-15T14:08:34.836005,driver,D030,order_platform
EV-001271,O00433,ORDER_CREATED,2026-08-04T19:26:00,customer,C0336,order_platform
EV-001272,O00433,PICKED_UP,2026-08-04T20:01:46.731336,driver,D051,order_platform
EV-001273,O00433,DELIVERED,2026-08-04T20:48:09.272928,driver,D051,order_platform
EV-001274,O00434,ORDER_CREATED,2026-08-10T21:13:00,customer,C0101,order_platform
EV-001275,O00434,PICKED_UP,2026-08-10T21:47:32.917101,driver,D102,order_platform
EV-001276,O00434,DELIVERED,2026-08-10T22:21:41.776640,driver,D102,order_platform
EV-001277,O00435,ORDER_CREATED,2026-08-25T18:28:00,customer,C0132,order_platform
EV-001278,O00435,PICKED_UP,2026-08-25T19:06:12.364806,driver,D039,order_platform
EV-001279,O00435,DELIVERED,2026-08-25T19:46:59.243904,driver,D039,order_platform
EV-001280,O00436,ORDER_CREATED,2026-08-26T20:19:00,customer,C0841,order_platform
EV-001281,O00436,PICKED_UP,2026-08-26T20:43:39.141619,driver,D023,order_platform
EV-001282,O00436,DELIVERED,2026-08-26T21:07:50.694054,driver,D023,order_platform
EV-001283,O00437,ORDER_CREATED,2026-08-06T23:17:00,customer,C0685,order_platform
EV-001284,O00437,PICKED_UP,2026-08-06T23:43:31.993973,driver,D057,order_platform
EV-001285,O00437,DELIVERED,2026-08-07T00:09:45.053104,driver,D057,order_platform
EV-001286,O00438,ORDER_CREATED,2026-08-11T17:05:00,customer,C0376,order_platform
EV-001287,O00438,PICKED_UP,2026-08-11T17:25:56.515880,driver,D111,order_platform
EV-001288,O00438,DELIVERED,2026-08-11T18:04:08.838969,driver,D111,order_platform
EV-001289,O00439,ORDER_CREATED,2026-08-01T19:19:00,customer,C0642,order_platform
EV-001290,O00439,PICKED_UP,2026-08-01T19:35:45.766686,driver,D037,order_platform
EV-001291,O00439,DELIVERED,2026-08-01T20:07:49.250300,driver,D037,order_platform
EV-001292,O00440,ORDER_CREATED,2026-08-04T15:20:00,customer,C0531,order_platform
EV-001293,O00440,PICKED_UP,2026-08-04T15:41:19.457322,driver,D061,order_platform
EV-001294,O00440,DELIVERED,2026-08-04T16:34:17.163086,driver,D061,order_platform
EV-001295,O00441,ORDER_CREATED,2026-08-21T18:50:00,customer,C0294,order_platform
EV-001296,O00441,PICKED_UP,2026-08-21T19:11:05.536493,driver,D005,order_platform
EV-001297,O00441,DELIVERED,2026-08-21T20:13:54.660469,driver,D005,order_platform
EV-001298,O00442,ORDER_CREATED,2026-08-16T15:16:00,customer,C0758,order_platform
EV-001299,O00442,PICKED_UP,2026-08-16T15:45:58.484206,driver,D012,order_platform
EV-001300,O00442,DELIVERED,2026-08-16T16:41:19.586539,driver,D012,order_platform
EV-001301,O00443,ORDER_CREATED,2026-08-07T19:51:00,customer,C0495,order_platform
EV-001302,O00443,PICKED_UP,2026-08-07T20:18:36.734225,driver,D120,order_platform
EV-001303,O00443,DELIVERED,2026-08-07T20:39:53.336758,driver,D120,order_platform
EV-001304,O00444,ORDER_CREATED,2026-08-20T18:57:00,customer,C0307,order_platform
EV-001305,O00444,PICKED_UP,2026-08-20T19:28:04.430931,driver,D081,order_platform
EV-001306,O00444,DELIVERED,2026-08-20T20:13:22.809956,driver,D081,order_platform
EV-001307,O00445,ORDER_CREATED,2026-08-06T21:51:00,customer,C0741,order_platform
EV-001308,O00445,PICKED_UP,2026-08-06T22:14:43.060868,driver,D074,order_platform
EV-001309,O00445,DELIVERED,2026-08-06T22:55:45.658926,driver,D074,order_platform
EV-001310,O00446,ORDER_CREATED,2026-08-02T15:57:00,customer,C0780,order_platform
EV-001311,O00446,PICKED_UP,2026-08-02T16:42:19.366626,driver,D081,order_platform
EV-001312,O00446,DELIVERED,2026-08-02T17:37:54.470187,driver,D081,order_platform
EV-001313,O00447,ORDER_CREATED,2026-08-09T22:54:00,customer,C0725,order_platform
EV-001314,O00447,PICKED_UP,2026-08-09T23:14:55.686606,driver,D036,order_platform
EV-001315,O00447,DELIVERED,2026-08-09T23:56:36.830649,driver,D036,order_platform
EV-001316,O00448,ORDER_CREATED,2026-08-11T17:26:00,customer,C0284,order_platform
EV-001317,O00448,PICKED_UP,2026-08-11T17:35:39.744301,driver,D028,order_platform
EV-001318,O00448,DELIVERED,2026-08-11T18:28:35.108836,driver,D028,order_platform
EV-001319,O00449,ORDER_CREATED,2026-08-24T14:44:00,customer,C0070,order_platform
EV-001320,O00449,PICKED_UP,2026-08-24T15:16:58.800082,driver,D008,order_platform
EV-001321,O00449,DELIVERED,2026-08-24T16:03:31.310257,driver,D008,order_platform
EV-001322,O00450,ORDER_CREATED,2026-08-11T21:15:00,customer,C0202,order_platform
EV-001323,O00450,PICKED_UP,2026-08-11T21:43:23.756324,driver,D094,order_platform
EV-001324,O00450,DELIVERED,2026-08-11T22:28:04.340517,driver,D094,order_platform
EV-001325,O00451,ORDER_CREATED,2026-08-28T19:50:00,customer,C0549,order_platform
EV-001326,O00451,PICKED_UP,2026-08-28T20:06:53.045584,driver,D088,order_platform
EV-001327,O00451,DELIVERED,2026-08-28T20:50:59.561341,driver,D088,order_platform
EV-001328,O00452,ORDER_CREATED,2026-08-20T11:24:00,customer,C0020,order_platform
EV-001329,O00452,PICKED_UP,2026-08-20T11:44:42.156314,driver,D106,order_platform
EV-001330,O00452,DELIVERED,2026-08-20T12:29:57.824096,driver,D106,order_platform
EV-001331,O00453,ORDER_CREATED,2026-08-26T21:57:00,customer,C0546,order_platform
EV-001332,O00453,PICKED_UP,2026-08-26T22:14:23.713907,driver,D095,order_platform
EV-001333,O00453,DELIVERED,2026-08-26T22:49:09.630432,driver,D095,order_platform
EV-001334,O00454,ORDER_CREATED,2026-08-19T21:49:00,customer,C0179,order_platform
EV-001335,O00454,PICKED_UP,2026-08-19T22:20:59.619685,driver,D027,order_platform
EV-001336,O00454,DELIVERED,2026-08-19T22:50:24.317720,driver,D027,order_platform
EV-001337,O00455,ORDER_CREATED,2026-08-07T19:12:00,customer,C0202,order_platform
EV-001338,O00455,PICKED_UP,2026-08-07T19:29:38.924040,driver,D003,order_platform
EV-001339,O00455,DELIVERED,2026-08-07T20:23:57.360990,driver,D003,order_platform
EV-001340,O00456,ORDER_CREATED,2026-08-01T19:44:00,customer,C0746,order_platform
EV-001341,O00456,PICKED_UP,2026-08-01T20:02:34.501796,driver,D053,order_platform
EV-001342,O00456,DELIVERED,2026-08-01T20:50:35.703316,driver,D053,order_platform
EV-001343,O00457,ORDER_CREATED,2026-08-01T18:09:00,customer,C0168,order_platform
EV-001344,O00457,PICKED_UP,2026-08-01T18:28:52.499454,driver,D035,order_platform
EV-001345,O00458,ORDER_CREATED,2026-08-09T20:21:00,customer,C0438,order_platform
EV-001346,O00458,PICKED_UP,2026-08-09T20:48:52.500807,driver,D032,order_platform
EV-001347,O00458,DELIVERED,2026-08-09T21:46:14.169158,driver,D032,order_platform
EV-001348,O00459,ORDER_CREATED,2026-08-15T15:51:00,customer,C0468,order_platform
EV-001349,O00459,PICKED_UP,2026-08-15T16:19:29.867757,driver,D002,order_platform
EV-001350,O00459,DELIVERED,2026-08-15T17:10:33.050292,driver,D002,order_platform
EV-001351,O00460,ORDER_CREATED,2026-08-12T16:27:00,customer,C0087,order_platform
EV-001352,O00460,PICKED_UP,2026-08-12T17:21:45.188189,driver,D104,order_platform
EV-001353,O00460,DELIVERED,2026-08-12T18:29:16.970368,driver,D104,order_platform
EV-001354,O00461,ORDER_CREATED,2026-08-07T20:50:00,customer,C0106,order_platform
EV-001355,O00461,PICKED_UP,2026-08-07T21:24:54.520288,driver,D094,order_platform
EV-001356,O00461,DELIVERED,2026-08-07T22:11:51.984216,driver,D094,order_platform
EV-001357,O00462,ORDER_CREATED,2026-08-19T17:58:00,customer,C0013,order_platform
EV-001358,O00462,PICKED_UP,2026-08-19T18:22:08.015036,driver,D008,order_platform
EV-001359,O00462,DELIVERED,2026-08-19T19:15:36.063975,driver,D008,order_platform
EV-001360,O00463,ORDER_CREATED,2026-08-05T20:18:00,customer,C0046,order_platform
EV-001361,O00463,PICKED_UP,2026-08-05T20:38:40.569574,driver,D094,order_platform
EV-001362,O00463,DELIVERED,2026-08-05T20:59:25.548003,driver,D094,order_platform
EV-001363,O00464,ORDER_CREATED,2026-08-12T22:18:00,customer,C0113,order_platform
EV-001364,O00464,PICKED_UP,2026-08-12T22:38:43.935647,driver,D053,order_platform
EV-001365,O00464,DELIVERED,2026-08-12T23:20:52.276320,driver,D053,order_platform
EV-001366,O00465,ORDER_CREATED,2026-08-22T21:12:00,customer,C0061,order_platform
EV-001367,O00465,PICKED_UP,2026-08-22T21:37:56.960467,driver,D112,order_platform
EV-001368,O00465,DELIVERED,2026-08-22T22:44:22.405513,driver,D112,order_platform
EV-001369,O00466,ORDER_CREATED,2026-08-25T22:55:00,customer,C0746,order_platform
EV-001370,O00466,PICKED_UP,2026-08-25T23:09:57.216011,driver,D088,order_platform
EV-001371,O00466,DELIVERED,2026-08-25T23:54:10.521612,driver,D088,order_platform
EV-001372,O00467,ORDER_CREATED,2026-08-25T22:26:00,customer,C0778,order_platform
EV-001373,O00467,PICKED_UP,2026-08-25T22:39:36.250437,driver,D016,order_platform
EV-001374,O00467,DELIVERED,2026-08-25T22:57:16.469139,driver,D016,order_platform
EV-001375,O00468,ORDER_CREATED,2026-08-25T19:19:00,customer,C0736,order_platform
EV-001376,O00468,PICKED_UP,2026-08-25T19:45:10.926338,driver,D003,order_platform
EV-001377,O00468,DELIVERED,2026-08-25T20:26:28.040733,driver,D003,order_platform
EV-001378,O00469,ORDER_CREATED,2026-08-16T12:36:00,customer,C0266,order_platform
EV-001379,O00469,PICKED_UP,2026-08-16T12:50:02.914224,driver,D005,order_platform
EV-001380,O00469,DELIVERED,2026-08-16T13:57:01.320777,driver,D005,order_platform
EV-001381,O00470,ORDER_CREATED,2026-08-08T16:33:00,customer,C0897,order_platform
EV-001382,O00470,PICKED_UP,2026-08-08T17:01:51.082439,driver,D083,order_platform
EV-001383,O00470,DELIVERED,2026-08-08T17:21:49.192249,driver,D083,order_platform
EV-001384,O00471,ORDER_CREATED,2026-08-07T16:52:00,customer,C0099,order_platform
EV-001385,O00471,PICKED_UP,2026-08-07T17:20:12.632435,driver,D007,order_platform
EV-001386,O00471,DELIVERED,2026-08-07T18:12:27.727545,driver,D007,order_platform
EV-001387,O00472,ORDER_CREATED,2026-08-08T18:58:00,customer,C0448,order_platform
EV-001388,O00472,PICKED_UP,2026-08-08T19:33:38.617887,driver,D109,order_platform
EV-001389,O00472,DELIVERED,2026-08-08T20:27:50.690781,driver,D109,order_platform
EV-001390,O00473,ORDER_CREATED,2026-08-14T18:58:00,customer,C0719,order_platform
EV-001391,O00473,PICKED_UP,2026-08-14T20:05:22.631148,driver,D064,order_platform
EV-001392,O00473,DELIVERED,2026-08-14T21:04:00.769224,driver,D064,order_platform
EV-001393,O00474,ORDER_CREATED,2026-08-04T23:04:00,customer,C0127,order_platform
EV-001394,O00474,PICKED_UP,2026-08-04T23:19:24.678164,driver,D050,order_platform
EV-001395,O00474,DELIVERED,2026-08-05T00:17:35.652368,driver,D050,order_platform
EV-001396,O00475,ORDER_CREATED,2026-08-11T19:29:00,customer,C0883,order_platform
EV-001397,O00475,PICKED_UP,2026-08-11T19:45:41.208149,driver,D058,order_platform
EV-001398,O00475,DELIVERED,2026-08-11T20:37:47.131885,driver,D058,order_platform
EV-001399,O00476,ORDER_CREATED,2026-08-04T18:25:00,customer,C0889,order_platform
EV-001400,O00476,PICKED_UP,2026-08-04T19:08:28.451241,driver,D117,order_platform
EV-001401,O00476,DELIVERED,2026-08-04T19:51:57.232492,driver,D117,order_platform
EV-001402,O00477,ORDER_CREATED,2026-08-21T19:42:00,customer,C0117,order_platform
EV-001403,O00477,PICKED_UP,2026-08-21T20:14:32.816157,driver,D011,order_platform
EV-001404,O00477,DELIVERED,2026-08-21T21:10:10.485830,driver,D011,order_platform
EV-001405,O00478,ORDER_CREATED,2026-08-11T20:43:00,customer,C0264,order_platform
EV-001406,O00478,PICKED_UP,2026-08-11T20:58:20.684682,driver,D096,order_platform
EV-001407,O00478,DELIVERED,2026-08-11T21:41:14.596300,driver,D096,order_platform
EV-001408,O00479,ORDER_CREATED,2026-08-13T22:07:00,customer,C0477,order_platform
EV-001409,O00479,PICKED_UP,2026-08-13T22:37:57.674973,driver,D023,order_platform
EV-001410,O00480,ORDER_CREATED,2026-08-03T19:17:00,customer,C0718,order_platform
EV-001411,O00480,PICKED_UP,2026-08-03T20:01:17.339837,driver,D119,order_platform
EV-001412,O00480,DELIVERED,2026-08-03T20:24:59.005306,driver,D119,order_platform
EV-001413,O00481,ORDER_CREATED,2026-08-23T17:59:00,customer,C0811,order_platform
EV-001414,O00481,PICKED_UP,2026-08-23T18:28:42.877804,driver,D036,order_platform
EV-001415,O00481,DELIVERED,2026-08-23T19:28:49.624756,driver,D036,order_platform
EV-001416,O00482,ORDER_CREATED,2026-08-13T18:47:00,customer,C0093,order_platform
EV-001417,O00482,PICKED_UP,2026-08-13T19:05:44.137111,driver,D073,order_platform
EV-001418,O00482,DELIVERED,2026-08-13T19:27:34.860111,driver,D073,order_platform
EV-001419,O00483,ORDER_CREATED,2026-08-10T14:24:00,customer,C0670,order_platform
EV-001420,O00483,PICKED_UP,2026-08-10T14:48:51.887736,driver,D079,order_platform
EV-001421,O00483,DELIVERED,2026-08-10T15:12:37.375389,driver,D079,order_platform
EV-001422,O00484,ORDER_CREATED,2026-08-21T20:48:00,customer,C0028,order_platform
EV-001423,O00484,PICKED_UP,2026-08-21T21:12:39.799380,driver,D065,order_platform
EV-001424,O00484,DELIVERED,2026-08-21T21:34:51.865762,driver,D065,order_platform
EV-001425,O00485,ORDER_CREATED,2026-08-15T19:04:00,customer,C0864,order_platform
EV-001426,O00485,PICKED_UP,2026-08-15T19:32:08.015329,driver,D005,order_platform
EV-001427,O00485,DELIVERED,2026-08-15T20:15:21.486824,driver,D005,order_platform
EV-001428,O00486,ORDER_CREATED,2026-08-06T20:15:00,customer,C0464,order_platform
EV-001429,O00486,PICKED_UP,2026-08-06T20:44:25.019780,driver,D073,order_platform
EV-001430,O00486,DELIVERED,2026-08-06T21:06:08.388424,driver,D073,order_platform
EV-001431,O00487,ORDER_CREATED,2026-08-24T17:09:00,customer,C0894,order_platform
EV-001432,O00487,PICKED_UP,2026-08-24T17:41:15.588153,driver,D024,order_platform
EV-001433,O00487,DELIVERED,2026-08-24T18:42:38.911522,driver,D024,order_platform
EV-001434,O00488,ORDER_CREATED,2026-08-13T18:30:00,customer,C0774,order_platform
EV-001435,O00488,PICKED_UP,2026-08-13T19:05:41.399010,driver,D055,order_platform
EV-001436,O00489,ORDER_CREATED,2026-08-19T12:56:00,customer,C0344,order_platform
EV-001437,O00489,PICKED_UP,2026-08-19T13:22:11.946224,driver,D083,order_platform
EV-001438,O00489,DELIVERED,2026-08-19T14:10:45.484437,driver,D083,order_platform
EV-001439,O00490,ORDER_CREATED,2026-08-08T15:02:00,customer,C0579,order_platform
EV-001440,O00490,PICKED_UP,2026-08-08T15:31:51.592269,driver,D018,order_platform
EV-001441,O00490,DELIVERED,2026-08-08T16:33:39.027665,driver,D018,order_platform
EV-001442,O00491,ORDER_CREATED,2026-08-13T17:37:00,customer,C0003,order_platform
EV-001443,O00491,PICKED_UP,2026-08-13T18:14:28.409589,driver,D010,order_platform
EV-001444,O00491,DELIVERED,2026-08-13T18:47:18.156455,driver,D010,order_platform
EV-001445,O00492,ORDER_CREATED,2026-08-26T17:09:00,customer,C0015,order_platform
EV-001446,O00492,PICKED_UP,2026-08-26T17:34:44.467541,driver,D101,order_platform
EV-001447,O00493,ORDER_CREATED,2026-08-01T12:49:00,customer,C0243,order_platform
EV-001448,O00493,PICKED_UP,2026-08-01T13:06:55.188378,driver,D032,order_platform
EV-001449,O00493,DELIVERED,2026-08-01T14:05:02.111690,driver,D032,order_platform
EV-001450,O00494,ORDER_CREATED,2026-08-06T14:47:00,customer,C0055,order_platform
EV-001451,O00494,PICKED_UP,2026-08-06T15:11:13.290322,driver,D119,order_platform
EV-001452,O00494,DELIVERED,2026-08-06T15:26:09.157721,driver,D119,order_platform
EV-001453,O00495,ORDER_CREATED,2026-08-11T11:15:00,customer,C0209,order_platform
EV-001454,O00495,PICKED_UP,2026-08-11T11:47:59.729444,driver,D062,order_platform
EV-001455,O00496,ORDER_CREATED,2026-08-04T14:50:00,customer,C0033,order_platform
EV-001456,O00496,PICKED_UP,2026-08-04T14:59:12.709125,driver,D001,order_platform
EV-001457,O00496,DELIVERED,2026-08-04T15:48:57.375761,driver,D001,order_platform
EV-001458,O00497,ORDER_CREATED,2026-08-13T19:22:00,customer,C0482,order_platform
EV-001459,O00497,PICKED_UP,2026-08-13T20:14:53.614453,driver,D075,order_platform
EV-001460,O00497,DELIVERED,2026-08-13T21:16:04.765594,driver,D075,order_platform
EV-001461,O00498,ORDER_CREATED,2026-08-16T18:42:00,customer,C0888,order_platform
EV-001462,O00498,PICKED_UP,2026-08-16T19:01:54.646696,driver,D119,order_platform
EV-001463,O00499,ORDER_CREATED,2026-08-26T20:43:00,customer,C0277,order_platform
EV-001464,O00499,PICKED_UP,2026-08-26T21:14:02.441452,driver,D104,order_platform
EV-001465,O00499,DELIVERED,2026-08-26T22:05:43.231907,driver,D104,order_platform
EV-001466,O00500,ORDER_CREATED,2026-08-07T19:55:00,customer,C0822,order_platform
EV-001467,O00500,PICKED_UP,2026-08-07T20:09:07.662397,driver,D007,order_platform
EV-001468,O00500,DELIVERED,2026-08-07T20:59:18.080821,driver,D007,order_platform
EV-001469,O00501,ORDER_CREATED,2026-08-22T19:06:00,customer,C0509,order_platform
EV-001470,O00501,PICKED_UP,2026-08-22T19:33:24.991506,driver,D087,order_platform
EV-001471,O00501,DELIVERED,2026-08-22T20:22:22.012259,driver,D087,order_platform
EV-001472,O00502,ORDER_CREATED,2026-08-21T20:05:00,customer,C0148,order_platform
EV-001473,O00502,PICKED_UP,2026-08-21T20:28:17.555642,driver,D098,order_platform
EV-001474,O00502,DELIVERED,2026-08-21T20:59:16.781520,driver,D098,order_platform
EV-001475,O00503,ORDER_CREATED,2026-08-24T19:12:00,customer,C0881,order_platform
EV-001476,O00503,PICKED_UP,2026-08-24T19:40:06.518413,driver,D088,order_platform
EV-001477,O00503,DELIVERED,2026-08-24T20:31:00.878093,driver,D088,order_platform
EV-001478,O00504,ORDER_CREATED,2026-08-20T19:06:00,customer,C0716,order_platform
EV-001479,O00504,PICKED_UP,2026-08-20T19:37:47.238817,driver,D023,order_platform
EV-001480,O00504,DELIVERED,2026-08-20T20:22:24.409143,driver,D023,order_platform
EV-001481,O00505,ORDER_CREATED,2026-08-20T16:32:00,customer,C0479,order_platform
EV-001482,O00505,PICKED_UP,2026-08-20T16:59:35.581676,driver,D081,order_platform
EV-001483,O00505,DELIVERED,2026-08-20T17:52:48.639434,driver,D081,order_platform
EV-001484,O00506,ORDER_CREATED,2026-08-08T19:03:00,customer,C0274,order_platform
EV-001485,O00506,PICKED_UP,2026-08-08T19:19:30.312766,driver,D105,order_platform
EV-001486,O00506,DELIVERED,2026-08-08T20:00:32.805129,driver,D105,order_platform
EV-001487,O00507,ORDER_CREATED,2026-08-17T20:18:00,customer,C0399,order_platform
EV-001488,O00507,PICKED_UP,2026-08-17T20:40:18.973164,driver,D059,order_platform
EV-001489,O00507,DELIVERED,2026-08-17T21:25:25.528884,driver,D059,order_platform
EV-001490,O00508,ORDER_CREATED,2026-08-10T21:13:00,customer,C0499,order_platform
EV-001491,O00508,PICKED_UP,2026-08-10T21:53:24.611482,driver,D051,order_platform
EV-001492,O00508,DELIVERED,2026-08-10T22:37:41.070276,driver,D051,order_platform
EV-001493,O00509,ORDER_CREATED,2026-08-02T12:32:00,customer,C0519,order_platform
EV-001494,O00509,PICKED_UP,2026-08-02T12:51:46.364440,driver,D052,order_platform
EV-001495,O00509,DELIVERED,2026-08-02T13:43:14.227492,driver,D052,order_platform
EV-001496,O00510,ORDER_CREATED,2026-08-26T19:05:00,customer,C0797,order_platform
EV-001497,O00510,PICKED_UP,2026-08-26T19:29:57.992323,driver,D065,order_platform
EV-001498,O00510,DELIVERED,2026-08-26T20:30:54.899123,driver,D065,order_platform
EV-001499,O00511,ORDER_CREATED,2026-08-09T19:06:00,customer,C0064,order_platform
EV-001500,O00511,PICKED_UP,2026-08-09T19:26:39.457940,driver,D015,order_platform
EV-001501,O00511,DELIVERED,2026-08-09T20:24:14.113395,driver,D015,order_platform
EV-001502,O00512,ORDER_CREATED,2026-08-27T18:51:00,customer,C0190,order_platform
EV-001503,O00512,PICKED_UP,2026-08-27T19:16:59.110922,driver,D062,order_platform
EV-001504,O00512,DELIVERED,2026-08-27T20:03:15.140941,driver,D062,order_platform
EV-001505,O00513,ORDER_CREATED,2026-08-06T11:28:00,customer,C0109,order_platform
EV-001506,O00513,PICKED_UP,2026-08-06T12:13:16.032656,driver,D078,order_platform
EV-001507,O00513,DELIVERED,2026-08-06T13:10:37.271716,driver,D078,order_platform
EV-001508,O00514,ORDER_CREATED,2026-08-10T11:33:00,customer,C0419,order_platform
EV-001509,O00514,PICKED_UP,2026-08-10T11:56:41.364381,driver,D014,order_platform
EV-001510,O00514,DELIVERED,2026-08-10T12:52:29.021367,driver,D014,order_platform
EV-001511,O00515,ORDER_CREATED,2026-08-02T13:19:00,customer,C0672,order_platform
EV-001512,O00515,PICKED_UP,2026-08-02T13:49:46.710718,driver,D033,order_platform
EV-001513,O00515,DELIVERED,2026-08-02T14:28:28.839181,driver,D033,order_platform
EV-001514,O00516,ORDER_CREATED,2026-08-14T22:09:00,customer,C0001,order_platform
EV-001515,O00516,PICKED_UP,2026-08-14T22:24:35.856083,driver,D119,order_platform
EV-001516,O00516,DELIVERED,2026-08-14T22:52:14.077541,driver,D119,order_platform
EV-001517,O00517,ORDER_CREATED,2026-08-20T15:17:00,customer,C0328,order_platform
EV-001518,O00517,PICKED_UP,2026-08-20T15:46:52.677476,driver,D076,order_platform
EV-001519,O00517,DELIVERED,2026-08-20T16:34:46.946537,driver,D076,order_platform
EV-001520,O00518,ORDER_CREATED,2026-08-13T22:50:00,customer,C0493,order_platform
EV-001521,O00518,PICKED_UP,2026-08-13T23:08:58.139851,driver,D102,order_platform
EV-001522,O00518,DELIVERED,2026-08-14T00:13:54.923342,driver,D102,order_platform
EV-001523,O00519,ORDER_CREATED,2026-08-25T17:22:00,customer,C0864,order_platform
EV-001524,O00519,PICKED_UP,2026-08-25T17:51:51.099458,driver,D083,order_platform
EV-001525,O00519,DELIVERED,2026-08-25T18:26:03.977828,driver,D083,order_platform
EV-001526,O00520,ORDER_CREATED,2026-08-09T11:46:00,customer,C0489,order_platform
EV-001527,O00520,PICKED_UP,2026-08-09T12:14:11.608672,driver,D089,order_platform
EV-001528,O00520,DELIVERED,2026-08-09T13:08:00.653735,driver,D089,order_platform
EV-001529,O00521,ORDER_CREATED,2026-08-27T14:40:00,customer,C0854,order_platform
EV-001530,O00521,PICKED_UP,2026-08-27T14:58:13.980566,driver,D038,order_platform
EV-001531,O00521,DELIVERED,2026-08-27T15:54:11.349727,driver,D038,order_platform
EV-001532,O00522,ORDER_CREATED,2026-08-16T20:00:00,customer,C0748,order_platform
EV-001533,O00522,PICKED_UP,2026-08-16T20:22:48.526265,driver,D015,order_platform
EV-001534,O00522,DELIVERED,2026-08-16T21:29:40.702440,driver,D015,order_platform
EV-001535,O00523,ORDER_CREATED,2026-08-23T18:22:00,customer,C0865,order_platform
EV-001536,O00523,PICKED_UP,2026-08-23T18:55:41.930569,driver,D039,order_platform
EV-001537,O00523,DELIVERED,2026-08-23T19:47:53.336916,driver,D039,order_platform
EV-001538,O00524,ORDER_CREATED,2026-08-12T22:27:00,customer,C0611,order_platform
EV-001539,O00524,PICKED_UP,2026-08-12T22:51:29.102072,driver,D015,order_platform
EV-001540,O00524,DELIVERED,2026-08-12T23:27:58.269309,driver,D015,order_platform
EV-001541,O00525,ORDER_CREATED,2026-08-10T22:41:00,customer,C0280,order_platform
EV-001542,O00525,PICKED_UP,2026-08-10T23:07:35.282202,driver,D107,order_platform
EV-001543,O00525,DELIVERED,2026-08-10T23:52:57.894133,driver,D107,order_platform
EV-001544,O00526,ORDER_CREATED,2026-08-16T14:33:00,customer,C0833,order_platform
EV-001545,O00526,PICKED_UP,2026-08-16T15:17:53.581660,driver,D100,order_platform
EV-001546,O00526,DELIVERED,2026-08-16T16:11:11.602959,driver,D100,order_platform
EV-001547,O00527,ORDER_CREATED,2026-08-22T21:10:00,customer,C0480,order_platform
EV-001548,O00527,PICKED_UP,2026-08-22T21:55:49.639157,driver,D050,order_platform
EV-001549,O00527,DELIVERED,2026-08-22T22:21:18.666861,driver,D050,order_platform
EV-001550,O00528,ORDER_CREATED,2026-08-16T23:17:00,customer,C0367,order_platform
EV-001551,O00528,PICKED_UP,2026-08-16T23:31:38.263244,driver,D020,order_platform
EV-001552,O00528,DELIVERED,2026-08-17T00:15:52.556292,driver,D020,order_platform
EV-001553,O00529,ORDER_CREATED,2026-08-01T20:15:00,customer,C0828,order_platform
EV-001554,O00529,PICKED_UP,2026-08-01T20:26:07.771825,driver,D089,order_platform
EV-001555,O00530,ORDER_CREATED,2026-08-16T12:27:00,customer,C0634,order_platform
EV-001556,O00530,PICKED_UP,2026-08-16T12:45:47.645194,driver,D010,order_platform
EV-001557,O00530,DELIVERED,2026-08-16T13:01:57.626904,driver,D010,order_platform
EV-001558,O00531,ORDER_CREATED,2026-08-06T13:54:00,customer,C0586,order_platform
EV-001559,O00531,PICKED_UP,2026-08-06T14:25:27.840160,driver,D081,order_platform
EV-001560,O00532,ORDER_CREATED,2026-08-14T11:12:00,customer,C0381,order_platform
EV-001561,O00532,PICKED_UP,2026-08-14T11:34:31.657150,driver,D007,order_platform
EV-001562,O00532,DELIVERED,2026-08-14T11:56:02.760445,driver,D007,order_platform
EV-001563,O00533,ORDER_CREATED,2026-08-14T15:57:00,customer,C0095,order_platform
EV-001564,O00533,PICKED_UP,2026-08-14T16:37:12.401763,driver,D072,order_platform
EV-001565,O00533,DELIVERED,2026-08-14T17:11:33.220021,driver,D072,order_platform
EV-001566,O00534,ORDER_CREATED,2026-08-28T13:23:00,customer,C0320,order_platform
EV-001567,O00534,PICKED_UP,2026-08-28T13:49:37.407434,driver,D111,order_platform
EV-001568,O00534,DELIVERED,2026-08-28T14:44:49.614480,driver,D111,order_platform
EV-001569,O00535,ORDER_CREATED,2026-08-04T11:58:00,customer,C0299,order_platform
EV-001570,O00535,PICKED_UP,2026-08-04T12:29:53.051296,driver,D010,order_platform
EV-001571,O00535,DELIVERED,2026-08-04T13:17:42.377460,driver,D010,order_platform
EV-001572,O00536,ORDER_CREATED,2026-08-14T18:16:00,customer,C0056,order_platform
EV-001573,O00536,PICKED_UP,2026-08-14T18:36:34.766424,driver,D030,order_platform
EV-001574,O00536,DELIVERED,2026-08-14T19:16:01.586065,driver,D030,order_platform
EV-001575,O00537,ORDER_CREATED,2026-08-17T20:10:00,customer,C0649,order_platform
EV-001576,O00537,PICKED_UP,2026-08-17T20:33:09.136903,driver,D048,order_platform
EV-001577,O00537,DELIVERED,2026-08-17T21:23:10.761992,driver,D048,order_platform
EV-001578,O00538,ORDER_CREATED,2026-08-13T18:24:00,customer,C0053,order_platform
EV-001579,O00538,PICKED_UP,2026-08-13T18:45:31.965439,driver,D041,order_platform
EV-001580,O00538,DELIVERED,2026-08-13T19:12:51.930961,driver,D041,order_platform
EV-001581,O00539,ORDER_CREATED,2026-08-06T14:34:00,customer,C0221,order_platform
EV-001582,O00539,PICKED_UP,2026-08-06T15:21:38.611073,driver,D083,order_platform
EV-001583,O00539,DELIVERED,2026-08-06T16:05:43.810322,driver,D083,order_platform
EV-001584,O00540,ORDER_CREATED,2026-08-20T23:20:00,customer,C0131,order_platform
EV-001585,O00540,PICKED_UP,2026-08-20T23:48:59.461859,driver,D037,order_platform
EV-001586,O00540,DELIVERED,2026-08-21T00:27:34.705324,driver,D037,order_platform
EV-001587,O00541,ORDER_CREATED,2026-08-09T13:01:00,customer,C0447,order_platform
EV-001588,O00541,PICKED_UP,2026-08-09T13:21:17.843451,driver,D094,order_platform
EV-001589,O00541,DELIVERED,2026-08-09T13:58:21.685308,driver,D094,order_platform
EV-001590,O00542,ORDER_CREATED,2026-08-19T19:54:00,customer,C0220,order_platform
EV-001591,O00542,PICKED_UP,2026-08-19T20:08:27.829813,driver,D004,order_platform
EV-001592,O00542,DELIVERED,2026-08-19T20:33:18.355194,driver,D004,order_platform
EV-001593,O00543,ORDER_CREATED,2026-08-21T16:19:00,customer,C0305,order_platform
EV-001594,O00543,PICKED_UP,2026-08-21T16:45:49.876920,driver,D048,order_platform
EV-001595,O00543,DELIVERED,2026-08-21T17:30:03.893237,driver,D048,order_platform
EV-001596,O00544,ORDER_CREATED,2026-08-13T17:07:00,customer,C0895,order_platform
EV-001597,O00544,PICKED_UP,2026-08-13T17:52:30.152236,driver,D029,order_platform
EV-001598,O00544,DELIVERED,2026-08-13T18:51:42.909258,driver,D029,order_platform
EV-001599,O00545,ORDER_CREATED,2026-08-24T20:54:00,customer,C0030,order_platform
EV-001600,O00545,PICKED_UP,2026-08-24T21:12:08.261553,driver,D014,order_platform
EV-001601,O00545,DELIVERED,2026-08-24T22:09:00.757942,driver,D014,order_platform
EV-001602,O00546,ORDER_CREATED,2026-08-10T12:56:00,customer,C0804,order_platform
EV-001603,O00546,PICKED_UP,2026-08-10T13:34:45.308038,driver,D027,order_platform
EV-001604,O00546,DELIVERED,2026-08-10T14:29:18.720959,driver,D027,order_platform
EV-001605,O00547,ORDER_CREATED,2026-08-08T12:18:00,customer,C0186,order_platform
EV-001606,O00547,PICKED_UP,2026-08-08T12:57:18.723239,driver,D027,order_platform
EV-001607,O00547,DELIVERED,2026-08-08T13:27:12.771378,driver,D027,order_platform
EV-001608,O00548,ORDER_CREATED,2026-08-04T15:31:00,customer,C0886,order_platform
EV-001609,O00548,PICKED_UP,2026-08-04T15:57:01.438598,driver,D113,order_platform
EV-001610,O00549,ORDER_CREATED,2026-08-26T23:52:00,customer,C0245,order_platform
EV-001611,O00549,PICKED_UP,2026-08-27T00:07:05.718153,driver,D073,order_platform
EV-001612,O00549,DELIVERED,2026-08-27T00:49:14.246949,driver,D073,order_platform
EV-001613,O00550,ORDER_CREATED,2026-08-26T22:58:00,customer,C0638,order_platform
EV-001614,O00550,PICKED_UP,2026-08-26T23:22:58.205426,driver,D013,order_platform
EV-001615,O00550,DELIVERED,2026-08-26T23:58:31.592815,driver,D013,order_platform
EV-001616,O00551,ORDER_CREATED,2026-08-28T11:35:00,customer,C0262,order_platform
EV-001617,O00551,PICKED_UP,2026-08-28T12:15:35.806491,driver,D046,order_platform
EV-001618,O00551,DELIVERED,2026-08-28T12:38:02.209787,driver,D046,order_platform
EV-001619,O00552,ORDER_CREATED,2026-08-23T13:46:00,customer,C0509,order_platform
EV-001620,O00552,PICKED_UP,2026-08-23T14:01:11.507940,driver,D112,order_platform
EV-001621,O00552,DELIVERED,2026-08-23T15:00:05.809129,driver,D112,order_platform
EV-001622,O00553,ORDER_CREATED,2026-08-14T13:11:00,customer,C0398,order_platform
EV-001623,O00553,PICKED_UP,2026-08-14T13:32:54.652815,driver,D111,order_platform
EV-001624,O00553,DELIVERED,2026-08-14T14:26:41.202511,driver,D111,order_platform
EV-001625,O00554,ORDER_CREATED,2026-08-06T18:00:00,customer,C0172,order_platform
EV-001626,O00554,PICKED_UP,2026-08-06T18:28:45.229545,driver,D106,order_platform
EV-001627,O00554,DELIVERED,2026-08-06T19:03:02.191603,driver,D106,order_platform
EV-001628,O00555,ORDER_CREATED,2026-08-24T14:39:00,customer,C0455,order_platform
EV-001629,O00555,PICKED_UP,2026-08-24T15:12:04.550171,driver,D061,order_platform
EV-001630,O00555,DELIVERED,2026-08-24T15:51:09.292316,driver,D061,order_platform
EV-001631,O00556,ORDER_CREATED,2026-08-04T12:23:00,customer,C0325,order_platform
EV-001632,O00556,PICKED_UP,2026-08-04T13:00:26.283813,driver,D016,order_platform
EV-001633,O00556,DELIVERED,2026-08-04T13:57:53.064292,driver,D016,order_platform
EV-001634,O00557,ORDER_CREATED,2026-08-19T18:36:00,customer,C0751,order_platform
EV-001635,O00557,PICKED_UP,2026-08-19T19:19:10.589133,driver,D078,order_platform
EV-001636,O00557,DELIVERED,2026-08-19T19:58:04.366853,driver,D078,order_platform
EV-001637,O00558,ORDER_CREATED,2026-08-24T18:32:00,customer,C0391,order_platform
EV-001638,O00558,PICKED_UP,2026-08-24T18:55:29.919368,driver,D034,order_platform
EV-001639,O00558,DELIVERED,2026-08-24T19:50:28.349175,driver,D034,order_platform
EV-001640,O00559,ORDER_CREATED,2026-08-23T14:13:00,customer,C0058,order_platform
EV-001641,O00559,PICKED_UP,2026-08-23T14:53:18.973648,driver,D011,order_platform
EV-001642,O00559,DELIVERED,2026-08-23T15:44:54.960918,driver,D011,order_platform
EV-001643,O00560,ORDER_CREATED,2026-08-14T11:45:00,customer,C0826,order_platform
EV-001644,O00560,PICKED_UP,2026-08-14T12:00:44.946851,driver,D088,order_platform
EV-001645,O00560,DELIVERED,2026-08-14T12:58:54.609834,driver,D088,order_platform
EV-001646,O00561,ORDER_CREATED,2026-08-18T21:51:00,customer,C0425,order_platform
EV-001647,O00561,PICKED_UP,2026-08-18T22:28:50.563270,driver,D118,order_platform
EV-001648,O00561,DELIVERED,2026-08-18T23:21:02.274774,driver,D118,order_platform
EV-001649,O00562,ORDER_CREATED,2026-08-05T22:36:00,customer,C0897,order_platform
EV-001650,O00562,PICKED_UP,2026-08-05T23:05:51.717309,driver,D119,order_platform
EV-001651,O00562,DELIVERED,2026-08-05T23:50:42.831947,driver,D119,order_platform
EV-001652,O00563,ORDER_CREATED,2026-08-21T12:50:00,customer,C0231,order_platform
EV-001653,O00563,PICKED_UP,2026-08-21T13:32:03.411847,driver,D071,order_platform
EV-001654,O00563,DELIVERED,2026-08-21T14:23:46.045714,driver,D071,order_platform
EV-001655,O00564,ORDER_CREATED,2026-08-18T21:29:00,customer,C0394,order_platform
EV-001656,O00564,PICKED_UP,2026-08-18T22:13:49.911829,driver,D006,order_platform
EV-001657,O00564,DELIVERED,2026-08-18T22:54:54.726945,driver,D006,order_platform
EV-001658,O00565,ORDER_CREATED,2026-08-07T16:02:00,customer,C0143,order_platform
EV-001659,O00565,PICKED_UP,2026-08-07T16:45:28.733138,driver,D073,order_platform
EV-001660,O00565,DELIVERED,2026-08-07T17:53:38.229136,driver,D073,order_platform
EV-001661,O00566,ORDER_CREATED,2026-08-10T21:28:00,customer,C0857,order_platform
EV-001662,O00566,PICKED_UP,2026-08-10T21:43:51.681136,driver,D038,order_platform
EV-001663,O00566,DELIVERED,2026-08-10T22:36:48.335511,driver,D038,order_platform
EV-001664,O00567,ORDER_CREATED,2026-08-23T20:44:00,customer,C0426,order_platform
EV-001665,O00567,PICKED_UP,2026-08-23T21:05:27.434456,driver,D119,order_platform
EV-001666,O00567,DELIVERED,2026-08-23T21:53:35.758674,driver,D119,order_platform
EV-001667,O00568,ORDER_CREATED,2026-08-11T12:43:00,customer,C0008,order_platform
EV-001668,O00568,PICKED_UP,2026-08-11T13:20:23.122966,driver,D025,order_platform
EV-001669,O00568,DELIVERED,2026-08-11T14:11:01.696364,driver,D025,order_platform
EV-001670,O00569,ORDER_CREATED,2026-08-13T14:13:00,customer,C0655,order_platform
EV-001671,O00569,PICKED_UP,2026-08-13T14:53:14.823896,driver,D082,order_platform
EV-001672,O00570,ORDER_CREATED,2026-08-23T18:29:00,customer,C0579,order_platform
EV-001673,O00570,PICKED_UP,2026-08-23T18:57:55.178669,driver,D059,order_platform
EV-001674,O00570,DELIVERED,2026-08-23T19:40:30.359754,driver,D059,order_platform
EV-001675,O00571,ORDER_CREATED,2026-08-10T21:44:00,customer,C0189,order_platform
EV-001676,O00571,PICKED_UP,2026-08-10T22:06:50.893028,driver,D068,order_platform
EV-001677,O00571,DELIVERED,2026-08-10T22:56:51.582778,driver,D068,order_platform
EV-001678,O00572,ORDER_CREATED,2026-08-16T20:39:00,customer,C0633,order_platform
EV-001679,O00572,PICKED_UP,2026-08-16T21:00:46.237967,driver,D070,order_platform
EV-001680,O00573,ORDER_CREATED,2026-08-07T14:29:00,customer,C0274,order_platform
EV-001681,O00573,PICKED_UP,2026-08-07T14:47:40.652836,driver,D081,order_platform
EV-001682,O00573,DELIVERED,2026-08-07T15:37:03.177501,driver,D081,order_platform
EV-001683,O00574,ORDER_CREATED,2026-08-10T21:50:00,customer,C0551,order_platform
EV-001684,O00574,PICKED_UP,2026-08-10T22:43:50.139209,driver,D033,order_platform
EV-001685,O00574,DELIVERED,2026-08-10T23:39:42.075043,driver,D033,order_platform
EV-001686,O00575,ORDER_CREATED,2026-08-26T22:27:00,customer,C0327,order_platform
EV-001687,O00575,PICKED_UP,2026-08-26T22:49:18.059041,driver,D062,order_platform
EV-001688,O00575,DELIVERED,2026-08-26T23:14:35.812322,driver,D062,order_platform
EV-001689,O00576,ORDER_CREATED,2026-08-27T20:58:00,customer,C0064,order_platform
EV-001690,O00576,PICKED_UP,2026-08-27T21:06:40.753343,driver,D063,order_platform
EV-001691,O00576,DELIVERED,2026-08-27T21:51:27.110822,driver,D063,order_platform
EV-001692,O00577,ORDER_CREATED,2026-08-24T13:29:00,customer,C0898,order_platform
EV-001693,O00577,PICKED_UP,2026-08-24T14:00:11.775971,driver,D017,order_platform
EV-001694,O00577,DELIVERED,2026-08-24T14:56:02.387591,driver,D017,order_platform
EV-001695,O00578,ORDER_CREATED,2026-08-21T11:37:00,customer,C0789,order_platform
EV-001696,O00578,PICKED_UP,2026-08-21T12:07:04.509196,driver,D065,order_platform
EV-001697,O00578,DELIVERED,2026-08-21T13:05:34.778572,driver,D065,order_platform
EV-001698,O00579,ORDER_CREATED,2026-08-14T12:40:00,customer,C0541,order_platform
EV-001699,O00579,PICKED_UP,2026-08-14T13:12:08.500404,driver,D087,order_platform
EV-001700,O00579,DELIVERED,2026-08-14T13:43:03.828669,driver,D087,order_platform
EV-001701,O00580,ORDER_CREATED,2026-08-12T18:39:00,customer,C0780,order_platform
EV-001702,O00580,PICKED_UP,2026-08-12T19:09:58.918143,driver,D090,order_platform
EV-001703,O00580,DELIVERED,2026-08-12T19:58:13.239126,driver,D090,order_platform
EV-001704,O00581,ORDER_CREATED,2026-08-24T19:08:00,customer,C0537,order_platform
EV-001705,O00581,PICKED_UP,2026-08-24T19:37:35.329796,driver,D001,order_platform
EV-001706,O00581,DELIVERED,2026-08-24T19:51:39.594852,driver,D001,order_platform
EV-001707,O00582,ORDER_CREATED,2026-08-13T12:50:00,customer,C0547,order_platform
EV-001708,O00582,PICKED_UP,2026-08-13T13:12:56.484126,driver,D027,order_platform
EV-001709,O00582,DELIVERED,2026-08-13T14:05:53.849772,driver,D027,order_platform
EV-001710,O00583,ORDER_CREATED,2026-08-19T17:57:00,customer,C0244,order_platform
EV-001711,O00583,PICKED_UP,2026-08-19T18:30:59.304380,driver,D058,order_platform
EV-001712,O00583,DELIVERED,2026-08-19T19:25:31.004172,driver,D058,order_platform
EV-001713,O00584,ORDER_CREATED,2026-08-26T13:15:00,customer,C0107,order_platform
EV-001714,O00584,PICKED_UP,2026-08-26T13:30:32.154029,driver,D107,order_platform
EV-001715,O00584,DELIVERED,2026-08-26T14:12:35.173953,driver,D107,order_platform
EV-001716,O00585,ORDER_CREATED,2026-08-17T14:35:00,customer,C0096,order_platform
EV-001717,O00585,PICKED_UP,2026-08-17T14:52:52.598199,driver,D076,order_platform
EV-001718,O00585,DELIVERED,2026-08-17T15:43:32.651260,driver,D076,order_platform
EV-001719,O00586,ORDER_CREATED,2026-08-09T17:07:00,customer,C0894,order_platform
EV-001720,O00586,PICKED_UP,2026-08-09T17:25:28.275819,driver,D071,order_platform
EV-001721,O00587,ORDER_CREATED,2026-08-15T16:53:00,customer,C0036,order_platform
EV-001722,O00587,PICKED_UP,2026-08-15T17:28:22.841664,driver,D069,order_platform
EV-001723,O00588,ORDER_CREATED,2026-08-16T19:25:00,customer,C0740,order_platform
EV-001724,O00588,PICKED_UP,2026-08-16T19:47:23.902976,driver,D102,order_platform
EV-001725,O00588,DELIVERED,2026-08-16T20:26:42.890591,driver,D102,order_platform
EV-001726,O00589,ORDER_CREATED,2026-08-11T21:46:00,customer,C0131,order_platform
EV-001727,O00589,PICKED_UP,2026-08-11T22:13:15.837370,driver,D040,order_platform
EV-001728,O00589,DELIVERED,2026-08-11T22:51:28.197529,driver,D040,order_platform
EV-001729,O00590,ORDER_CREATED,2026-08-03T15:44:00,customer,C0539,order_platform
EV-001730,O00590,PICKED_UP,2026-08-03T16:14:52.442083,driver,D027,order_platform
EV-001731,O00590,DELIVERED,2026-08-03T17:14:50.572525,driver,D027,order_platform
EV-001732,O00591,ORDER_CREATED,2026-08-16T23:20:00,customer,C0799,order_platform
EV-001733,O00591,PICKED_UP,2026-08-17T00:01:40.686745,driver,D016,order_platform
EV-001734,O00591,DELIVERED,2026-08-17T00:56:26.421266,driver,D016,order_platform
EV-001735,O00592,ORDER_CREATED,2026-08-01T19:29:00,customer,C0378,order_platform
EV-001736,O00592,PICKED_UP,2026-08-01T20:06:57.820186,driver,D084,order_platform
EV-001737,O00592,DELIVERED,2026-08-01T21:00:57.728203,driver,D084,order_platform
EV-001738,O00593,ORDER_CREATED,2026-08-12T17:28:00,customer,C0854,order_platform
EV-001739,O00593,PICKED_UP,2026-08-12T17:58:43.163694,driver,D079,order_platform
EV-001740,O00593,DELIVERED,2026-08-12T18:52:18.250394,driver,D079,order_platform
EV-001741,O00594,ORDER_CREATED,2026-08-15T13:01:00,customer,C0833,order_platform
EV-001742,O00594,PICKED_UP,2026-08-15T13:31:04.239079,driver,D092,order_platform
EV-001743,O00594,DELIVERED,2026-08-15T14:17:47.752027,driver,D092,order_platform
EV-001744,O00595,ORDER_CREATED,2026-08-24T22:12:00,customer,C0813,order_platform
EV-001745,O00595,PICKED_UP,2026-08-24T22:29:45.638022,driver,D117,order_platform
EV-001746,O00595,DELIVERED,2026-08-24T22:52:02.200041,driver,D117,order_platform
EV-001747,O00596,ORDER_CREATED,2026-08-08T12:06:00,customer,C0241,order_platform
EV-001748,O00596,PICKED_UP,2026-08-08T12:31:11.137044,driver,D046,order_platform
EV-001749,O00596,DELIVERED,2026-08-08T13:30:38.018411,driver,D046,order_platform
EV-001750,O00597,ORDER_CREATED,2026-08-20T16:00:00,customer,C0060,order_platform
EV-001751,O00597,PICKED_UP,2026-08-20T16:22:17.123891,driver,D100,order_platform
EV-001752,O00597,DELIVERED,2026-08-20T16:49:10.321084,driver,D100,order_platform
EV-001753,O00598,ORDER_CREATED,2026-08-01T19:27:00,customer,C0700,order_platform
EV-001754,O00598,PICKED_UP,2026-08-01T20:05:44.371823,driver,D076,order_platform
EV-001755,O00598,DELIVERED,2026-08-01T20:53:03.060462,driver,D076,order_platform
EV-001756,O00599,ORDER_CREATED,2026-08-22T23:53:00,customer,C0293,order_platform
EV-001757,O00599,PICKED_UP,2026-08-23T00:20:58.581095,driver,D097,order_platform
EV-001758,O00599,DELIVERED,2026-08-23T00:54:50.763107,driver,D097,order_platform
EV-001759,O00600,ORDER_CREATED,2026-08-10T19:57:00,customer,C0458,order_platform
EV-001760,O00600,PICKED_UP,2026-08-10T20:23:20.912298,driver,D042,order_platform
EV-001761,O00600,DELIVERED,2026-08-10T21:11:55.323320,driver,D042,order_platform
EV-001762,O00601,ORDER_CREATED,2026-08-24T19:27:00,customer,C0079,order_platform
EV-001763,O00601,PICKED_UP,2026-08-24T19:48:01.197751,driver,D106,order_platform
EV-001764,O00601,DELIVERED,2026-08-24T20:35:50.570682,driver,D106,order_platform
EV-001765,O00602,ORDER_CREATED,2026-08-13T19:17:00,customer,C0556,order_platform
EV-001766,O00602,PICKED_UP,2026-08-13T19:39:30.938345,driver,D063,order_platform
EV-001767,O00602,DELIVERED,2026-08-13T20:05:13.933308,driver,D063,order_platform
EV-001768,O00603,ORDER_CREATED,2026-08-15T19:33:00,customer,C0367,order_platform
EV-001769,O00603,PICKED_UP,2026-08-15T20:00:44.328039,driver,D027,order_platform
EV-001770,O00603,DELIVERED,2026-08-15T21:05:30.932046,driver,D027,order_platform
EV-001771,O00604,ORDER_CREATED,2026-08-05T17:18:00,customer,C0250,order_platform
EV-001772,O00604,PICKED_UP,2026-08-05T17:49:04.110704,driver,D046,order_platform
EV-001773,O00604,DELIVERED,2026-08-05T18:36:12.749189,driver,D046,order_platform
EV-001774,O00605,ORDER_CREATED,2026-08-12T15:43:00,customer,C0478,order_platform
EV-001775,O00605,PICKED_UP,2026-08-12T16:27:11.137214,driver,D098,order_platform
EV-001776,O00605,DELIVERED,2026-08-12T16:55:22.569694,driver,D098,order_platform
EV-001777,O00606,ORDER_CREATED,2026-08-18T14:19:00,customer,C0754,order_platform
EV-001778,O00606,PICKED_UP,2026-08-18T14:32:19.635774,driver,D101,order_platform
EV-001779,O00606,DELIVERED,2026-08-18T15:06:55.815908,driver,D101,order_platform
EV-001780,O00607,ORDER_CREATED,2026-08-15T17:26:00,customer,C0569,order_platform
EV-001781,O00607,PICKED_UP,2026-08-15T18:20:45.520284,driver,D060,order_platform
EV-001782,O00607,DELIVERED,2026-08-15T19:11:44.274885,driver,D060,order_platform
EV-001783,O00608,ORDER_CREATED,2026-08-15T20:55:00,customer,C0752,order_platform
EV-001784,O00608,PICKED_UP,2026-08-15T21:16:49.772473,driver,D054,order_platform
EV-001785,O00608,DELIVERED,2026-08-15T22:09:16.438376,driver,D054,order_platform
EV-001786,O00609,ORDER_CREATED,2026-08-17T20:03:00,customer,C0292,order_platform
EV-001787,O00609,PICKED_UP,2026-08-17T20:22:18.717350,driver,D016,order_platform
EV-001788,O00609,DELIVERED,2026-08-17T21:16:46.379657,driver,D016,order_platform
EV-001789,O00610,ORDER_CREATED,2026-08-07T12:00:00,customer,C0223,order_platform
EV-001790,O00610,PICKED_UP,2026-08-07T12:28:35.515707,driver,D109,order_platform
EV-001791,O00611,ORDER_CREATED,2026-08-06T20:53:00,customer,C0655,order_platform
EV-001792,O00611,PICKED_UP,2026-08-06T21:13:48.517351,driver,D092,order_platform
EV-001793,O00611,DELIVERED,2026-08-06T22:14:48.127885,driver,D092,order_platform
EV-001794,O00612,ORDER_CREATED,2026-08-16T18:18:00,customer,C0519,order_platform
EV-001795,O00612,PICKED_UP,2026-08-16T18:37:26.129406,driver,D017,order_platform
EV-001796,O00612,DELIVERED,2026-08-16T19:27:32.641399,driver,D017,order_platform
EV-001797,O00613,ORDER_CREATED,2026-08-01T19:02:00,customer,C0641,order_platform
EV-001798,O00613,PICKED_UP,2026-08-01T19:52:12.737815,driver,D065,order_platform
EV-001799,O00613,DELIVERED,2026-08-01T20:36:22.506994,driver,D065,order_platform
EV-001800,O00614,ORDER_CREATED,2026-08-12T22:33:00,customer,C0252,order_platform
EV-001801,O00614,PICKED_UP,2026-08-12T22:44:55.920763,driver,D027,order_platform
EV-001802,O00614,DELIVERED,2026-08-12T23:35:59.692498,driver,D027,order_platform
EV-001803,O00615,ORDER_CREATED,2026-08-16T19:11:00,customer,C0486,order_platform
EV-001804,O00615,PICKED_UP,2026-08-16T19:35:30.038637,driver,D101,order_platform
EV-001805,O00615,DELIVERED,2026-08-16T20:10:51.398826,driver,D101,order_platform
EV-001806,O00616,ORDER_CREATED,2026-08-16T22:30:00,customer,C0501,order_platform
EV-001807,O00616,PICKED_UP,2026-08-16T22:46:59.821465,driver,D004,order_platform
EV-001808,O00616,DELIVERED,2026-08-16T23:26:12.055837,driver,D004,order_platform
EV-001809,O00617,ORDER_CREATED,2026-08-15T20:38:00,customer,C0638,order_platform
EV-001810,O00617,PICKED_UP,2026-08-15T20:57:55.266650,driver,D101,order_platform
EV-001811,O00617,DELIVERED,2026-08-15T21:50:07.455398,driver,D101,order_platform
EV-001812,O00618,ORDER_CREATED,2026-08-26T20:05:00,customer,C0175,order_platform
EV-001813,O00618,PICKED_UP,2026-08-26T20:25:48.690392,driver,D074,order_platform
EV-001814,O00618,DELIVERED,2026-08-26T20:34:36.462914,driver,D074,order_platform
EV-001815,O00619,ORDER_CREATED,2026-08-24T19:31:00,customer,C0384,order_platform
EV-001816,O00619,PICKED_UP,2026-08-24T20:01:36.138955,driver,D028,order_platform
EV-001817,O00619,DELIVERED,2026-08-24T20:50:16.566725,driver,D028,order_platform
EV-001818,O00620,ORDER_CREATED,2026-08-16T14:38:00,customer,C0770,order_platform
EV-001819,O00620,PICKED_UP,2026-08-16T15:05:59.946835,driver,D070,order_platform
EV-001820,O00620,DELIVERED,2026-08-16T15:53:11.448940,driver,D070,order_platform
EV-001821,O00621,ORDER_CREATED,2026-08-17T22:32:00,customer,C0242,order_platform
EV-001822,O00621,PICKED_UP,2026-08-17T23:00:28.581700,driver,D097,order_platform
EV-001823,O00621,DELIVERED,2026-08-17T23:49:21.763184,driver,D097,order_platform
EV-001824,O00622,ORDER_CREATED,2026-08-24T16:48:00,customer,C0024,order_platform
EV-001825,O00622,PICKED_UP,2026-08-24T17:25:12.927821,driver,D083,order_platform
EV-001826,O00622,DELIVERED,2026-08-24T18:30:23.066946,driver,D083,order_platform
EV-001827,O00623,ORDER_CREATED,2026-08-20T22:56:00,customer,C0004,order_platform
EV-001828,O00623,PICKED_UP,2026-08-20T23:33:47.444167,driver,D088,order_platform
EV-001829,O00623,DELIVERED,2026-08-21T00:29:51.744274,driver,D088,order_platform
EV-001830,O00624,ORDER_CREATED,2026-08-26T13:38:00,customer,C0464,order_platform
EV-001831,O00624,PICKED_UP,2026-08-26T13:53:18.995546,driver,D003,order_platform
EV-001832,O00624,DELIVERED,2026-08-26T14:33:23.868172,driver,D003,order_platform
EV-001833,O00625,ORDER_CREATED,2026-08-12T17:21:00,customer,C0183,order_platform
EV-001834,O00625,PICKED_UP,2026-08-12T17:38:16.673297,driver,D114,order_platform
EV-001835,O00625,DELIVERED,2026-08-12T18:08:24.260633,driver,D114,order_platform
EV-001836,O00626,ORDER_CREATED,2026-08-02T12:08:00,customer,C0762,order_platform
EV-001837,O00626,PICKED_UP,2026-08-02T12:35:04.554678,driver,D064,order_platform
EV-001838,O00626,DELIVERED,2026-08-02T13:25:44.550368,driver,D064,order_platform
EV-001839,O00627,ORDER_CREATED,2026-08-18T14:45:00,customer,C0194,order_platform
EV-001840,O00627,PICKED_UP,2026-08-18T15:17:54.062957,driver,D041,order_platform
EV-001841,O00627,DELIVERED,2026-08-18T16:12:03.440002,driver,D041,order_platform
EV-001842,O00628,ORDER_CREATED,2026-08-17T12:22:00,customer,C0551,order_platform
EV-001843,O00628,PICKED_UP,2026-08-17T12:48:15.760533,driver,D071,order_platform
EV-001844,O00628,DELIVERED,2026-08-17T13:39:13.750030,driver,D071,order_platform
EV-001845,O00629,ORDER_CREATED,2026-08-02T23:44:00,customer,C0336,order_platform
EV-001846,O00629,PICKED_UP,2026-08-03T00:20:00.984679,driver,D031,order_platform
EV-001847,O00629,DELIVERED,2026-08-03T01:10:57.355045,driver,D031,order_platform
EV-001848,O00630,ORDER_CREATED,2026-08-06T19:34:00,customer,C0348,order_platform
EV-001849,O00630,PICKED_UP,2026-08-06T20:07:47.152895,driver,D071,order_platform
EV-001850,O00631,ORDER_CREATED,2026-08-27T22:51:00,customer,C0549,order_platform
EV-001851,O00631,PICKED_UP,2026-08-27T23:22:15.176903,driver,D031,order_platform
EV-001852,O00631,DELIVERED,2026-08-28T00:14:56.052163,driver,D031,order_platform
EV-001853,O00632,ORDER_CREATED,2026-08-14T18:36:00,customer,C0869,order_platform
EV-001854,O00632,PICKED_UP,2026-08-14T18:58:39.719478,driver,D080,order_platform
EV-001855,O00632,DELIVERED,2026-08-14T19:58:38.397358,driver,D080,order_platform
EV-001856,O00633,ORDER_CREATED,2026-08-13T11:17:00,customer,C0257,order_platform
EV-001857,O00633,PICKED_UP,2026-08-13T11:39:35.636729,driver,D116,order_platform
EV-001858,O00633,DELIVERED,2026-08-13T12:31:40.225124,driver,D116,order_platform
EV-001859,O00634,ORDER_CREATED,2026-08-02T23:30:00,customer,C0366,order_platform
EV-001860,O00634,PICKED_UP,2026-08-02T23:51:08.961174,driver,D034,order_platform
EV-001861,O00634,DELIVERED,2026-08-03T00:47:43.324669,driver,D034,order_platform
EV-001862,O00635,ORDER_CREATED,2026-08-21T13:55:00,customer,C0101,order_platform
EV-001863,O00635,PICKED_UP,2026-08-21T14:24:36.863523,driver,D053,order_platform
EV-001864,O00635,DELIVERED,2026-08-21T14:54:45.250738,driver,D053,order_platform
EV-001865,O00636,ORDER_CREATED,2026-08-12T18:02:00,customer,C0824,order_platform
EV-001866,O00636,PICKED_UP,2026-08-12T18:35:59.442647,driver,D099,order_platform
EV-001867,O00636,DELIVERED,2026-08-12T19:19:25.788140,driver,D099,order_platform
EV-001868,O00637,ORDER_CREATED,2026-08-14T21:23:00,customer,C0028,order_platform
EV-001869,O00637,PICKED_UP,2026-08-14T21:46:44.116024,driver,D105,order_platform
EV-001870,O00638,ORDER_CREATED,2026-08-04T19:51:00,customer,C0060,order_platform
EV-001871,O00638,PICKED_UP,2026-08-04T20:14:49.024602,driver,D039,order_platform
EV-001872,O00638,DELIVERED,2026-08-04T21:01:43.274861,driver,D039,order_platform
EV-001873,O00639,ORDER_CREATED,2026-08-03T23:14:00,customer,C0234,order_platform
EV-001874,O00639,PICKED_UP,2026-08-03T23:30:48.091672,driver,D104,order_platform
EV-001875,O00639,DELIVERED,2026-08-04T00:18:48.317911,driver,D104,order_platform
EV-001876,O00640,ORDER_CREATED,2026-08-26T20:23:00,customer,C0022,order_platform
EV-001877,O00640,PICKED_UP,2026-08-26T20:38:42.681940,driver,D013,order_platform
EV-001878,O00640,DELIVERED,2026-08-26T21:30:07.337565,driver,D013,order_platform
EV-001879,O00641,ORDER_CREATED,2026-08-20T14:50:00,customer,C0796,order_platform
EV-001880,O00641,PICKED_UP,2026-08-20T15:09:00.615247,driver,D109,order_platform
EV-001881,O00641,DELIVERED,2026-08-20T15:57:18.982115,driver,D109,order_platform
EV-001882,O00642,ORDER_CREATED,2026-08-05T18:40:00,customer,C0072,order_platform
EV-001883,O00642,PICKED_UP,2026-08-05T19:05:53.634793,driver,D003,order_platform
EV-001884,O00642,DELIVERED,2026-08-05T19:38:30.304028,driver,D003,order_platform
EV-001885,O00643,ORDER_CREATED,2026-08-06T23:08:00,customer,C0070,order_platform
EV-001886,O00643,PICKED_UP,2026-08-06T23:20:45.442877,driver,D068,order_platform
EV-001887,O00643,DELIVERED,2026-08-07T00:08:52.402038,driver,D068,order_platform
EV-001888,O00644,ORDER_CREATED,2026-08-24T22:28:00,customer,C0324,order_platform
EV-001889,O00644,PICKED_UP,2026-08-24T22:49:09.040092,driver,D060,order_platform
EV-001890,O00644,DELIVERED,2026-08-24T23:51:29.384358,driver,D060,order_platform
EV-001891,O00645,ORDER_CREATED,2026-08-21T18:20:00,customer,C0754,order_platform
EV-001892,O00645,PICKED_UP,2026-08-21T18:48:22.771778,driver,D051,order_platform
EV-001893,O00645,DELIVERED,2026-08-21T19:39:18.353832,driver,D051,order_platform
EV-001894,O00646,ORDER_CREATED,2026-08-24T14:33:00,customer,C0468,order_platform
EV-001895,O00646,PICKED_UP,2026-08-24T14:59:56.101248,driver,D054,order_platform
EV-001896,O00646,DELIVERED,2026-08-24T15:35:12.728665,driver,D054,order_platform
EV-001897,O00647,ORDER_CREATED,2026-08-08T19:09:00,customer,C0625,order_platform
EV-001898,O00647,PICKED_UP,2026-08-08T19:19:16.791586,driver,D046,order_platform
EV-001899,O00647,DELIVERED,2026-08-08T20:04:15.319432,driver,D046,order_platform
EV-001900,O00648,ORDER_CREATED,2026-08-19T17:28:00,customer,C0724,order_platform
EV-001901,O00648,PICKED_UP,2026-08-19T17:41:51.630248,driver,D032,order_platform
EV-001902,O00648,DELIVERED,2026-08-19T18:16:49.536337,driver,D032,order_platform
EV-001903,O00649,ORDER_CREATED,2026-08-24T19:22:00,customer,C0501,order_platform
EV-001904,O00649,PICKED_UP,2026-08-24T19:59:36.956736,driver,D071,order_platform
EV-001905,O00649,DELIVERED,2026-08-24T20:49:29.507619,driver,D071,order_platform
EV-001906,O00650,ORDER_CREATED,2026-08-17T16:53:00,customer,C0580,order_platform
EV-001907,O00650,PICKED_UP,2026-08-17T17:21:13.690684,driver,D088,order_platform
EV-001908,O00650,DELIVERED,2026-08-17T18:13:15.799996,driver,D088,order_platform
EV-001909,O00651,ORDER_CREATED,2026-08-05T14:56:00,customer,C0388,order_platform
EV-001910,O00651,PICKED_UP,2026-08-05T15:22:25.910520,driver,D063,order_platform
EV-001911,O00651,DELIVERED,2026-08-05T16:05:44.614900,driver,D063,order_platform
EV-001912,O00652,ORDER_CREATED,2026-08-17T19:11:00,customer,C0313,order_platform
EV-001913,O00652,PICKED_UP,2026-08-17T19:34:54.444886,driver,D070,order_platform
EV-001914,O00652,DELIVERED,2026-08-17T20:37:19.431933,driver,D070,order_platform
EV-001915,O00653,ORDER_CREATED,2026-08-10T17:28:00,customer,C0004,order_platform
EV-001916,O00653,PICKED_UP,2026-08-10T18:06:28.179613,driver,D031,order_platform
EV-001917,O00653,DELIVERED,2026-08-10T18:56:20.354889,driver,D031,order_platform
EV-001918,O00654,ORDER_CREATED,2026-08-28T20:03:00,customer,C0355,order_platform
EV-001919,O00654,PICKED_UP,2026-08-28T20:14:31.841459,driver,D021,order_platform
EV-001920,O00654,DELIVERED,2026-08-28T21:05:27.717699,driver,D021,order_platform
EV-001921,O00655,ORDER_CREATED,2026-08-14T14:56:00,customer,C0087,order_platform
EV-001922,O00655,PICKED_UP,2026-08-14T15:14:10.315476,driver,D040,order_platform
EV-001923,O00655,DELIVERED,2026-08-14T15:51:45.158735,driver,D040,order_platform
EV-001924,O00656,ORDER_CREATED,2026-08-23T16:22:00,customer,C0601,order_platform
EV-001925,O00656,PICKED_UP,2026-08-23T16:47:40.409195,driver,D102,order_platform
EV-001926,O00656,DELIVERED,2026-08-23T17:21:18.254018,driver,D102,order_platform
EV-001927,O00657,ORDER_CREATED,2026-08-14T14:46:00,customer,C0423,order_platform
EV-001928,O00657,PICKED_UP,2026-08-14T15:02:40.004540,driver,D059,order_platform
EV-001929,O00657,DELIVERED,2026-08-14T15:51:16.486355,driver,D059,order_platform
EV-001930,O00658,ORDER_CREATED,2026-08-24T12:50:00,customer,C0571,order_platform
EV-001931,O00658,PICKED_UP,2026-08-24T13:16:36.238801,driver,D062,order_platform
EV-001932,O00658,DELIVERED,2026-08-24T13:50:56.507933,driver,D062,order_platform
EV-001933,O00659,ORDER_CREATED,2026-08-27T19:19:00,customer,C0459,order_platform
EV-001934,O00659,PICKED_UP,2026-08-27T19:39:02.553680,driver,D067,order_platform
EV-001935,O00659,DELIVERED,2026-08-27T20:08:59.514658,driver,D067,order_platform
EV-001936,O00660,ORDER_CREATED,2026-08-18T18:24:00,customer,C0512,order_platform
EV-001937,O00660,PICKED_UP,2026-08-18T18:38:39.443772,driver,D075,order_platform
EV-001938,O00660,DELIVERED,2026-08-18T18:51:08.724287,driver,D075,order_platform
EV-001939,O00661,ORDER_CREATED,2026-08-10T16:51:00,customer,C0302,order_platform
EV-001940,O00661,PICKED_UP,2026-08-10T17:09:12.204981,driver,D004,order_platform
EV-001941,O00661,DELIVERED,2026-08-10T18:01:25.931589,driver,D004,order_platform
EV-001942,O00662,ORDER_CREATED,2026-08-14T16:21:00,customer,C0597,order_platform
EV-001943,O00662,PICKED_UP,2026-08-14T16:33:39.162031,driver,D035,order_platform
EV-001944,O00662,DELIVERED,2026-08-14T17:14:28.554403,driver,D035,order_platform
EV-001945,O00663,ORDER_CREATED,2026-08-18T21:46:00,customer,C0062,order_platform
EV-001946,O00663,PICKED_UP,2026-08-18T22:10:33.073355,driver,D041,order_platform
EV-001947,O00663,DELIVERED,2026-08-18T22:54:30.736366,driver,D041,order_platform
EV-001948,O00664,ORDER_CREATED,2026-08-06T19:33:00,customer,C0807,order_platform
EV-001949,O00664,PICKED_UP,2026-08-06T19:53:10.277990,driver,D109,order_platform
EV-001950,O00664,DELIVERED,2026-08-06T20:16:01.047215,driver,D109,order_platform
EV-001951,O00665,ORDER_CREATED,2026-08-26T19:45:00,customer,C0127,order_platform
EV-001952,O00665,PICKED_UP,2026-08-26T20:10:19.094743,driver,D010,order_platform
EV-001953,O00665,DELIVERED,2026-08-26T21:05:25.365216,driver,D010,order_platform
EV-001954,O00666,ORDER_CREATED,2026-08-10T19:12:00,customer,C0456,order_platform
EV-001955,O00666,PICKED_UP,2026-08-10T19:55:07.056130,driver,D007,order_platform
EV-001956,O00666,DELIVERED,2026-08-10T20:41:41.404723,driver,D007,order_platform
EV-001957,O00667,ORDER_CREATED,2026-08-27T22:27:00,customer,C0660,order_platform
EV-001958,O00667,PICKED_UP,2026-08-27T22:44:25.279535,driver,D069,order_platform
EV-001959,O00667,DELIVERED,2026-08-27T23:33:23.327084,driver,D069,order_platform
EV-001960,O00668,ORDER_CREATED,2026-08-09T18:08:00,customer,C0839,order_platform
EV-001961,O00668,PICKED_UP,2026-08-09T18:31:50.942260,driver,D008,order_platform
EV-001962,O00668,DELIVERED,2026-08-09T19:25:51.974151,driver,D008,order_platform
EV-001963,O00669,ORDER_CREATED,2026-08-03T22:39:00,customer,C0149,order_platform
EV-001964,O00669,PICKED_UP,2026-08-03T23:00:11.782784,driver,D055,order_platform
EV-001965,O00669,DELIVERED,2026-08-03T23:46:22.238162,driver,D055,order_platform
EV-001966,O00670,ORDER_CREATED,2026-08-13T19:22:00,customer,C0560,order_platform
EV-001967,O00670,PICKED_UP,2026-08-13T19:51:23.286197,driver,D036,order_platform
EV-001968,O00670,DELIVERED,2026-08-13T20:40:18.554366,driver,D036,order_platform
EV-001969,O00671,ORDER_CREATED,2026-08-14T19:11:00,customer,C0270,order_platform
EV-001970,O00671,PICKED_UP,2026-08-14T19:30:22.737086,driver,D034,order_platform
EV-001971,O00671,DELIVERED,2026-08-14T20:07:04.825586,driver,D034,order_platform
EV-001972,O00672,ORDER_CREATED,2026-08-12T18:00:00,customer,C0743,order_platform
EV-001973,O00672,PICKED_UP,2026-08-12T18:31:20.432321,driver,D070,order_platform
EV-001974,O00673,ORDER_CREATED,2026-08-27T11:45:00,customer,C0311,order_platform
EV-001975,O00673,PICKED_UP,2026-08-27T12:09:48.488818,driver,D068,order_platform
EV-001976,O00673,DELIVERED,2026-08-27T13:26:53.590387,driver,D068,order_platform
EV-001977,O00674,ORDER_CREATED,2026-08-23T20:55:00,customer,C0657,order_platform
EV-001978,O00674,PICKED_UP,2026-08-23T21:06:34.646676,driver,D073,order_platform
EV-001979,O00674,DELIVERED,2026-08-23T22:01:58.023233,driver,D073,order_platform
EV-001980,O00675,ORDER_CREATED,2026-08-22T21:20:00,customer,C0415,order_platform
EV-001981,O00675,PICKED_UP,2026-08-22T21:33:54.197606,driver,D004,order_platform
EV-001982,O00676,ORDER_CREATED,2026-08-17T13:17:00,customer,C0496,order_platform
EV-001983,O00676,PICKED_UP,2026-08-17T13:45:56.243355,driver,D012,order_platform
EV-001984,O00676,DELIVERED,2026-08-17T14:31:55.386814,driver,D012,order_platform
EV-001985,O00677,ORDER_CREATED,2026-08-15T12:58:00,customer,C0671,order_platform
EV-001986,O00677,PICKED_UP,2026-08-15T13:11:20.351496,driver,D055,order_platform
EV-001987,O00677,DELIVERED,2026-08-15T13:39:30.933555,driver,D055,order_platform
EV-001988,O00678,ORDER_CREATED,2026-08-28T13:48:00,customer,C0075,order_platform
EV-001989,O00678,PICKED_UP,2026-08-28T14:21:34.657910,driver,D113,order_platform
EV-001990,O00678,DELIVERED,2026-08-28T14:55:15.036102,driver,D113,order_platform
EV-001991,O00679,ORDER_CREATED,2026-08-09T12:22:00,customer,C0448,order_platform
EV-001992,O00679,PICKED_UP,2026-08-09T12:45:29.036565,driver,D048,order_platform
EV-001993,O00679,DELIVERED,2026-08-09T13:37:09.813470,driver,D048,order_platform
EV-001994,O00680,ORDER_CREATED,2026-08-22T20:13:00,customer,C0672,order_platform
EV-001995,O00680,PICKED_UP,2026-08-22T20:29:09.376993,driver,D050,order_platform
EV-001996,O00680,DELIVERED,2026-08-22T21:28:36.747943,driver,D050,order_platform
EV-001997,O00681,ORDER_CREATED,2026-08-21T13:08:00,customer,C0375,order_platform
EV-001998,O00681,PICKED_UP,2026-08-21T13:34:46.665969,driver,D064,order_platform
EV-001999,O00681,DELIVERED,2026-08-21T14:19:39.550357,driver,D064,order_platform
EV-002000,O00682,ORDER_CREATED,2026-08-11T19:06:00,customer,C0579,order_platform
EV-002001,O00682,PICKED_UP,2026-08-11T19:37:29.401030,driver,D070,order_platform
EV-002002,O00682,DELIVERED,2026-08-11T20:28:08.675678,driver,D070,order_platform
EV-002003,O00683,ORDER_CREATED,2026-08-10T11:59:00,customer,C0612,order_platform
EV-002004,O00683,PICKED_UP,2026-08-10T12:13:15.329628,driver,D079,order_platform
EV-002005,O00683,DELIVERED,2026-08-10T13:07:59.666191,driver,D079,order_platform
EV-002006,O00684,ORDER_CREATED,2026-08-23T22:12:00,customer,C0331,order_platform
EV-002007,O00684,PICKED_UP,2026-08-23T22:39:16.388994,driver,D043,order_platform
EV-002008,O00684,DELIVERED,2026-08-23T23:38:55.550446,driver,D043,order_platform
EV-002009,O00685,ORDER_CREATED,2026-08-10T12:15:00,customer,C0447,order_platform
EV-002010,O00685,PICKED_UP,2026-08-10T12:52:13.935651,driver,D010,order_platform
EV-002011,O00685,DELIVERED,2026-08-10T13:28:27.437930,driver,D010,order_platform
EV-002012,O00686,ORDER_CREATED,2026-08-25T22:24:00,customer,C0704,order_platform
EV-002013,O00686,PICKED_UP,2026-08-25T23:09:31.990446,driver,D076,order_platform
EV-002014,O00686,DELIVERED,2026-08-25T23:53:06.895848,driver,D076,order_platform
EV-002015,O00687,ORDER_CREATED,2026-08-20T13:15:00,customer,C0150,order_platform
EV-002016,O00687,PICKED_UP,2026-08-20T13:33:27.207494,driver,D068,order_platform
EV-002017,O00687,DELIVERED,2026-08-20T14:26:24.003040,driver,D068,order_platform
EV-002018,O00688,ORDER_CREATED,2026-08-11T17:11:00,customer,C0221,order_platform
EV-002019,O00688,PICKED_UP,2026-08-11T17:36:27.340829,driver,D062,order_platform
EV-002020,O00689,ORDER_CREATED,2026-08-06T13:43:00,customer,C0876,order_platform
EV-002021,O00689,PICKED_UP,2026-08-06T14:11:48.303196,driver,D117,order_platform
EV-002022,O00689,DELIVERED,2026-08-06T15:03:40.794540,driver,D117,order_platform
EV-002023,O00690,ORDER_CREATED,2026-08-16T19:42:00,customer,C0667,order_platform
EV-002024,O00690,PICKED_UP,2026-08-16T19:52:41.707133,driver,D112,order_platform
EV-002025,O00690,DELIVERED,2026-08-16T20:34:57.537609,driver,D112,order_platform
EV-002026,O00691,ORDER_CREATED,2026-08-14T18:24:00,customer,C0153,order_platform
EV-002027,O00691,PICKED_UP,2026-08-14T19:00:37.857673,driver,D047,order_platform
EV-002028,O00691,DELIVERED,2026-08-14T19:57:00.665974,driver,D047,order_platform
EV-002029,O00692,ORDER_CREATED,2026-08-22T17:27:00,customer,C0838,order_platform
EV-002030,O00692,PICKED_UP,2026-08-22T17:56:32.417163,driver,D075,order_platform
EV-002031,O00692,DELIVERED,2026-08-22T18:34:26.876100,driver,D075,order_platform
EV-002032,O00693,ORDER_CREATED,2026-08-18T12:46:00,customer,C0492,order_platform
EV-002033,O00693,PICKED_UP,2026-08-18T13:06:58.692694,driver,D042,order_platform
EV-002034,O00693,DELIVERED,2026-08-18T13:26:09.934731,driver,D042,order_platform
EV-002035,O00694,ORDER_CREATED,2026-08-04T17:46:00,customer,C0853,order_platform
EV-002036,O00694,PICKED_UP,2026-08-04T18:09:50.774006,driver,D087,order_platform
EV-002037,O00695,ORDER_CREATED,2026-08-24T19:56:00,customer,C0311,order_platform
EV-002038,O00695,PICKED_UP,2026-08-24T20:22:31.035411,driver,D027,order_platform
EV-002039,O00695,DELIVERED,2026-08-24T21:12:29.234492,driver,D027,order_platform
EV-002040,O00696,ORDER_CREATED,2026-08-25T22:17:00,customer,C0898,order_platform
EV-002041,O00696,PICKED_UP,2026-08-25T22:44:15.228122,driver,D048,order_platform
EV-002042,O00696,DELIVERED,2026-08-25T23:39:04.674316,driver,D048,order_platform
EV-002043,O00697,ORDER_CREATED,2026-08-09T18:50:00,customer,C0865,order_platform
EV-002044,O00697,PICKED_UP,2026-08-09T19:15:45.697428,driver,D032,order_platform
EV-002045,O00697,DELIVERED,2026-08-09T19:54:57.574359,driver,D032,order_platform
EV-002046,O00698,ORDER_CREATED,2026-08-11T17:28:00,customer,C0480,order_platform
EV-002047,O00698,PICKED_UP,2026-08-11T17:59:34.552606,driver,D044,order_platform
EV-002048,O00698,DELIVERED,2026-08-11T18:50:49.771908,driver,D044,order_platform
EV-002049,O00699,ORDER_CREATED,2026-08-25T16:43:00,customer,C0805,order_platform
EV-002050,O00699,PICKED_UP,2026-08-25T16:58:22.952223,driver,D064,order_platform
EV-002051,O00699,DELIVERED,2026-08-25T17:24:42.021807,driver,D064,order_platform
EV-002052,O00700,ORDER_CREATED,2026-08-04T12:13:00,customer,C0750,order_platform
EV-002053,O00700,PICKED_UP,2026-08-04T12:35:55.247931,driver,D096,order_platform
EV-002054,O00700,DELIVERED,2026-08-04T13:12:55.297232,driver,D096,order_platform
EV-002055,O00701,ORDER_CREATED,2026-08-12T19:42:00,customer,C0049,order_platform
EV-002056,O00701,PICKED_UP,2026-08-12T20:23:35.033457,driver,D043,order_platform
EV-002057,O00701,DELIVERED,2026-08-12T21:31:05.478888,driver,D043,order_platform
EV-002058,O00702,ORDER_CREATED,2026-08-10T11:53:00,customer,C0532,order_platform
EV-002059,O00702,PICKED_UP,2026-08-10T12:18:36.564459,driver,D097,order_platform
EV-002060,O00702,DELIVERED,2026-08-10T13:06:59.951589,driver,D097,order_platform
EV-002061,O00703,ORDER_CREATED,2026-08-20T18:05:00,customer,C0740,order_platform
EV-002062,O00703,PICKED_UP,2026-08-20T18:29:23.014769,driver,D056,order_platform
EV-002063,O00703,DELIVERED,2026-08-20T19:03:25.516936,driver,D056,order_platform
EV-002064,O00704,ORDER_CREATED,2026-08-21T17:32:00,customer,C0167,order_platform
EV-002065,O00704,PICKED_UP,2026-08-21T17:56:09.637684,driver,D010,order_platform
EV-002066,O00704,DELIVERED,2026-08-21T18:58:35.354887,driver,D010,order_platform
EV-002067,O00705,ORDER_CREATED,2026-08-22T19:15:00,customer,C0359,order_platform
EV-002068,O00705,PICKED_UP,2026-08-22T19:44:59.282527,driver,D063,order_platform
EV-002069,O00705,DELIVERED,2026-08-22T20:28:49.296173,driver,D063,order_platform
EV-002070,O00706,ORDER_CREATED,2026-08-22T17:33:00,customer,C0855,order_platform
EV-002071,O00706,PICKED_UP,2026-08-22T18:18:39.429252,driver,D020,order_platform
EV-002072,O00706,DELIVERED,2026-08-22T19:19:23.063748,driver,D020,order_platform
EV-002073,O00707,ORDER_CREATED,2026-08-27T20:02:00,customer,C0182,order_platform
EV-002074,O00707,PICKED_UP,2026-08-27T20:21:21.869699,driver,D070,order_platform
EV-002075,O00707,DELIVERED,2026-08-27T21:08:44.825761,driver,D070,order_platform
EV-002076,O00708,ORDER_CREATED,2026-08-22T17:58:00,customer,C0722,order_platform
EV-002077,O00708,PICKED_UP,2026-08-22T18:13:41.034742,driver,D120,order_platform
EV-002078,O00708,DELIVERED,2026-08-22T19:04:12.618710,driver,D120,order_platform
EV-002079,O00709,ORDER_CREATED,2026-08-19T15:02:00,customer,C0221,order_platform
EV-002080,O00709,PICKED_UP,2026-08-19T15:23:15.044873,driver,D080,order_platform
EV-002081,O00709,DELIVERED,2026-08-19T15:56:54.354474,driver,D080,order_platform
EV-002082,O00710,ORDER_CREATED,2026-08-23T13:38:00,customer,C0075,order_platform
EV-002083,O00710,PICKED_UP,2026-08-23T14:21:38.892885,driver,D110,order_platform
EV-002084,O00710,DELIVERED,2026-08-23T15:10:51.738795,driver,D110,order_platform
EV-002085,O00711,ORDER_CREATED,2026-08-17T16:23:00,customer,C0786,order_platform
EV-002086,O00711,PICKED_UP,2026-08-17T16:41:33.445791,driver,D001,order_platform
EV-002087,O00711,DELIVERED,2026-08-17T17:44:49.825297,driver,D001,order_platform
EV-002088,O00712,ORDER_CREATED,2026-08-04T19:22:00,customer,C0266,order_platform
EV-002089,O00712,PICKED_UP,2026-08-04T19:53:25.449060,driver,D108,order_platform
EV-002090,O00712,DELIVERED,2026-08-04T20:43:35.540849,driver,D108,order_platform
EV-002091,O00713,ORDER_CREATED,2026-08-11T18:17:00,customer,C0860,order_platform
EV-002092,O00713,PICKED_UP,2026-08-11T18:30:44.673610,driver,D100,order_platform
EV-002093,O00713,DELIVERED,2026-08-11T19:18:07.358062,driver,D100,order_platform
EV-002094,O00714,ORDER_CREATED,2026-08-23T19:11:00,customer,C0373,order_platform
EV-002095,O00714,PICKED_UP,2026-08-23T19:32:28.589612,driver,D101,order_platform
EV-002096,O00714,DELIVERED,2026-08-23T19:51:50.052904,driver,D101,order_platform
EV-002097,O00715,ORDER_CREATED,2026-08-04T18:50:00,customer,C0215,order_platform
EV-002098,O00715,PICKED_UP,2026-08-04T19:37:49.890100,driver,D005,order_platform
EV-002099,O00715,DELIVERED,2026-08-04T20:23:23.526089,driver,D005,order_platform
EV-002100,O00716,ORDER_CREATED,2026-08-04T20:28:00,customer,C0604,order_platform
EV-002101,O00716,PICKED_UP,2026-08-04T20:49:28.613577,driver,D050,order_platform
EV-002102,O00717,ORDER_CREATED,2026-08-21T16:55:00,customer,C0407,order_platform
EV-002103,O00717,PICKED_UP,2026-08-21T17:16:08.715359,driver,D110,order_platform
EV-002104,O00717,DELIVERED,2026-08-21T17:54:36.109108,driver,D110,order_platform
EV-002105,O00718,ORDER_CREATED,2026-08-25T17:19:00,customer,C0225,order_platform
EV-002106,O00718,PICKED_UP,2026-08-25T17:33:47.477896,driver,D011,order_platform
EV-002107,O00718,DELIVERED,2026-08-25T18:17:24.831645,driver,D011,order_platform
EV-002108,O00719,ORDER_CREATED,2026-08-20T14:43:00,customer,C0365,order_platform
EV-002109,O00719,PICKED_UP,2026-08-20T15:01:09.657647,driver,D019,order_platform
EV-002110,O00719,DELIVERED,2026-08-20T15:52:39.429944,driver,D019,order_platform
EV-002111,O00720,ORDER_CREATED,2026-08-10T17:19:00,customer,C0402,order_platform
EV-002112,O00720,PICKED_UP,2026-08-10T17:42:04.369516,driver,D083,order_platform
EV-002113,O00720,DELIVERED,2026-08-10T18:20:47.303443,driver,D083,order_platform
EV-002114,O00721,ORDER_CREATED,2026-08-23T14:42:00,customer,C0346,order_platform
EV-002115,O00721,PICKED_UP,2026-08-23T15:06:55.328935,driver,D051,order_platform
EV-002116,O00721,DELIVERED,2026-08-23T15:49:11.461488,driver,D051,order_platform
EV-002117,O00722,ORDER_CREATED,2026-08-24T19:02:00,customer,C0351,order_platform
EV-002118,O00722,PICKED_UP,2026-08-24T19:10:36.789006,driver,D117,order_platform
EV-002119,O00722,DELIVERED,2026-08-24T19:50:47.388114,driver,D117,order_platform
EV-002120,O00723,ORDER_CREATED,2026-08-05T21:04:00,customer,C0467,order_platform
EV-002121,O00723,PICKED_UP,2026-08-05T21:15:24.433874,driver,D068,order_platform
EV-002122,O00723,DELIVERED,2026-08-05T22:04:30.928322,driver,D068,order_platform
EV-002123,O00724,ORDER_CREATED,2026-08-10T19:08:00,customer,C0188,order_platform
EV-002124,O00724,PICKED_UP,2026-08-10T19:28:49.217409,driver,D026,order_platform
EV-002125,O00724,DELIVERED,2026-08-10T20:23:28.350600,driver,D026,order_platform
EV-002126,O00725,ORDER_CREATED,2026-08-11T14:45:00,customer,C0812,order_platform
EV-002127,O00725,PICKED_UP,2026-08-11T15:12:02.616646,driver,D087,order_platform
EV-002128,O00725,DELIVERED,2026-08-11T16:06:04.781484,driver,D087,order_platform
EV-002129,O00726,ORDER_CREATED,2026-08-01T18:02:00,customer,C0638,order_platform
EV-002130,O00726,PICKED_UP,2026-08-01T18:43:08.770732,driver,D108,order_platform
EV-002131,O00726,DELIVERED,2026-08-01T19:36:09.046726,driver,D108,order_platform
EV-002132,O00727,ORDER_CREATED,2026-08-28T21:36:00,customer,C0435,order_platform
EV-002133,O00727,PICKED_UP,2026-08-28T21:57:15.880817,driver,D097,order_platform
EV-002134,O00727,DELIVERED,2026-08-28T22:58:08.128808,driver,D097,order_platform
EV-002135,O00728,ORDER_CREATED,2026-08-11T18:49:00,customer,C0557,order_platform
EV-002136,O00728,PICKED_UP,2026-08-11T19:21:46.086787,driver,D063,order_platform
EV-002137,O00729,ORDER_CREATED,2026-08-01T14:27:00,customer,C0448,order_platform
EV-002138,O00729,PICKED_UP,2026-08-01T14:46:39.635948,driver,D089,order_platform
EV-002139,O00729,DELIVERED,2026-08-01T15:35:20.137360,driver,D089,order_platform
EV-002140,O00730,ORDER_CREATED,2026-08-04T11:38:00,customer,C0484,order_platform
EV-002141,O00730,PICKED_UP,2026-08-04T12:27:16.743951,driver,D052,order_platform
EV-002142,O00730,DELIVERED,2026-08-04T13:30:31.284573,driver,D052,order_platform
EV-002143,O00731,ORDER_CREATED,2026-08-15T12:24:00,customer,C0760,order_platform
EV-002144,O00731,PICKED_UP,2026-08-15T12:58:15.545692,driver,D052,order_platform
EV-002145,O00731,DELIVERED,2026-08-15T13:48:49.162171,driver,D052,order_platform
EV-002146,O00732,ORDER_CREATED,2026-08-19T20:07:00,customer,C0789,order_platform
EV-002147,O00732,PICKED_UP,2026-08-19T20:26:56.295221,driver,D070,order_platform
EV-002148,O00732,DELIVERED,2026-08-19T21:13:17.315605,driver,D070,order_platform
EV-002149,O00733,ORDER_CREATED,2026-08-13T20:25:00,customer,C0189,order_platform
EV-002150,O00733,PICKED_UP,2026-08-13T20:49:40.118744,driver,D045,order_platform
EV-002151,O00733,DELIVERED,2026-08-13T21:49:33.606687,driver,D045,order_platform
EV-002152,O00734,ORDER_CREATED,2026-08-16T11:17:00,customer,C0127,order_platform
EV-002153,O00734,PICKED_UP,2026-08-16T12:05:43.924278,driver,D065,order_platform
EV-002154,O00735,ORDER_CREATED,2026-08-23T18:02:00,customer,C0027,order_platform
EV-002155,O00735,PICKED_UP,2026-08-23T18:19:21.490271,driver,D118,order_platform
EV-002156,O00735,DELIVERED,2026-08-23T19:15:59.094478,driver,D118,order_platform
EV-002157,O00736,ORDER_CREATED,2026-08-04T20:01:00,customer,C0657,order_platform
EV-002158,O00736,PICKED_UP,2026-08-04T20:33:47.264567,driver,D055,order_platform
EV-002159,O00736,DELIVERED,2026-08-04T21:22:48.158388,driver,D055,order_platform
EV-002160,O00737,ORDER_CREATED,2026-08-20T20:10:00,customer,C0824,order_platform
EV-002161,O00737,PICKED_UP,2026-08-20T21:14:02.973657,driver,D048,order_platform
EV-002162,O00737,DELIVERED,2026-08-20T21:47:32.398594,driver,D048,order_platform
EV-002163,O00738,ORDER_CREATED,2026-08-09T13:42:00,customer,C0299,order_platform
EV-002164,O00738,PICKED_UP,2026-08-09T14:28:18.417236,driver,D067,order_platform
EV-002165,O00738,DELIVERED,2026-08-09T15:23:35.138833,driver,D067,order_platform
EV-002166,O00739,ORDER_CREATED,2026-08-13T16:39:00,customer,C0291,order_platform
EV-002167,O00739,PICKED_UP,2026-08-13T17:20:24.270820,driver,D034,order_platform
EV-002168,O00739,DELIVERED,2026-08-13T17:53:45.742225,driver,D034,order_platform
EV-002169,O00740,ORDER_CREATED,2026-08-24T22:02:00,customer,C0583,order_platform
EV-002170,O00740,PICKED_UP,2026-08-24T22:21:21.986158,driver,D036,order_platform
EV-002171,O00741,ORDER_CREATED,2026-08-28T20:36:00,customer,C0617,order_platform
EV-002172,O00741,PICKED_UP,2026-08-28T21:02:14.607969,driver,D108,order_platform
EV-002173,O00741,DELIVERED,2026-08-28T22:04:34.315050,driver,D108,order_platform
EV-002174,O00742,ORDER_CREATED,2026-08-18T18:06:00,customer,C0474,order_platform
EV-002175,O00742,PICKED_UP,2026-08-18T18:32:29.352281,driver,D049,order_platform
EV-002176,O00742,DELIVERED,2026-08-18T19:27:27.003529,driver,D049,order_platform
EV-002177,O00743,ORDER_CREATED,2026-08-05T21:19:00,customer,C0733,order_platform
EV-002178,O00743,PICKED_UP,2026-08-05T21:41:13.132804,driver,D110,order_platform
EV-002179,O00743,DELIVERED,2026-08-05T21:57:54.570280,driver,D110,order_platform
EV-002180,O00744,ORDER_CREATED,2026-08-17T19:09:00,customer,C0623,order_platform
EV-002181,O00744,PICKED_UP,2026-08-17T19:47:49.390972,driver,D036,order_platform
EV-002182,O00744,DELIVERED,2026-08-17T20:31:06.521654,driver,D036,order_platform
EV-002183,O00745,ORDER_CREATED,2026-08-25T19:34:00,customer,C0373,order_platform
EV-002184,O00745,PICKED_UP,2026-08-25T19:43:54.233320,driver,D093,order_platform
EV-002185,O00745,DELIVERED,2026-08-25T20:44:02.820432,driver,D093,order_platform
EV-002186,O00746,ORDER_CREATED,2026-08-22T16:59:00,customer,C0834,order_platform
EV-002187,O00746,PICKED_UP,2026-08-22T17:32:04.876510,driver,D120,order_platform
EV-002188,O00746,DELIVERED,2026-08-22T18:33:28.728529,driver,D120,order_platform
EV-002189,O00747,ORDER_CREATED,2026-08-27T17:14:00,customer,C0764,order_platform
EV-002190,O00747,PICKED_UP,2026-08-27T17:55:26.787252,driver,D106,order_platform
EV-002191,O00747,DELIVERED,2026-08-27T18:56:15.803340,driver,D106,order_platform
EV-002192,O00748,ORDER_CREATED,2026-08-04T20:38:00,customer,C0576,order_platform
EV-002193,O00748,PICKED_UP,2026-08-04T20:53:00.296795,driver,D059,order_platform
EV-002194,O00748,DELIVERED,2026-08-04T21:47:31.311921,driver,D059,order_platform
EV-002195,O00749,ORDER_CREATED,2026-08-04T19:27:00,customer,C0597,order_platform
EV-002196,O00749,PICKED_UP,2026-08-04T19:50:04.551110,driver,D077,order_platform
EV-002197,O00749,DELIVERED,2026-08-04T20:42:58.892445,driver,D077,order_platform
EV-002198,O00750,ORDER_CREATED,2026-08-09T21:46:00,customer,C0792,order_platform
EV-002199,O00750,PICKED_UP,2026-08-09T21:57:39.329555,driver,D054,order_platform
EV-002200,O00750,DELIVERED,2026-08-09T22:31:55.191315,driver,D054,order_platform
EV-002201,O00751,ORDER_CREATED,2026-08-25T20:31:00,customer,C0153,order_platform
EV-002202,O00751,PICKED_UP,2026-08-25T20:52:45.757355,driver,D005,order_platform
EV-002203,O00751,DELIVERED,2026-08-25T21:46:24.179864,driver,D005,order_platform
EV-002204,O00752,ORDER_CREATED,2026-08-19T19:57:00,customer,C0879,order_platform
EV-002205,O00752,PICKED_UP,2026-08-19T20:38:39.450503,driver,D075,order_platform
EV-002206,O00752,DELIVERED,2026-08-19T21:38:45.600934,driver,D075,order_platform
EV-002207,O00753,ORDER_CREATED,2026-08-04T16:26:00,customer,C0446,order_platform
EV-002208,O00753,PICKED_UP,2026-08-04T16:40:45.052178,driver,D108,order_platform
EV-002209,O00753,DELIVERED,2026-08-04T17:15:55.030876,driver,D108,order_platform
EV-002210,O00754,ORDER_CREATED,2026-08-21T15:50:00,customer,C0725,order_platform
EV-002211,O00754,PICKED_UP,2026-08-21T16:02:36.138036,driver,D106,order_platform
EV-002212,O00754,DELIVERED,2026-08-21T16:46:57.316552,driver,D106,order_platform
EV-002213,O00755,ORDER_CREATED,2026-08-24T20:14:00,customer,C0710,order_platform
EV-002214,O00755,PICKED_UP,2026-08-24T20:50:46.000931,driver,D108,order_platform
EV-002215,O00755,DELIVERED,2026-08-24T21:30:22.228010,driver,D108,order_platform
EV-002216,O00756,ORDER_CREATED,2026-08-11T11:12:00,customer,C0693,order_platform
EV-002217,O00756,PICKED_UP,2026-08-11T11:44:34.061733,driver,D118,order_platform
EV-002218,O00756,DELIVERED,2026-08-11T12:33:10.430233,driver,D118,order_platform
EV-002219,O00757,ORDER_CREATED,2026-08-22T17:16:00,customer,C0785,order_platform
EV-002220,O00757,PICKED_UP,2026-08-22T17:35:33.242540,driver,D055,order_platform
EV-002221,O00757,DELIVERED,2026-08-22T18:08:29.719161,driver,D055,order_platform
EV-002222,O00758,ORDER_CREATED,2026-08-27T11:35:00,customer,C0726,order_platform
EV-002223,O00758,PICKED_UP,2026-08-27T12:11:01.285443,driver,D035,order_platform
EV-002224,O00758,DELIVERED,2026-08-27T13:01:41.495780,driver,D035,order_platform
EV-002225,O00759,ORDER_CREATED,2026-08-14T18:36:00,customer,C0732,order_platform
EV-002226,O00759,PICKED_UP,2026-08-14T19:01:18.936750,driver,D105,order_platform
EV-002227,O00759,DELIVERED,2026-08-14T19:31:19.440433,driver,D105,order_platform
EV-002228,O00760,ORDER_CREATED,2026-08-08T16:22:00,customer,C0020,order_platform
EV-002229,O00760,PICKED_UP,2026-08-08T16:33:22.357902,driver,D019,order_platform
EV-002230,O00760,DELIVERED,2026-08-08T17:16:03.127967,driver,D019,order_platform
EV-002231,O00761,ORDER_CREATED,2026-08-23T19:35:00,customer,C0636,order_platform
EV-002232,O00761,PICKED_UP,2026-08-23T20:01:58.706677,driver,D037,order_platform
EV-002233,O00761,DELIVERED,2026-08-23T20:43:04.841933,driver,D037,order_platform
EV-002234,O00762,ORDER_CREATED,2026-08-12T18:45:00,customer,C0653,order_platform
EV-002235,O00762,PICKED_UP,2026-08-12T19:27:33.570541,driver,D018,order_platform
EV-002236,O00762,DELIVERED,2026-08-12T20:15:10.932354,driver,D018,order_platform
EV-002237,O00763,ORDER_CREATED,2026-08-18T19:19:00,customer,C0790,order_platform
EV-002238,O00763,PICKED_UP,2026-08-18T19:49:02.188572,driver,D008,order_platform
EV-002239,O00763,DELIVERED,2026-08-18T20:40:02.777993,driver,D008,order_platform
EV-002240,O00764,ORDER_CREATED,2026-08-04T20:04:00,customer,C0097,order_platform
EV-002241,O00764,PICKED_UP,2026-08-04T20:33:04.317338,driver,D097,order_platform
EV-002242,O00764,DELIVERED,2026-08-04T21:11:01.062942,driver,D097,order_platform
EV-002243,O00765,ORDER_CREATED,2026-08-04T16:06:00,customer,C0359,order_platform
EV-002244,O00765,PICKED_UP,2026-08-04T16:45:50.239618,driver,D045,order_platform
EV-002245,O00765,DELIVERED,2026-08-04T17:44:53.730909,driver,D045,order_platform
EV-002246,O00766,ORDER_CREATED,2026-08-06T15:12:00,customer,C0864,order_platform
EV-002247,O00766,PICKED_UP,2026-08-06T15:27:54.319759,driver,D032,order_platform
EV-002248,O00766,DELIVERED,2026-08-06T16:20:57.640517,driver,D032,order_platform
EV-002249,O00767,ORDER_CREATED,2026-08-17T11:20:00,customer,C0425,order_platform
EV-002250,O00767,PICKED_UP,2026-08-17T11:40:57.438230,driver,D012,order_platform
EV-002251,O00767,DELIVERED,2026-08-17T12:33:15.486807,driver,D012,order_platform
EV-002252,O00768,ORDER_CREATED,2026-08-05T19:36:00,customer,C0772,order_platform
EV-002253,O00768,PICKED_UP,2026-08-05T19:51:12.154057,driver,D063,order_platform
EV-002254,O00768,DELIVERED,2026-08-05T20:18:47.085068,driver,D063,order_platform
EV-002255,O00769,ORDER_CREATED,2026-08-10T12:43:00,customer,C0318,order_platform
EV-002256,O00769,PICKED_UP,2026-08-10T13:02:04.868032,driver,D093,order_platform
EV-002257,O00769,DELIVERED,2026-08-10T13:42:32.216168,driver,D093,order_platform
EV-002258,O00770,ORDER_CREATED,2026-08-05T15:52:00,customer,C0003,order_platform
EV-002259,O00770,PICKED_UP,2026-08-05T16:39:32.593766,driver,D007,order_platform
EV-002260,O00770,DELIVERED,2026-08-05T17:31:25.050399,driver,D007,order_platform
EV-002261,O00771,ORDER_CREATED,2026-08-17T18:44:00,customer,C0474,order_platform
EV-002262,O00771,PICKED_UP,2026-08-17T19:11:00.404681,driver,D018,order_platform
EV-002263,O00771,DELIVERED,2026-08-17T19:45:49.263517,driver,D018,order_platform
EV-002264,O00772,ORDER_CREATED,2026-08-10T18:50:00,customer,C0833,order_platform
EV-002265,O00772,PICKED_UP,2026-08-10T19:11:17.253555,driver,D030,order_platform
EV-002266,O00773,ORDER_CREATED,2026-08-19T20:36:00,customer,C0030,order_platform
EV-002267,O00773,PICKED_UP,2026-08-19T20:59:40.931381,driver,D018,order_platform
EV-002268,O00773,DELIVERED,2026-08-19T21:42:47.957262,driver,D018,order_platform
EV-002269,O00774,ORDER_CREATED,2026-08-07T12:11:00,customer,C0260,order_platform
EV-002270,O00774,PICKED_UP,2026-08-07T12:51:26.356018,driver,D011,order_platform
EV-002271,O00775,ORDER_CREATED,2026-08-08T19:58:00,customer,C0072,order_platform
EV-002272,O00775,PICKED_UP,2026-08-08T20:37:50.918485,driver,D059,order_platform
EV-002273,O00775,DELIVERED,2026-08-08T21:46:49.642917,driver,D059,order_platform
EV-002274,O00776,ORDER_CREATED,2026-08-21T20:17:00,customer,C0554,order_platform
EV-002275,O00776,PICKED_UP,2026-08-21T20:43:32.880478,driver,D085,order_platform
EV-002276,O00776,DELIVERED,2026-08-21T21:32:38.791439,driver,D085,order_platform
EV-002277,O00777,ORDER_CREATED,2026-08-04T12:57:00,customer,C0525,order_platform
EV-002278,O00777,PICKED_UP,2026-08-04T13:25:51.550886,driver,D009,order_platform
EV-002279,O00777,DELIVERED,2026-08-04T14:16:59.926145,driver,D009,order_platform
EV-002280,O00778,ORDER_CREATED,2026-08-27T21:12:00,customer,C0068,order_platform
EV-002281,O00778,PICKED_UP,2026-08-27T21:23:21.947918,driver,D015,order_platform
EV-002282,O00778,DELIVERED,2026-08-27T22:30:35.745486,driver,D015,order_platform
EV-002283,O00779,ORDER_CREATED,2026-08-15T20:28:00,customer,C0105,order_platform
EV-002284,O00779,PICKED_UP,2026-08-15T20:47:04.194043,driver,D012,order_platform
EV-002285,O00779,DELIVERED,2026-08-15T21:39:22.881851,driver,D012,order_platform
EV-002286,O00780,ORDER_CREATED,2026-08-21T12:24:00,customer,C0580,order_platform
EV-002287,O00780,PICKED_UP,2026-08-21T13:02:30.269415,driver,D027,order_platform
EV-002288,O00780,DELIVERED,2026-08-21T13:47:44.301327,driver,D027,order_platform
EV-002289,O00781,ORDER_CREATED,2026-08-22T12:33:00,customer,C0103,order_platform
EV-002290,O00781,PICKED_UP,2026-08-22T13:11:17.309762,driver,D103,order_platform
EV-002291,O00781,DELIVERED,2026-08-22T14:01:40.289785,driver,D103,order_platform
EV-002292,O00782,ORDER_CREATED,2026-08-25T18:54:00,customer,C0559,order_platform
EV-002293,O00782,PICKED_UP,2026-08-25T19:31:41.016480,driver,D092,order_platform
EV-002294,O00782,DELIVERED,2026-08-25T20:26:27.625735,driver,D092,order_platform
EV-002295,O00783,ORDER_CREATED,2026-08-21T18:58:00,customer,C0572,order_platform
EV-002296,O00783,PICKED_UP,2026-08-21T19:25:11.099307,driver,D103,order_platform
EV-002297,O00783,DELIVERED,2026-08-21T19:47:18.538610,driver,D103,order_platform
EV-002298,O00784,ORDER_CREATED,2026-08-05T11:26:00,customer,C0825,order_platform
EV-002299,O00784,PICKED_UP,2026-08-05T11:43:07.308343,driver,D030,order_platform
EV-002300,O00784,DELIVERED,2026-08-05T12:33:12.348862,driver,D030,order_platform
EV-002301,O00785,ORDER_CREATED,2026-08-13T13:33:00,customer,C0384,order_platform
EV-002302,O00785,PICKED_UP,2026-08-13T13:46:53.944491,driver,D036,order_platform
EV-002303,O00785,DELIVERED,2026-08-13T14:31:48.226974,driver,D036,order_platform
EV-002304,O00786,ORDER_CREATED,2026-08-15T16:53:00,customer,C0058,order_platform
EV-002305,O00786,PICKED_UP,2026-08-15T17:26:00.215629,driver,D090,order_platform
EV-002306,O00786,DELIVERED,2026-08-15T18:32:55.357258,driver,D090,order_platform
EV-002307,O00787,ORDER_CREATED,2026-08-22T18:09:00,customer,C0418,order_platform
EV-002308,O00787,PICKED_UP,2026-08-22T18:51:05.680015,driver,D105,order_platform
EV-002309,O00787,DELIVERED,2026-08-22T19:33:51.211983,driver,D105,order_platform
EV-002310,O00788,ORDER_CREATED,2026-08-03T11:58:00,customer,C0500,order_platform
EV-002311,O00788,PICKED_UP,2026-08-03T12:16:34.129996,driver,D001,order_platform
EV-002312,O00788,DELIVERED,2026-08-03T12:53:19.748456,driver,D001,order_platform
EV-002313,O00789,ORDER_CREATED,2026-08-19T22:28:00,customer,C0534,order_platform
EV-002314,O00789,PICKED_UP,2026-08-19T22:52:17.016511,driver,D010,order_platform
EV-002315,O00789,DELIVERED,2026-08-19T23:26:50.309739,driver,D010,order_platform
EV-002316,O00790,ORDER_CREATED,2026-08-08T23:42:00,customer,C0587,order_platform
EV-002317,O00790,PICKED_UP,2026-08-09T00:25:30.735137,driver,D115,order_platform
EV-002318,O00790,DELIVERED,2026-08-09T01:17:28.350692,driver,D115,order_platform
EV-002319,O00791,ORDER_CREATED,2026-08-22T18:56:00,customer,C0666,order_platform
EV-002320,O00791,PICKED_UP,2026-08-22T19:21:19.971964,driver,D054,order_platform
EV-002321,O00791,DELIVERED,2026-08-22T19:56:57.274536,driver,D054,order_platform
EV-002322,O00792,ORDER_CREATED,2026-08-26T12:38:00,customer,C0871,order_platform
EV-002323,O00792,PICKED_UP,2026-08-26T12:51:33.252962,driver,D071,order_platform
EV-002324,O00792,DELIVERED,2026-08-26T13:52:04.417150,driver,D071,order_platform
EV-002325,O00793,ORDER_CREATED,2026-08-02T19:44:00,customer,C0830,order_platform
EV-002326,O00793,PICKED_UP,2026-08-02T20:28:01.009030,driver,D003,order_platform
EV-002327,O00793,DELIVERED,2026-08-02T21:19:10.505173,driver,D003,order_platform
EV-002328,O00794,ORDER_CREATED,2026-08-13T14:30:00,customer,C0613,order_platform
EV-002329,O00794,PICKED_UP,2026-08-13T15:03:35.288797,driver,D066,order_platform
EV-002330,O00794,DELIVERED,2026-08-13T15:33:10.618217,driver,D066,order_platform
EV-002331,O00795,ORDER_CREATED,2026-08-10T15:58:00,customer,C0254,order_platform
EV-002332,O00795,PICKED_UP,2026-08-10T16:25:21.368073,driver,D027,order_platform
EV-002333,O00795,DELIVERED,2026-08-10T17:08:24.326801,driver,D027,order_platform
EV-002334,O00796,ORDER_CREATED,2026-08-25T12:04:00,customer,C0417,order_platform
EV-002335,O00796,PICKED_UP,2026-08-25T12:22:20.492725,driver,D106,order_platform
EV-002336,O00796,DELIVERED,2026-08-25T13:07:51.497438,driver,D106,order_platform
EV-002337,O00797,ORDER_CREATED,2026-08-07T22:59:00,customer,C0011,order_platform
EV-002338,O00797,PICKED_UP,2026-08-07T23:45:18.076888,driver,D075,order_platform
EV-002339,O00797,DELIVERED,2026-08-08T00:25:12.099724,driver,D075,order_platform
EV-002340,O00798,ORDER_CREATED,2026-08-20T19:30:00,customer,C0371,order_platform
EV-002341,O00798,PICKED_UP,2026-08-20T20:06:42.086028,driver,D033,order_platform
EV-002342,O00799,ORDER_CREATED,2026-08-09T13:34:00,customer,C0009,order_platform
EV-002343,O00799,PICKED_UP,2026-08-09T14:15:15.409140,driver,D077,order_platform
EV-002344,O00799,DELIVERED,2026-08-09T14:47:41.983965,driver,D077,order_platform
EV-002345,O00800,ORDER_CREATED,2026-08-27T17:15:00,customer,C0723,order_platform
EV-002346,O00800,PICKED_UP,2026-08-27T17:41:16.151633,driver,D078,order_platform
EV-002347,O00800,DELIVERED,2026-08-27T18:08:35.250131,driver,D078,order_platform
EV-002348,O00801,ORDER_CREATED,2026-08-03T16:49:00,customer,C0331,order_platform
EV-002349,O00801,PICKED_UP,2026-08-03T17:28:13.097305,driver,D079,order_platform
EV-002350,O00801,DELIVERED,2026-08-03T18:25:02.853593,driver,D079,order_platform
EV-002351,O00802,ORDER_CREATED,2026-08-08T19:02:00,customer,C0888,order_platform
EV-002352,O00802,PICKED_UP,2026-08-08T19:15:11.015379,driver,D082,order_platform
EV-002353,O00802,DELIVERED,2026-08-08T19:57:15.530533,driver,D082,order_platform
EV-002354,O00803,ORDER_CREATED,2026-08-28T13:20:00,customer,C0880,order_platform
EV-002355,O00803,PICKED_UP,2026-08-28T13:58:12.321913,driver,D055,order_platform
EV-002356,O00803,DELIVERED,2026-08-28T14:46:40.708937,driver,D055,order_platform
EV-002357,O00804,ORDER_CREATED,2026-08-11T14:31:00,customer,C0031,order_platform
EV-002358,O00804,PICKED_UP,2026-08-11T15:00:57.746943,driver,D092,order_platform
EV-002359,O00804,DELIVERED,2026-08-11T15:41:33.345375,driver,D092,order_platform
EV-002360,O00805,ORDER_CREATED,2026-08-04T12:20:00,customer,C0661,order_platform
EV-002361,O00805,PICKED_UP,2026-08-04T12:57:56.674996,driver,D025,order_platform
EV-002362,O00805,DELIVERED,2026-08-04T13:26:32.600756,driver,D025,order_platform
EV-002363,O00806,ORDER_CREATED,2026-08-10T17:23:00,customer,C0885,order_platform
EV-002364,O00806,PICKED_UP,2026-08-10T17:41:37.378173,driver,D024,order_platform
EV-002365,O00806,DELIVERED,2026-08-10T18:44:34.522024,driver,D024,order_platform
EV-002366,O00807,ORDER_CREATED,2026-08-16T20:35:00,customer,C0327,order_platform
EV-002367,O00807,PICKED_UP,2026-08-16T20:56:49.509629,driver,D077,order_platform
EV-002368,O00807,DELIVERED,2026-08-16T21:54:29.554123,driver,D077,order_platform
EV-002369,O00808,ORDER_CREATED,2026-08-01T16:56:00,customer,C0392,order_platform
EV-002370,O00808,PICKED_UP,2026-08-01T17:44:46.475284,driver,D071,order_platform
EV-002371,O00808,DELIVERED,2026-08-01T18:37:12.128398,driver,D071,order_platform
EV-002372,O00809,ORDER_CREATED,2026-08-02T18:14:00,customer,C0864,order_platform
EV-002373,O00809,PICKED_UP,2026-08-02T18:30:19.683728,driver,D008,order_platform
EV-002374,O00809,DELIVERED,2026-08-02T19:23:30.952729,driver,D008,order_platform
EV-002375,O00810,ORDER_CREATED,2026-08-20T19:18:00,customer,C0274,order_platform
EV-002376,O00810,PICKED_UP,2026-08-20T19:39:08.541100,driver,D111,order_platform
EV-002377,O00810,DELIVERED,2026-08-20T20:12:43.050330,driver,D111,order_platform
EV-002378,O00811,ORDER_CREATED,2026-08-25T17:23:00,customer,C0729,order_platform
EV-002379,O00811,PICKED_UP,2026-08-25T18:04:59.204959,driver,D024,order_platform
EV-002380,O00811,DELIVERED,2026-08-25T18:48:33.957100,driver,D024,order_platform
EV-002381,O00812,ORDER_CREATED,2026-08-05T16:01:00,customer,C0575,order_platform
EV-002382,O00812,PICKED_UP,2026-08-05T16:19:11.638441,driver,D094,order_platform
EV-002383,O00812,DELIVERED,2026-08-05T16:57:25.524261,driver,D094,order_platform
EV-002384,O00813,ORDER_CREATED,2026-08-25T18:56:00,customer,C0304,order_platform
EV-002385,O00813,PICKED_UP,2026-08-25T19:15:50.488199,driver,D087,order_platform
EV-002386,O00813,DELIVERED,2026-08-25T20:06:57.402485,driver,D087,order_platform
EV-002387,O00814,ORDER_CREATED,2026-08-03T17:48:00,customer,C0765,order_platform
EV-002388,O00814,PICKED_UP,2026-08-03T18:40:11.960955,driver,D011,order_platform
EV-002389,O00814,DELIVERED,2026-08-03T18:49:02.169069,driver,D011,order_platform
EV-002390,O00815,ORDER_CREATED,2026-08-08T14:41:00,customer,C0873,order_platform
EV-002391,O00815,PICKED_UP,2026-08-08T14:57:27.174449,driver,D074,order_platform
EV-002392,O00815,DELIVERED,2026-08-08T15:59:06.699578,driver,D074,order_platform
EV-002393,O00816,ORDER_CREATED,2026-08-22T17:32:00,customer,C0306,order_platform
EV-002394,O00816,PICKED_UP,2026-08-22T18:01:50.470523,driver,D102,order_platform
EV-002395,O00816,DELIVERED,2026-08-22T18:41:37.075833,driver,D102,order_platform
EV-002396,O00817,ORDER_CREATED,2026-08-06T17:09:00,customer,C0727,order_platform
EV-002397,O00817,PICKED_UP,2026-08-06T17:22:57.435562,driver,D035,order_platform
EV-002398,O00817,DELIVERED,2026-08-06T18:20:37.792251,driver,D035,order_platform
EV-002399,O00818,ORDER_CREATED,2026-08-10T18:28:00,customer,C0790,order_platform
EV-002400,O00818,PICKED_UP,2026-08-10T18:43:38.754949,driver,D089,order_platform
EV-002401,O00818,DELIVERED,2026-08-10T19:25:30.039218,driver,D089,order_platform
EV-002402,O00819,ORDER_CREATED,2026-08-12T18:41:00,customer,C0342,order_platform
EV-002403,O00819,PICKED_UP,2026-08-12T19:19:26.076991,driver,D021,order_platform
EV-002404,O00819,DELIVERED,2026-08-12T20:20:50.220152,driver,D021,order_platform
EV-002405,O00820,ORDER_CREATED,2026-08-15T23:38:00,customer,C0783,order_platform
EV-002406,O00820,PICKED_UP,2026-08-16T00:09:02.680034,driver,D056,order_platform
EV-002407,O00820,DELIVERED,2026-08-16T00:58:49.331485,driver,D056,order_platform
EV-002408,O00821,ORDER_CREATED,2026-08-28T11:17:00,customer,C0642,order_platform
EV-002409,O00821,PICKED_UP,2026-08-28T11:39:22.514193,driver,D095,order_platform
EV-002410,O00821,DELIVERED,2026-08-28T12:32:03.677063,driver,D095,order_platform
EV-002411,O00822,ORDER_CREATED,2026-08-04T16:16:00,customer,C0095,order_platform
EV-002412,O00822,PICKED_UP,2026-08-04T16:40:51.674399,driver,D017,order_platform
EV-002413,O00822,DELIVERED,2026-08-04T17:03:27.894153,driver,D017,order_platform
EV-002414,O00823,ORDER_CREATED,2026-08-23T18:17:00,customer,C0301,order_platform
EV-002415,O00823,PICKED_UP,2026-08-23T18:57:11.020615,driver,D107,order_platform
EV-002416,O00823,DELIVERED,2026-08-23T19:40:50.028972,driver,D107,order_platform
EV-002417,O00824,ORDER_CREATED,2026-08-03T23:56:00,customer,C0399,order_platform
EV-002418,O00824,PICKED_UP,2026-08-04T00:18:10.147447,driver,D023,order_platform
EV-002419,O00825,ORDER_CREATED,2026-08-08T19:51:00,customer,C0023,order_platform
EV-002420,O00825,PICKED_UP,2026-08-08T20:09:01.314180,driver,D026,order_platform
EV-002421,O00825,DELIVERED,2026-08-08T20:54:58.768926,driver,D026,order_platform
EV-002422,O00826,ORDER_CREATED,2026-08-12T18:30:00,customer,C0625,order_platform
EV-002423,O00826,PICKED_UP,2026-08-12T19:04:05.730714,driver,D010,order_platform
EV-002424,O00826,DELIVERED,2026-08-12T19:50:42.166666,driver,D010,order_platform
EV-002425,O00827,ORDER_CREATED,2026-08-16T19:26:00,customer,C0332,order_platform
EV-002426,O00827,PICKED_UP,2026-08-16T19:48:42.257515,driver,D081,order_platform
EV-002427,O00827,DELIVERED,2026-08-16T20:40:25.871737,driver,D081,order_platform
EV-002428,O00828,ORDER_CREATED,2026-08-18T19:47:00,customer,C0838,order_platform
EV-002429,O00828,PICKED_UP,2026-08-18T20:24:35.468933,driver,D094,order_platform
EV-002430,O00828,DELIVERED,2026-08-18T21:12:13.348606,driver,D094,order_platform
EV-002431,O00829,ORDER_CREATED,2026-08-09T22:42:00,customer,C0155,order_platform
EV-002432,O00829,PICKED_UP,2026-08-09T23:09:02.775964,driver,D067,order_platform
EV-002433,O00829,DELIVERED,2026-08-10T00:08:48.638223,driver,D067,order_platform
EV-002434,O00830,ORDER_CREATED,2026-08-25T23:14:00,customer,C0553,order_platform
EV-002435,O00830,PICKED_UP,2026-08-25T23:38:59.284984,driver,D046,order_platform
EV-002436,O00831,ORDER_CREATED,2026-08-25T17:52:00,customer,C0880,order_platform
EV-002437,O00831,PICKED_UP,2026-08-25T18:19:36.740531,driver,D037,order_platform
EV-002438,O00832,ORDER_CREATED,2026-08-06T20:43:00,customer,C0643,order_platform
EV-002439,O00832,PICKED_UP,2026-08-06T21:05:33.192800,driver,D045,order_platform
EV-002440,O00832,DELIVERED,2026-08-06T21:52:08.761503,driver,D045,order_platform
EV-002441,O00833,ORDER_CREATED,2026-08-20T19:43:00,customer,C0343,order_platform
EV-002442,O00833,PICKED_UP,2026-08-20T20:19:29.247161,driver,D094,order_platform
EV-002443,O00833,DELIVERED,2026-08-20T20:48:48.295012,driver,D094,order_platform
EV-002444,O00834,ORDER_CREATED,2026-08-16T20:05:00,customer,C0398,order_platform
EV-002445,O00834,PICKED_UP,2026-08-16T20:39:04.339337,driver,D032,order_platform
EV-002446,O00834,DELIVERED,2026-08-16T21:30:08.134635,driver,D032,order_platform
EV-002447,O00835,ORDER_CREATED,2026-08-14T12:43:00,customer,C0803,order_platform
EV-002448,O00835,PICKED_UP,2026-08-14T13:07:36.217118,driver,D014,order_platform
EV-002449,O00835,DELIVERED,2026-08-14T13:55:26.155154,driver,D014,order_platform
EV-002450,O00836,ORDER_CREATED,2026-08-17T18:57:00,customer,C0263,order_platform
EV-002451,O00836,PICKED_UP,2026-08-17T19:44:15.440913,driver,D070,order_platform
EV-002452,O00836,DELIVERED,2026-08-17T20:35:59.649573,driver,D070,order_platform
EV-002453,O00837,ORDER_CREATED,2026-08-21T22:49:00,customer,C0343,order_platform
EV-002454,O00837,PICKED_UP,2026-08-21T23:14:19.230016,driver,D067,order_platform
EV-002455,O00837,DELIVERED,2026-08-22T00:08:31.250876,driver,D067,order_platform
EV-002456,O00838,ORDER_CREATED,2026-08-01T18:23:00,customer,C0276,order_platform
EV-002457,O00838,PICKED_UP,2026-08-01T18:38:43.156359,driver,D014,order_platform
EV-002458,O00838,DELIVERED,2026-08-01T19:05:13.824800,driver,D014,order_platform
EV-002459,O00839,ORDER_CREATED,2026-08-17T22:58:00,customer,C0526,order_platform
EV-002460,O00839,PICKED_UP,2026-08-17T23:27:27.259821,driver,D037,order_platform
EV-002461,O00839,DELIVERED,2026-08-18T00:09:30.201692,driver,D037,order_platform
EV-002462,O00840,ORDER_CREATED,2026-08-07T13:08:00,customer,C0016,order_platform
EV-002463,O00840,PICKED_UP,2026-08-07T13:29:14.230851,driver,D011,order_platform
EV-002464,O00841,ORDER_CREATED,2026-08-19T18:19:00,customer,C0118,order_platform
EV-002465,O00841,PICKED_UP,2026-08-19T18:42:04.381848,driver,D083,order_platform
EV-002466,O00841,DELIVERED,2026-08-19T19:40:26.637445,driver,D083,order_platform
EV-002467,O00842,ORDER_CREATED,2026-08-26T12:42:00,customer,C0660,order_platform
EV-002468,O00842,PICKED_UP,2026-08-26T13:30:00.981231,driver,D116,order_platform
EV-002469,O00842,DELIVERED,2026-08-26T13:56:06.259045,driver,D116,order_platform
EV-002470,O00843,ORDER_CREATED,2026-08-02T21:49:00,customer,C0439,order_platform
EV-002471,O00843,PICKED_UP,2026-08-02T22:19:43.603646,driver,D100,order_platform
EV-002472,O00843,DELIVERED,2026-08-02T22:51:10.627848,driver,D100,order_platform
EV-002473,O00844,ORDER_CREATED,2026-08-25T12:38:00,customer,C0588,order_platform
EV-002474,O00844,PICKED_UP,2026-08-25T13:13:47.011384,driver,D099,order_platform
EV-002475,O00844,DELIVERED,2026-08-25T13:46:40.829338,driver,D099,order_platform
EV-002476,O00845,ORDER_CREATED,2026-08-16T18:24:00,customer,C0597,order_platform
EV-002477,O00845,PICKED_UP,2026-08-16T18:56:30.208177,driver,D077,order_platform
EV-002478,O00845,DELIVERED,2026-08-16T19:22:52.966966,driver,D077,order_platform
EV-002479,O00846,ORDER_CREATED,2026-08-18T18:40:00,customer,C0140,order_platform
EV-002480,O00846,PICKED_UP,2026-08-18T19:04:29.753529,driver,D082,order_platform
EV-002481,O00846,DELIVERED,2026-08-18T19:45:04.036445,driver,D082,order_platform
EV-002482,O00847,ORDER_CREATED,2026-08-17T19:17:00,customer,C0481,order_platform
EV-002483,O00847,PICKED_UP,2026-08-17T19:45:15.416585,driver,D035,order_platform
EV-002484,O00847,DELIVERED,2026-08-17T20:16:15.230207,driver,D035,order_platform
EV-002485,O00848,ORDER_CREATED,2026-08-17T13:46:00,customer,C0682,order_platform
EV-002486,O00848,PICKED_UP,2026-08-17T14:09:18.117199,driver,D043,order_platform
EV-002487,O00848,DELIVERED,2026-08-17T15:03:22.390052,driver,D043,order_platform
EV-002488,O00849,ORDER_CREATED,2026-08-20T12:07:00,customer,C0739,order_platform
EV-002489,O00849,PICKED_UP,2026-08-20T12:36:21.256784,driver,D117,order_platform
EV-002490,O00849,DELIVERED,2026-08-20T13:45:22.878021,driver,D117,order_platform
EV-002491,O00850,ORDER_CREATED,2026-08-16T18:20:00,customer,C0412,order_platform
EV-002492,O00850,PICKED_UP,2026-08-16T18:43:30.654506,driver,D002,order_platform
EV-002493,O00850,DELIVERED,2026-08-16T19:11:36.841928,driver,D002,order_platform
EV-002494,O00851,ORDER_CREATED,2026-08-07T11:42:00,customer,C0584,order_platform
EV-002495,O00851,PICKED_UP,2026-08-07T11:57:42.201732,driver,D083,order_platform
EV-002496,O00851,DELIVERED,2026-08-07T12:42:31.839199,driver,D083,order_platform
EV-002497,O00852,ORDER_CREATED,2026-08-08T13:52:00,customer,C0808,order_platform
EV-002498,O00852,PICKED_UP,2026-08-08T14:35:44.206558,driver,D118,order_platform
EV-002499,O00852,DELIVERED,2026-08-08T15:23:48.566562,driver,D118,order_platform
EV-002500,O00853,ORDER_CREATED,2026-08-04T11:42:00,customer,C0335,order_platform
EV-002501,O00853,PICKED_UP,2026-08-04T12:11:53.817080,driver,D036,order_platform
EV-002502,O00853,DELIVERED,2026-08-04T12:45:05.247031,driver,D036,order_platform
EV-002503,O00854,ORDER_CREATED,2026-08-22T18:50:00,customer,C0575,order_platform
EV-002504,O00854,PICKED_UP,2026-08-22T19:33:11.908823,driver,D094,order_platform
EV-002505,O00854,DELIVERED,2026-08-22T20:27:37.081650,driver,D094,order_platform
EV-002506,O00855,ORDER_CREATED,2026-08-23T16:14:00,customer,C0377,order_platform
EV-002507,O00855,PICKED_UP,2026-08-23T16:36:22.864159,driver,D059,order_platform
EV-002508,O00855,DELIVERED,2026-08-23T17:34:28.591437,driver,D059,order_platform
EV-002509,O00856,ORDER_CREATED,2026-08-03T18:22:00,customer,C0735,order_platform
EV-002510,O00856,PICKED_UP,2026-08-03T18:42:04.921679,driver,D086,order_platform
EV-002511,O00856,DELIVERED,2026-08-03T19:19:34.964724,driver,D086,order_platform
EV-002512,O00857,ORDER_CREATED,2026-08-23T18:16:00,customer,C0244,order_platform
EV-002513,O00857,PICKED_UP,2026-08-23T18:47:20.041957,driver,D088,order_platform
EV-002514,O00857,DELIVERED,2026-08-23T19:39:46.767632,driver,D088,order_platform
EV-002515,O00858,ORDER_CREATED,2026-08-02T18:50:00,customer,C0528,order_platform
EV-002516,O00858,PICKED_UP,2026-08-02T19:09:59.566241,driver,D008,order_platform
EV-002517,O00858,DELIVERED,2026-08-02T20:13:45.040736,driver,D008,order_platform
EV-002518,O00859,ORDER_CREATED,2026-08-09T20:11:00,customer,C0841,order_platform
EV-002519,O00859,PICKED_UP,2026-08-09T20:28:21.873701,driver,D059,order_platform
EV-002520,O00859,DELIVERED,2026-08-09T21:00:09.009957,driver,D059,order_platform
EV-002521,O00860,ORDER_CREATED,2026-08-17T21:25:00,customer,C0518,order_platform
EV-002522,O00860,PICKED_UP,2026-08-17T21:43:14.347813,driver,D113,order_platform
EV-002523,O00860,DELIVERED,2026-08-17T22:09:38.345727,driver,D113,order_platform
EV-002524,O00861,ORDER_CREATED,2026-08-03T23:08:00,customer,C0183,order_platform
EV-002525,O00861,PICKED_UP,2026-08-03T23:35:57.627446,driver,D058,order_platform
EV-002526,O00861,DELIVERED,2026-08-04T00:18:15.808052,driver,D058,order_platform
EV-002527,O00862,ORDER_CREATED,2026-08-09T18:26:00,customer,C0067,order_platform
EV-002528,O00862,PICKED_UP,2026-08-09T19:16:31.622000,driver,D096,order_platform
EV-002529,O00862,DELIVERED,2026-08-09T20:05:24.298945,driver,D096,order_platform
EV-002530,O00863,ORDER_CREATED,2026-08-25T19:09:00,customer,C0657,order_platform
EV-002531,O00863,PICKED_UP,2026-08-25T19:34:44.852623,driver,D103,order_platform
EV-002532,O00863,DELIVERED,2026-08-25T20:22:30.421397,driver,D103,order_platform
EV-002533,O00864,ORDER_CREATED,2026-08-15T13:03:00,customer,C0237,order_platform
EV-002534,O00864,PICKED_UP,2026-08-15T13:29:13.485953,driver,D076,order_platform
EV-002535,O00864,DELIVERED,2026-08-15T14:08:23.327115,driver,D076,order_platform
EV-002536,O00865,ORDER_CREATED,2026-08-28T21:04:00,customer,C0272,order_platform
EV-002537,O00865,PICKED_UP,2026-08-28T21:18:41.788656,driver,D036,order_platform
EV-002538,O00865,DELIVERED,2026-08-28T22:10:01.532718,driver,D036,order_platform
EV-002539,O00866,ORDER_CREATED,2026-08-11T20:29:00,customer,C0342,order_platform
EV-002540,O00866,PICKED_UP,2026-08-11T20:45:42.202426,driver,D119,order_platform
EV-002541,O00866,DELIVERED,2026-08-11T21:32:27.228041,driver,D119,order_platform
EV-002542,O00867,ORDER_CREATED,2026-08-24T18:04:00,customer,C0587,order_platform
EV-002543,O00867,PICKED_UP,2026-08-24T18:27:22.899075,driver,D100,order_platform
EV-002544,O00867,DELIVERED,2026-08-24T19:05:40.020409,driver,D100,order_platform
EV-002545,O00868,ORDER_CREATED,2026-08-02T11:00:00,customer,C0881,order_platform
EV-002546,O00868,PICKED_UP,2026-08-02T11:24:19.405504,driver,D008,order_platform
EV-002547,O00868,DELIVERED,2026-08-02T12:32:22.041184,driver,D008,order_platform
EV-002548,O00869,ORDER_CREATED,2026-08-09T20:50:00,customer,C0519,order_platform
EV-002549,O00869,PICKED_UP,2026-08-09T21:14:55.116533,driver,D010,order_platform
EV-002550,O00869,DELIVERED,2026-08-09T21:58:01.471632,driver,D010,order_platform
EV-002551,O00870,ORDER_CREATED,2026-08-27T20:40:00,customer,C0166,order_platform
EV-002552,O00870,PICKED_UP,2026-08-27T21:05:06.874847,driver,D043,order_platform
EV-002553,O00870,DELIVERED,2026-08-27T22:01:01.794127,driver,D043,order_platform
EV-002554,O00871,ORDER_CREATED,2026-08-17T16:46:00,customer,C0621,order_platform
EV-002555,O00871,PICKED_UP,2026-08-17T17:02:26.061448,driver,D092,order_platform
EV-002556,O00871,DELIVERED,2026-08-17T18:04:22.619317,driver,D092,order_platform
EV-002557,O00872,ORDER_CREATED,2026-08-18T18:26:00,customer,C0139,order_platform
EV-002558,O00872,PICKED_UP,2026-08-18T18:57:50.599690,driver,D114,order_platform
EV-002559,O00872,DELIVERED,2026-08-18T19:48:35.861226,driver,D114,order_platform
EV-002560,O00873,ORDER_CREATED,2026-08-05T17:01:00,customer,C0301,order_platform
EV-002561,O00873,PICKED_UP,2026-08-05T17:20:52.733979,driver,D010,order_platform
EV-002562,O00873,DELIVERED,2026-08-05T17:56:08.815245,driver,D010,order_platform
EV-002563,O00874,ORDER_CREATED,2026-08-06T19:37:00,customer,C0133,order_platform
EV-002564,O00874,PICKED_UP,2026-08-06T20:31:50.915352,driver,D008,order_platform
EV-002565,O00874,DELIVERED,2026-08-06T21:19:29.735858,driver,D008,order_platform
EV-002566,O00875,ORDER_CREATED,2026-08-10T23:23:00,customer,C0356,order_platform
EV-002567,O00875,PICKED_UP,2026-08-10T23:57:33.888524,driver,D069,order_platform
EV-002568,O00875,DELIVERED,2026-08-11T00:32:44.542189,driver,D069,order_platform
EV-002569,O00876,ORDER_CREATED,2026-08-27T22:50:00,customer,C0754,order_platform
EV-002570,O00876,PICKED_UP,2026-08-27T23:06:04.179160,driver,D095,order_platform
EV-002571,O00876,DELIVERED,2026-08-27T23:48:45.962206,driver,D095,order_platform
EV-002572,O00877,ORDER_CREATED,2026-08-20T14:18:00,customer,C0612,order_platform
EV-002573,O00877,PICKED_UP,2026-08-20T14:42:07.350378,driver,D073,order_platform
EV-002574,O00877,DELIVERED,2026-08-20T15:26:50.368469,driver,D073,order_platform
EV-002575,O00878,ORDER_CREATED,2026-08-07T15:09:00,customer,C0815,order_platform
EV-002576,O00878,PICKED_UP,2026-08-07T15:48:13.445935,driver,D030,order_platform
EV-002577,O00878,DELIVERED,2026-08-07T16:17:37.155106,driver,D030,order_platform
EV-002578,O00879,ORDER_CREATED,2026-08-21T19:42:00,customer,C0049,order_platform
EV-002579,O00879,PICKED_UP,2026-08-21T20:10:28.445315,driver,D005,order_platform
EV-002580,O00879,DELIVERED,2026-08-21T20:56:45.964326,driver,D005,order_platform
EV-002581,O00880,ORDER_CREATED,2026-08-09T17:52:00,customer,C0345,order_platform
EV-002582,O00880,PICKED_UP,2026-08-09T18:15:45.666363,driver,D038,order_platform
EV-002583,O00880,DELIVERED,2026-08-09T18:53:59.606120,driver,D038,order_platform
EV-002584,O00881,ORDER_CREATED,2026-08-14T12:56:00,customer,C0641,order_platform
EV-002585,O00881,PICKED_UP,2026-08-14T13:29:05.025079,driver,D009,order_platform
EV-002586,O00881,DELIVERED,2026-08-14T14:29:15.196188,driver,D009,order_platform
EV-002587,O00882,ORDER_CREATED,2026-08-26T19:21:00,customer,C0155,order_platform
EV-002588,O00882,PICKED_UP,2026-08-26T19:41:56.185161,driver,D104,order_platform
EV-002589,O00882,DELIVERED,2026-08-26T20:33:05.772625,driver,D104,order_platform
EV-002590,O00883,ORDER_CREATED,2026-08-15T23:37:00,customer,C0769,order_platform
EV-002591,O00883,PICKED_UP,2026-08-16T00:07:31.753897,driver,D032,order_platform
EV-002592,O00883,DELIVERED,2026-08-16T00:35:31.174890,driver,D032,order_platform
EV-002593,O00884,ORDER_CREATED,2026-08-19T14:16:00,customer,C0177,order_platform
EV-002594,O00884,PICKED_UP,2026-08-19T14:53:46.243018,driver,D011,order_platform
EV-002595,O00884,DELIVERED,2026-08-19T15:35:21.381588,driver,D011,order_platform
EV-002596,O00885,ORDER_CREATED,2026-08-18T20:34:00,customer,C0316,order_platform
EV-002597,O00885,PICKED_UP,2026-08-18T20:53:29.589466,driver,D078,order_platform
EV-002598,O00885,DELIVERED,2026-08-18T21:45:28.988525,driver,D078,order_platform
EV-002599,O00886,ORDER_CREATED,2026-08-28T14:24:00,customer,C0282,order_platform
EV-002600,O00886,PICKED_UP,2026-08-28T14:42:29.214162,driver,D085,order_platform
EV-002601,O00886,DELIVERED,2026-08-28T15:35:47.311797,driver,D085,order_platform
EV-002602,O00887,ORDER_CREATED,2026-08-10T19:26:00,customer,C0579,order_platform
EV-002603,O00887,PICKED_UP,2026-08-10T19:51:40.676427,driver,D044,order_platform
EV-002604,O00887,DELIVERED,2026-08-10T20:38:51.484045,driver,D044,order_platform
EV-002605,O00888,ORDER_CREATED,2026-08-08T12:49:00,customer,C0774,order_platform
EV-002606,O00888,PICKED_UP,2026-08-08T13:15:59.428158,driver,D086,order_platform
EV-002607,O00888,DELIVERED,2026-08-08T14:18:26.668317,driver,D086,order_platform
EV-002608,O00889,ORDER_CREATED,2026-08-13T20:34:00,customer,C0035,order_platform
EV-002609,O00889,PICKED_UP,2026-08-13T20:56:29.200377,driver,D050,order_platform
EV-002610,O00889,DELIVERED,2026-08-13T21:57:13.014797,driver,D050,order_platform
EV-002611,O00890,ORDER_CREATED,2026-08-25T19:01:00,customer,C0883,order_platform
EV-002612,O00890,PICKED_UP,2026-08-25T19:16:59.209476,driver,D021,order_platform
EV-002613,O00890,DELIVERED,2026-08-25T20:11:29.181119,driver,D021,order_platform
EV-002614,O00891,ORDER_CREATED,2026-08-22T22:49:00,customer,C0733,order_platform
EV-002615,O00891,PICKED_UP,2026-08-22T23:12:51.902718,driver,D040,order_platform
EV-002616,O00891,DELIVERED,2026-08-22T23:56:47.317381,driver,D040,order_platform
EV-002617,O00892,ORDER_CREATED,2026-08-21T17:47:00,customer,C0385,order_platform
EV-002618,O00892,PICKED_UP,2026-08-21T18:26:09.674686,driver,D054,order_platform
EV-002619,O00892,DELIVERED,2026-08-21T19:33:40.281369,driver,D054,order_platform
EV-002620,O00893,ORDER_CREATED,2026-08-08T16:52:00,customer,C0556,order_platform
EV-002621,O00893,PICKED_UP,2026-08-08T17:43:55.003435,driver,D081,order_platform
EV-002622,O00893,DELIVERED,2026-08-08T18:25:17.031993,driver,D081,order_platform
EV-002623,O00894,ORDER_CREATED,2026-08-14T11:18:00,customer,C0875,order_platform
EV-002624,O00894,PICKED_UP,2026-08-14T11:49:29.819041,driver,D020,order_platform
EV-002625,O00894,DELIVERED,2026-08-14T12:29:23.728062,driver,D020,order_platform
EV-002626,O00895,ORDER_CREATED,2026-08-03T14:17:00,customer,C0346,order_platform
EV-002627,O00895,PICKED_UP,2026-08-03T14:42:13.162687,driver,D068,order_platform
EV-002628,O00895,DELIVERED,2026-08-03T15:16:40.717322,driver,D068,order_platform
EV-002629,O00896,ORDER_CREATED,2026-08-14T12:21:00,customer,C0653,order_platform
EV-002630,O00896,PICKED_UP,2026-08-14T13:15:49.285212,driver,D001,order_platform
EV-002631,O00896,DELIVERED,2026-08-14T14:00:22.095090,driver,D001,order_platform
EV-002632,O00897,ORDER_CREATED,2026-08-18T21:15:00,customer,C0149,order_platform
EV-002633,O00897,PICKED_UP,2026-08-18T21:35:03.529951,driver,D070,order_platform
EV-002634,O00897,DELIVERED,2026-08-18T22:24:19.611152,driver,D070,order_platform
EV-002635,O00898,ORDER_CREATED,2026-08-09T18:46:00,customer,C0680,order_platform
EV-002636,O00898,PICKED_UP,2026-08-09T19:15:21.344760,driver,D046,order_platform
EV-002637,O00898,DELIVERED,2026-08-09T20:01:37.346141,driver,D046,order_platform
EV-002638,O00899,ORDER_CREATED,2026-08-14T15:38:00,customer,C0577,order_platform
EV-002639,O00899,PICKED_UP,2026-08-14T16:03:00.914580,driver,D093,order_platform
EV-002640,O00899,DELIVERED,2026-08-14T17:00:11.093410,driver,D093,order_platform
EV-002641,O00900,ORDER_CREATED,2026-08-24T11:04:00,customer,C0106,order_platform
EV-002642,O00900,PICKED_UP,2026-08-24T11:25:34.205756,driver,D066,order_platform
EV-002643,O00900,DELIVERED,2026-08-24T12:25:10.238259,driver,D066,order_platform
EV-002644,O00901,ORDER_CREATED,2026-08-28T17:26:00,customer,C0629,order_platform
EV-002645,O00901,PICKED_UP,2026-08-28T17:55:39.325212,driver,D100,order_platform
EV-002646,O00901,DELIVERED,2026-08-28T18:43:35.316572,driver,D100,order_platform
EV-002647,O00902,ORDER_CREATED,2026-08-09T11:29:00,customer,C0381,order_platform
EV-002648,O00902,PICKED_UP,2026-08-09T11:53:35.047998,driver,D069,order_platform
EV-002649,O00902,DELIVERED,2026-08-09T12:22:12.015363,driver,D069,order_platform
EV-002650,O00903,ORDER_CREATED,2026-08-03T19:22:00,customer,C0631,order_platform
EV-002651,O00903,PICKED_UP,2026-08-03T19:51:14.447217,driver,D010,order_platform
EV-002652,O00903,DELIVERED,2026-08-03T20:37:53.421810,driver,D010,order_platform
EV-002653,O00904,ORDER_CREATED,2026-08-08T23:35:00,customer,C0311,order_platform
EV-002654,O00904,PICKED_UP,2026-08-09T00:21:31.303143,driver,D088,order_platform
EV-002655,O00904,DELIVERED,2026-08-09T01:06:12.757872,driver,D088,order_platform
EV-002656,O00905,ORDER_CREATED,2026-08-04T15:18:00,customer,C0664,order_platform
EV-002657,O00905,PICKED_UP,2026-08-04T15:48:07.415195,driver,D023,order_platform
EV-002658,O00905,DELIVERED,2026-08-04T16:40:48.665714,driver,D023,order_platform
EV-002659,O00906,ORDER_CREATED,2026-08-25T19:35:00,customer,C0203,order_platform
EV-002660,O00906,PICKED_UP,2026-08-25T20:08:26.805752,driver,D080,order_platform
EV-002661,O00906,DELIVERED,2026-08-25T20:53:29.750617,driver,D080,order_platform
EV-002662,O00907,ORDER_CREATED,2026-08-20T13:15:00,customer,C0631,order_platform
EV-002663,O00907,PICKED_UP,2026-08-20T13:24:36.707624,driver,D046,order_platform
EV-002664,O00907,DELIVERED,2026-08-20T13:55:11.360812,driver,D046,order_platform
EV-002665,O00908,ORDER_CREATED,2026-08-14T21:13:00,customer,C0459,order_platform
EV-002666,O00908,PICKED_UP,2026-08-14T21:25:31.034393,driver,D044,order_platform
EV-002667,O00908,DELIVERED,2026-08-14T22:08:55.755524,driver,D044,order_platform
EV-002668,O00909,ORDER_CREATED,2026-08-19T17:17:00,customer,C0697,order_platform
EV-002669,O00909,PICKED_UP,2026-08-19T17:57:51.008216,driver,D048,order_platform
EV-002670,O00909,DELIVERED,2026-08-19T19:03:00.986423,driver,D048,order_platform
EV-002671,O00910,ORDER_CREATED,2026-08-27T18:13:00,customer,C0464,order_platform
EV-002672,O00910,PICKED_UP,2026-08-27T18:42:49.058441,driver,D106,order_platform
EV-002673,O00911,ORDER_CREATED,2026-08-01T19:12:00,customer,C0396,order_platform
EV-002674,O00911,PICKED_UP,2026-08-01T19:29:50.578659,driver,D055,order_platform
EV-002675,O00911,DELIVERED,2026-08-01T19:50:16.359030,driver,D055,order_platform
EV-002676,O00912,ORDER_CREATED,2026-08-21T20:48:00,customer,C0141,order_platform
EV-002677,O00912,PICKED_UP,2026-08-21T21:32:19.043090,driver,D029,order_platform
EV-002678,O00913,ORDER_CREATED,2026-08-08T19:10:00,customer,C0692,order_platform
EV-002679,O00913,PICKED_UP,2026-08-08T19:25:54.262575,driver,D028,order_platform
EV-002680,O00913,DELIVERED,2026-08-08T20:13:41.763931,driver,D028,order_platform
EV-002681,O00914,ORDER_CREATED,2026-08-07T22:27:00,customer,C0281,order_platform
EV-002682,O00914,PICKED_UP,2026-08-07T22:52:43.990541,driver,D022,order_platform
EV-002683,O00914,DELIVERED,2026-08-07T23:48:57.849507,driver,D022,order_platform
EV-002684,O00915,ORDER_CREATED,2026-08-04T20:08:00,customer,C0827,order_platform
EV-002685,O00915,PICKED_UP,2026-08-04T20:27:51.211454,driver,D115,order_platform
EV-002686,O00915,DELIVERED,2026-08-04T21:24:40.009352,driver,D115,order_platform
EV-002687,O00916,ORDER_CREATED,2026-08-02T18:38:00,customer,C0082,order_platform
EV-002688,O00916,PICKED_UP,2026-08-02T19:17:27.622241,driver,D088,order_platform
EV-002689,O00916,DELIVERED,2026-08-02T20:04:25.336872,driver,D088,order_platform
EV-002690,O00917,ORDER_CREATED,2026-08-17T13:28:00,customer,C0531,order_platform
EV-002691,O00917,PICKED_UP,2026-08-17T13:50:59.936796,driver,D111,order_platform
EV-002692,O00917,DELIVERED,2026-08-17T14:34:54.491923,driver,D111,order_platform
EV-002693,O00918,ORDER_CREATED,2026-08-23T11:51:00,customer,C0694,order_platform
EV-002694,O00918,PICKED_UP,2026-08-23T11:58:59.039467,driver,D005,order_platform
EV-002695,O00918,DELIVERED,2026-08-23T12:52:49.800003,driver,D005,order_platform
EV-002696,O00919,ORDER_CREATED,2026-08-21T17:50:00,customer,C0698,order_platform
EV-002697,O00919,PICKED_UP,2026-08-21T18:15:18.974724,driver,D061,order_platform
EV-002698,O00919,DELIVERED,2026-08-21T18:55:52.875706,driver,D061,order_platform
EV-002699,O00920,ORDER_CREATED,2026-08-18T18:31:00,customer,C0520,order_platform
EV-002700,O00920,PICKED_UP,2026-08-18T19:06:57.935930,driver,D075,order_platform
EV-002701,O00920,DELIVERED,2026-08-18T19:44:23.256844,driver,D075,order_platform
EV-002702,O00921,ORDER_CREATED,2026-08-09T21:24:00,customer,C0403,order_platform
EV-002703,O00921,PICKED_UP,2026-08-09T21:46:37.235222,driver,D043,order_platform
EV-002704,O00921,DELIVERED,2026-08-09T22:19:45.866925,driver,D043,order_platform
EV-002705,O00922,ORDER_CREATED,2026-08-10T20:50:00,customer,C0316,order_platform
EV-002706,O00922,PICKED_UP,2026-08-10T21:25:33.528774,driver,D041,order_platform
EV-002707,O00922,DELIVERED,2026-08-10T22:12:01.457805,driver,D041,order_platform
EV-002708,O00923,ORDER_CREATED,2026-08-28T22:11:00,customer,C0426,order_platform
EV-002709,O00923,PICKED_UP,2026-08-28T22:27:00.325850,driver,D097,order_platform
EV-002710,O00923,DELIVERED,2026-08-28T23:10:01.755244,driver,D097,order_platform
EV-002711,O00924,ORDER_CREATED,2026-08-08T18:24:00,customer,C0674,order_platform
EV-002712,O00924,PICKED_UP,2026-08-08T18:49:29.498545,driver,D114,order_platform
EV-002713,O00924,DELIVERED,2026-08-08T19:45:49.739067,driver,D114,order_platform
EV-002714,O00925,ORDER_CREATED,2026-08-10T17:10:00,customer,C0896,order_platform
EV-002715,O00925,PICKED_UP,2026-08-10T17:40:22.871461,driver,D048,order_platform
EV-002716,O00925,DELIVERED,2026-08-10T18:34:33.794477,driver,D048,order_platform
EV-002717,O00926,ORDER_CREATED,2026-08-21T17:22:00,customer,C0462,order_platform
EV-002718,O00926,PICKED_UP,2026-08-21T17:39:31.861459,driver,D098,order_platform
EV-002719,O00926,DELIVERED,2026-08-21T18:46:53.310715,driver,D098,order_platform
EV-002720,O00927,ORDER_CREATED,2026-08-01T19:30:00,customer,C0705,order_platform
EV-002721,O00927,PICKED_UP,2026-08-01T19:55:28.070556,driver,D106,order_platform
EV-002722,O00927,DELIVERED,2026-08-01T20:28:48.650446,driver,D106,order_platform
EV-002723,O00928,ORDER_CREATED,2026-08-17T18:53:00,customer,C0249,order_platform
EV-002724,O00928,PICKED_UP,2026-08-17T19:25:58.392322,driver,D056,order_platform
EV-002725,O00928,DELIVERED,2026-08-17T20:30:29.772368,driver,D056,order_platform
EV-002726,O00929,ORDER_CREATED,2026-08-07T22:13:00,customer,C0859,order_platform
EV-002727,O00929,PICKED_UP,2026-08-07T22:26:13.383789,driver,D094,order_platform
EV-002728,O00929,DELIVERED,2026-08-07T23:14:54.509048,driver,D094,order_platform
EV-002729,O00930,ORDER_CREATED,2026-08-15T18:46:00,customer,C0220,order_platform
EV-002730,O00930,PICKED_UP,2026-08-15T19:36:31.818799,driver,D120,order_platform
EV-002731,O00930,DELIVERED,2026-08-15T20:19:42.080527,driver,D120,order_platform
EV-002732,O00931,ORDER_CREATED,2026-08-03T22:58:00,customer,C0388,order_platform
EV-002733,O00931,PICKED_UP,2026-08-03T23:18:00.013146,driver,D087,order_platform
EV-002734,O00931,DELIVERED,2026-08-04T00:06:19.307256,driver,D087,order_platform
EV-002735,O00932,ORDER_CREATED,2026-08-27T11:51:00,customer,C0454,order_platform
EV-002736,O00932,PICKED_UP,2026-08-27T12:18:36.015414,driver,D071,order_platform
EV-002737,O00932,DELIVERED,2026-08-27T13:02:17.700334,driver,D071,order_platform
EV-002738,O00933,ORDER_CREATED,2026-08-20T12:46:00,customer,C0645,order_platform
EV-002739,O00933,PICKED_UP,2026-08-20T13:10:01.418201,driver,D010,order_platform
EV-002740,O00933,DELIVERED,2026-08-20T14:08:46.929272,driver,D010,order_platform
EV-002741,O00934,ORDER_CREATED,2026-08-21T20:18:00,customer,C0761,order_platform
EV-002742,O00934,PICKED_UP,2026-08-21T20:50:24.075543,driver,D117,order_platform
EV-002743,O00934,DELIVERED,2026-08-21T21:38:25.193680,driver,D117,order_platform
EV-002744,O00935,ORDER_CREATED,2026-08-03T15:17:00,customer,C0094,order_platform
EV-002745,O00935,PICKED_UP,2026-08-03T15:47:25.208803,driver,D060,order_platform
EV-002746,O00935,DELIVERED,2026-08-03T16:15:47.593295,driver,D060,order_platform
EV-002747,O00936,ORDER_CREATED,2026-08-25T20:15:00,customer,C0767,order_platform
EV-002748,O00936,PICKED_UP,2026-08-25T20:42:30.754239,driver,D068,order_platform
EV-002749,O00936,DELIVERED,2026-08-25T21:30:43.188479,driver,D068,order_platform
EV-002750,O00937,ORDER_CREATED,2026-08-28T23:33:00,customer,C0889,order_platform
EV-002751,O00937,PICKED_UP,2026-08-28T23:54:28.597113,driver,D054,order_platform
EV-002752,O00937,DELIVERED,2026-08-29T00:39:43.777639,driver,D054,order_platform
EV-002753,O00938,ORDER_CREATED,2026-08-11T17:52:00,customer,C0321,order_platform
EV-002754,O00938,PICKED_UP,2026-08-11T18:15:40.657672,driver,D119,order_platform
EV-002755,O00938,DELIVERED,2026-08-11T19:00:57.561680,driver,D119,order_platform
EV-002756,O00939,ORDER_CREATED,2026-08-18T11:33:00,customer,C0415,order_platform
EV-002757,O00939,PICKED_UP,2026-08-18T12:07:21.023050,driver,D081,order_platform
EV-002758,O00939,DELIVERED,2026-08-18T13:16:37.480128,driver,D081,order_platform
EV-002759,O00940,ORDER_CREATED,2026-08-02T12:23:00,customer,C0404,order_platform
EV-002760,O00940,PICKED_UP,2026-08-02T13:00:06.026978,driver,D050,order_platform
EV-002761,O00940,DELIVERED,2026-08-02T13:44:50.834107,driver,D050,order_platform
EV-002762,O00941,ORDER_CREATED,2026-08-09T19:10:00,customer,C0826,order_platform
EV-002763,O00941,PICKED_UP,2026-08-09T19:48:57.976221,driver,D002,order_platform
EV-002764,O00941,DELIVERED,2026-08-09T20:26:41.904963,driver,D002,order_platform
EV-002765,O00942,ORDER_CREATED,2026-08-21T22:15:00,customer,C0834,order_platform
EV-002766,O00942,PICKED_UP,2026-08-21T22:38:27.910246,driver,D025,order_platform
EV-002767,O00942,DELIVERED,2026-08-21T23:04:04.667779,driver,D025,order_platform
EV-002768,O00943,ORDER_CREATED,2026-08-08T16:09:00,customer,C0063,order_platform
EV-002769,O00943,PICKED_UP,2026-08-08T16:35:07.654140,driver,D105,order_platform
EV-002770,O00943,DELIVERED,2026-08-08T17:31:53.980700,driver,D105,order_platform
EV-002771,O00944,ORDER_CREATED,2026-08-10T18:46:00,customer,C0276,order_platform
EV-002772,O00944,PICKED_UP,2026-08-10T19:07:29.909754,driver,D115,order_platform
EV-002773,O00944,DELIVERED,2026-08-10T19:26:43.171400,driver,D115,order_platform
EV-002774,O00945,ORDER_CREATED,2026-08-27T11:22:00,customer,C0309,order_platform
EV-002775,O00945,PICKED_UP,2026-08-27T12:06:10.185039,driver,D015,order_platform
EV-002776,O00945,DELIVERED,2026-08-27T13:13:42.369252,driver,D015,order_platform
EV-002777,O00946,ORDER_CREATED,2026-08-18T17:24:00,customer,C0815,order_platform
EV-002778,O00946,PICKED_UP,2026-08-18T17:40:28.298049,driver,D092,order_platform
EV-002779,O00946,DELIVERED,2026-08-18T18:28:10.688777,driver,D092,order_platform
EV-002780,O00947,ORDER_CREATED,2026-08-07T20:25:00,customer,C0814,order_platform
EV-002781,O00947,PICKED_UP,2026-08-07T20:54:35.484502,driver,D091,order_platform
EV-002782,O00947,DELIVERED,2026-08-07T21:49:06.516180,driver,D091,order_platform
EV-002783,O00948,ORDER_CREATED,2026-08-20T17:56:00,customer,C0345,order_platform
EV-002784,O00948,PICKED_UP,2026-08-20T18:40:54.640680,driver,D040,order_platform
EV-002785,O00948,DELIVERED,2026-08-20T19:15:33.413404,driver,D040,order_platform
EV-002786,O00949,ORDER_CREATED,2026-08-17T11:41:00,customer,C0265,order_platform
EV-002787,O00949,PICKED_UP,2026-08-17T11:56:10.130664,driver,D093,order_platform
EV-002788,O00949,DELIVERED,2026-08-17T12:22:57.374211,driver,D093,order_platform
EV-002789,O00950,ORDER_CREATED,2026-08-09T11:31:00,customer,C0070,order_platform
EV-002790,O00950,PICKED_UP,2026-08-09T12:01:55.702225,driver,D020,order_platform
EV-002791,O00950,DELIVERED,2026-08-09T12:55:17.477630,driver,D020,order_platform
EV-002792,O00951,ORDER_CREATED,2026-08-28T18:40:00,customer,C0077,order_platform
EV-002793,O00951,PICKED_UP,2026-08-28T19:01:47.707494,driver,D022,order_platform
EV-002794,O00951,DELIVERED,2026-08-28T19:33:34.625091,driver,D022,order_platform
EV-002795,O00952,ORDER_CREATED,2026-08-05T22:20:00,customer,C0218,order_platform
EV-002796,O00952,PICKED_UP,2026-08-05T22:53:48.127969,driver,D114,order_platform
EV-002797,O00952,DELIVERED,2026-08-05T23:50:06.485747,driver,D114,order_platform
EV-002798,O00953,ORDER_CREATED,2026-08-13T12:48:00,customer,C0773,order_platform
EV-002799,O00953,PICKED_UP,2026-08-13T12:59:45.454139,driver,D002,order_platform
EV-002800,O00953,DELIVERED,2026-08-13T13:24:18.376963,driver,D002,order_platform
EV-002801,O00954,ORDER_CREATED,2026-08-10T15:03:00,customer,C0217,order_platform
EV-002802,O00954,PICKED_UP,2026-08-10T15:43:08.608842,driver,D050,order_platform
EV-002803,O00954,DELIVERED,2026-08-10T16:31:51.246018,driver,D050,order_platform
EV-002804,O00955,ORDER_CREATED,2026-08-09T21:25:00,customer,C0703,order_platform
EV-002805,O00955,PICKED_UP,2026-08-09T22:06:41.487359,driver,D078,order_platform
EV-002806,O00955,DELIVERED,2026-08-09T22:51:10.800754,driver,D078,order_platform
EV-002807,O00956,ORDER_CREATED,2026-08-19T18:11:00,customer,C0499,order_platform
EV-002808,O00956,PICKED_UP,2026-08-19T18:42:16.480735,driver,D001,order_platform
EV-002809,O00956,DELIVERED,2026-08-19T19:24:10.255263,driver,D001,order_platform
EV-002810,O00957,ORDER_CREATED,2026-08-04T21:11:00,customer,C0167,order_platform
EV-002811,O00957,PICKED_UP,2026-08-04T21:36:53.793723,driver,D018,order_platform
EV-002812,O00957,DELIVERED,2026-08-04T22:19:20.156067,driver,D018,order_platform
EV-002813,O00958,ORDER_CREATED,2026-08-28T22:15:00,customer,C0295,order_platform
EV-002814,O00958,PICKED_UP,2026-08-28T22:30:02.814286,driver,D031,order_platform
EV-002815,O00959,ORDER_CREATED,2026-08-18T13:42:00,customer,C0640,order_platform
EV-002816,O00959,PICKED_UP,2026-08-18T14:09:23.912701,driver,D064,order_platform
EV-002817,O00959,DELIVERED,2026-08-18T15:03:32.210787,driver,D064,order_platform
EV-002818,O00960,ORDER_CREATED,2026-08-19T13:04:00,customer,C0682,order_platform
EV-002819,O00960,PICKED_UP,2026-08-19T13:40:20.955898,driver,D062,order_platform
EV-002820,O00960,DELIVERED,2026-08-19T14:26:24.035836,driver,D062,order_platform
EV-002821,O00961,ORDER_CREATED,2026-08-28T11:10:00,customer,C0357,order_platform
EV-002822,O00961,PICKED_UP,2026-08-28T11:34:03.842723,driver,D029,order_platform
EV-002823,O00961,DELIVERED,2026-08-28T12:27:57.361488,driver,D029,order_platform
EV-002824,O00962,ORDER_CREATED,2026-08-11T21:39:00,customer,C0484,order_platform
EV-002825,O00962,PICKED_UP,2026-08-11T22:05:34.809144,driver,D072,order_platform
EV-002826,O00962,DELIVERED,2026-08-11T22:54:28.443560,driver,D072,order_platform
EV-002827,O00963,ORDER_CREATED,2026-08-16T13:49:00,customer,C0255,order_platform
EV-002828,O00963,PICKED_UP,2026-08-16T14:05:27.159039,driver,D100,order_platform
EV-002829,O00963,DELIVERED,2026-08-16T14:53:17.179377,driver,D100,order_platform
EV-002830,O00964,ORDER_CREATED,2026-08-23T21:53:00,customer,C0092,order_platform
EV-002831,O00964,PICKED_UP,2026-08-23T22:02:25.977426,driver,D080,order_platform
EV-002832,O00964,DELIVERED,2026-08-23T22:39:07.148659,driver,D080,order_platform
EV-002833,O00965,ORDER_CREATED,2026-08-23T15:01:00,customer,C0396,order_platform
EV-002834,O00965,PICKED_UP,2026-08-23T15:20:04.906157,driver,D026,order_platform
EV-002835,O00965,DELIVERED,2026-08-23T16:18:26.229890,driver,D026,order_platform
EV-002836,O00966,ORDER_CREATED,2026-08-06T20:21:00,customer,C0784,order_platform
EV-002837,O00966,PICKED_UP,2026-08-06T20:44:29.958553,driver,D112,order_platform
EV-002838,O00966,DELIVERED,2026-08-06T21:36:45.910869,driver,D112,order_platform
EV-002839,O00967,ORDER_CREATED,2026-08-19T21:50:00,customer,C0317,order_platform
EV-002840,O00967,PICKED_UP,2026-08-19T22:09:22.741115,driver,D024,order_platform
EV-002841,O00967,DELIVERED,2026-08-19T22:45:39.075386,driver,D024,order_platform
EV-002842,O00968,ORDER_CREATED,2026-08-11T20:59:00,customer,C0799,order_platform
EV-002843,O00968,PICKED_UP,2026-08-11T21:18:29.088234,driver,D101,order_platform
EV-002844,O00968,DELIVERED,2026-08-11T22:11:21.764935,driver,D101,order_platform
EV-002845,O00969,ORDER_CREATED,2026-08-23T17:23:00,customer,C0326,order_platform
EV-002846,O00969,PICKED_UP,2026-08-23T17:44:35.700747,driver,D096,order_platform
EV-002847,O00969,DELIVERED,2026-08-23T18:28:59.786797,driver,D096,order_platform
EV-002848,O00970,ORDER_CREATED,2026-08-22T21:52:00,customer,C0200,order_platform
EV-002849,O00970,PICKED_UP,2026-08-22T22:29:35.144310,driver,D119,order_platform
EV-002850,O00970,DELIVERED,2026-08-22T22:59:08.802273,driver,D119,order_platform
EV-002851,O00971,ORDER_CREATED,2026-08-13T16:20:00,customer,C0261,order_platform
EV-002852,O00971,PICKED_UP,2026-08-13T16:40:17.988763,driver,D079,order_platform
EV-002853,O00971,DELIVERED,2026-08-13T17:33:35.396453,driver,D079,order_platform
EV-002854,O00972,ORDER_CREATED,2026-08-11T11:39:00,customer,C0506,order_platform
EV-002855,O00972,PICKED_UP,2026-08-11T12:12:41.398634,driver,D022,order_platform
EV-002856,O00972,DELIVERED,2026-08-11T12:51:30.594031,driver,D022,order_platform
EV-002857,O00973,ORDER_CREATED,2026-08-04T19:33:00,customer,C0046,order_platform
EV-002858,O00973,PICKED_UP,2026-08-04T20:01:41.203903,driver,D001,order_platform
EV-002859,O00973,DELIVERED,2026-08-04T20:27:48.671877,driver,D001,order_platform
EV-002860,O00974,ORDER_CREATED,2026-08-25T17:03:00,customer,C0500,order_platform
EV-002861,O00974,PICKED_UP,2026-08-25T17:15:34.416125,driver,D106,order_platform
EV-002862,O00974,DELIVERED,2026-08-25T18:23:32.980052,driver,D106,order_platform
EV-002863,O00975,ORDER_CREATED,2026-08-21T17:37:00,customer,C0446,order_platform
EV-002864,O00975,PICKED_UP,2026-08-21T17:57:45.440257,driver,D072,order_platform
EV-002865,O00975,DELIVERED,2026-08-21T18:32:05.452631,driver,D072,order_platform
EV-002866,O00976,ORDER_CREATED,2026-08-14T23:01:00,customer,C0858,order_platform
EV-002867,O00976,PICKED_UP,2026-08-14T23:42:00.741035,driver,D034,order_platform
EV-002868,O00976,DELIVERED,2026-08-15T00:31:51.538796,driver,D034,order_platform
EV-002869,O00977,ORDER_CREATED,2026-08-27T12:20:00,customer,C0254,order_platform
EV-002870,O00977,PICKED_UP,2026-08-27T13:13:02.367831,driver,D016,order_platform
EV-002871,O00977,DELIVERED,2026-08-27T14:05:27.474032,driver,D016,order_platform
EV-002872,O00978,ORDER_CREATED,2026-08-23T18:31:00,customer,C0889,order_platform
EV-002873,O00978,PICKED_UP,2026-08-23T18:51:16.666830,driver,D104,order_platform
EV-002874,O00978,DELIVERED,2026-08-23T19:46:01.165664,driver,D104,order_platform
EV-002875,O00979,ORDER_CREATED,2026-08-24T19:58:00,customer,C0450,order_platform
EV-002876,O00979,PICKED_UP,2026-08-24T20:08:15.029397,driver,D038,order_platform
EV-002877,O00979,DELIVERED,2026-08-24T20:38:34.692361,driver,D038,order_platform
EV-002878,O00980,ORDER_CREATED,2026-08-27T19:40:00,customer,C0015,order_platform
EV-002879,O00980,PICKED_UP,2026-08-27T20:31:37.484111,driver,D016,order_platform
EV-002880,O00980,DELIVERED,2026-08-27T21:19:28.956202,driver,D016,order_platform
EV-002881,O00981,ORDER_CREATED,2026-08-22T18:50:00,customer,C0208,order_platform
EV-002882,O00981,PICKED_UP,2026-08-22T19:19:59.443622,driver,D094,order_platform
EV-002883,O00981,DELIVERED,2026-08-22T20:02:22.399277,driver,D094,order_platform
EV-002884,O00982,ORDER_CREATED,2026-08-17T20:54:00,customer,C0798,order_platform
EV-002885,O00982,PICKED_UP,2026-08-17T21:13:57.297300,driver,D067,order_platform
EV-002886,O00982,DELIVERED,2026-08-17T22:15:35.236687,driver,D067,order_platform
EV-002887,O00983,ORDER_CREATED,2026-08-15T19:12:00,customer,C0556,order_platform
EV-002888,O00983,PICKED_UP,2026-08-15T19:25:59.785734,driver,D044,order_platform
EV-002889,O00983,DELIVERED,2026-08-15T20:04:57.914455,driver,D044,order_platform
EV-002890,O00984,ORDER_CREATED,2026-08-07T20:56:00,customer,C0075,order_platform
EV-002891,O00984,PICKED_UP,2026-08-07T21:22:57.617823,driver,D053,order_platform
EV-002892,O00984,DELIVERED,2026-08-07T22:15:52.506467,driver,D053,order_platform
EV-002893,O00985,ORDER_CREATED,2026-08-26T19:57:00,customer,C0579,order_platform
EV-002894,O00985,PICKED_UP,2026-08-26T20:30:16.354201,driver,D071,order_platform
EV-002895,O00985,DELIVERED,2026-08-26T21:04:49.635612,driver,D071,order_platform
EV-002896,O00986,ORDER_CREATED,2026-08-26T22:31:00,customer,C0713,order_platform
EV-002897,O00986,PICKED_UP,2026-08-26T22:53:19.971787,driver,D056,order_platform
EV-002898,O00986,DELIVERED,2026-08-26T23:32:59.520668,driver,D056,order_platform
EV-002899,O00987,ORDER_CREATED,2026-08-17T22:46:00,customer,C0617,order_platform
EV-002900,O00987,PICKED_UP,2026-08-17T23:00:17.480757,driver,D056,order_platform
EV-002901,O00987,DELIVERED,2026-08-17T23:44:25.577751,driver,D056,order_platform
EV-002902,O00988,ORDER_CREATED,2026-08-04T13:23:00,customer,C0389,order_platform
EV-002903,O00988,PICKED_UP,2026-08-04T13:57:58.569651,driver,D063,order_platform
EV-002904,O00988,DELIVERED,2026-08-04T14:41:31.086690,driver,D063,order_platform
EV-002905,O00989,ORDER_CREATED,2026-08-24T20:56:00,customer,C0781,order_platform
EV-002906,O00989,PICKED_UP,2026-08-24T21:14:12.264571,driver,D113,order_platform
EV-002907,O00989,DELIVERED,2026-08-24T21:36:26.466375,driver,D113,order_platform
EV-002908,O00990,ORDER_CREATED,2026-08-19T21:36:00,customer,C0637,order_platform
EV-002909,O00990,PICKED_UP,2026-08-19T21:57:40.052569,driver,D066,order_platform
EV-002910,O00990,DELIVERED,2026-08-19T22:28:34.066850,driver,D066,order_platform
EV-002911,O00991,ORDER_CREATED,2026-08-19T20:42:00,customer,C0164,order_platform
EV-002912,O00991,PICKED_UP,2026-08-19T21:18:06.123295,driver,D001,order_platform
EV-002913,O00991,DELIVERED,2026-08-19T22:06:13.971000,driver,D001,order_platform
EV-002914,O00992,ORDER_CREATED,2026-08-04T13:03:00,customer,C0568,order_platform
EV-002915,O00992,PICKED_UP,2026-08-04T13:46:06.832195,driver,D022,order_platform
EV-002916,O00992,DELIVERED,2026-08-04T14:19:38.514741,driver,D022,order_platform
EV-002917,O00993,ORDER_CREATED,2026-08-04T13:11:00,customer,C0283,order_platform
EV-002918,O00993,PICKED_UP,2026-08-04T13:46:01.506150,driver,D081,order_platform
EV-002919,O00993,DELIVERED,2026-08-04T14:02:54.204601,driver,D081,order_platform
EV-002920,O00994,ORDER_CREATED,2026-08-11T14:00:00,customer,C0217,order_platform
EV-002921,O00994,PICKED_UP,2026-08-11T14:20:48.872255,driver,D112,order_platform
EV-002922,O00994,DELIVERED,2026-08-11T15:09:31.959713,driver,D112,order_platform
EV-002923,O00995,ORDER_CREATED,2026-08-22T17:33:00,customer,C0746,order_platform
EV-002924,O00995,PICKED_UP,2026-08-22T18:30:31.333726,driver,D040,order_platform
EV-002925,O00995,DELIVERED,2026-08-22T19:17:31.238213,driver,D040,order_platform
EV-002926,O00996,ORDER_CREATED,2026-08-26T20:41:00,customer,C0563,order_platform
EV-002927,O00996,PICKED_UP,2026-08-26T21:01:43.236508,driver,D050,order_platform
EV-002928,O00996,DELIVERED,2026-08-26T21:53:16.778036,driver,D050,order_platform
EV-002929,O00997,ORDER_CREATED,2026-08-14T22:35:00,customer,C0417,order_platform
EV-002930,O00997,PICKED_UP,2026-08-14T23:09:13.425045,driver,D063,order_platform
EV-002931,O00997,DELIVERED,2026-08-14T23:37:33.217826,driver,D063,order_platform
EV-002932,O00998,ORDER_CREATED,2026-08-16T15:10:00,customer,C0706,order_platform
EV-002933,O00998,PICKED_UP,2026-08-16T15:31:29.566377,driver,D107,order_platform
EV-002934,O00998,DELIVERED,2026-08-16T15:58:57.293678,driver,D107,order_platform
EV-002935,O00999,ORDER_CREATED,2026-08-28T13:56:00,customer,C0845,order_platform
EV-002936,O00999,PICKED_UP,2026-08-28T14:23:04.408734,driver,D032,order_platform
EV-002937,O00999,DELIVERED,2026-08-28T14:56:37.364735,driver,D032,order_platform
EV-002938,O01000,ORDER_CREATED,2026-08-26T16:04:00,customer,C0877,order_platform
EV-002939,O01000,PICKED_UP,2026-08-26T16:37:53.067514,driver,D063,order_platform
EV-002940,O01000,DELIVERED,2026-08-26T17:23:34.733888,driver,D063,order_platform
EV-002941,O01001,ORDER_CREATED,2026-08-15T17:07:00,customer,C0181,order_platform
EV-002942,O01001,PICKED_UP,2026-08-15T17:48:10.490470,driver,D013,order_platform
EV-002943,O01001,DELIVERED,2026-08-15T18:28:47.808559,driver,D013,order_platform
EV-002944,O01002,ORDER_CREATED,2026-08-03T18:27:00,customer,C0022,order_platform
EV-002945,O01002,PICKED_UP,2026-08-03T18:55:15.337282,driver,D098,order_platform
EV-002946,O01002,DELIVERED,2026-08-03T19:32:32.630051,driver,D098,order_platform
EV-002947,O01003,ORDER_CREATED,2026-08-15T12:32:00,customer,C0622,order_platform
EV-002948,O01003,PICKED_UP,2026-08-15T12:53:03.161074,driver,D069,order_platform
EV-002949,O01003,DELIVERED,2026-08-15T13:13:49.387835,driver,D069,order_platform
EV-002950,O01004,ORDER_CREATED,2026-08-01T11:27:00,customer,C0502,order_platform
EV-002951,O01004,PICKED_UP,2026-08-01T11:40:58.064267,driver,D028,order_platform
EV-002952,O01004,DELIVERED,2026-08-01T12:21:53.298595,driver,D028,order_platform
EV-002953,O01005,ORDER_CREATED,2026-08-26T21:12:00,customer,C0365,order_platform
EV-002954,O01005,PICKED_UP,2026-08-26T21:38:28.600392,driver,D046,order_platform
EV-002955,O01005,DELIVERED,2026-08-26T22:32:02.413758,driver,D046,order_platform
EV-002956,O01006,ORDER_CREATED,2026-08-08T20:44:00,customer,C0582,order_platform
EV-002957,O01006,PICKED_UP,2026-08-08T21:17:13.274938,driver,D093,order_platform
EV-002958,O01006,DELIVERED,2026-08-08T22:17:27.834470,driver,D093,order_platform
EV-002959,O01007,ORDER_CREATED,2026-08-22T18:58:00,customer,C0633,order_platform
EV-002960,O01007,PICKED_UP,2026-08-22T19:14:40.651780,driver,D049,order_platform
EV-002961,O01007,DELIVERED,2026-08-22T20:01:17.002680,driver,D049,order_platform
EV-002962,O01008,ORDER_CREATED,2026-08-02T15:38:00,customer,C0027,order_platform
EV-002963,O01008,PICKED_UP,2026-08-02T15:55:13.235750,driver,D058,order_platform
EV-002964,O01008,DELIVERED,2026-08-02T16:50:11.391252,driver,D058,order_platform
EV-002965,O01009,ORDER_CREATED,2026-08-22T12:26:00,customer,C0148,order_platform
EV-002966,O01009,PICKED_UP,2026-08-22T12:42:03.461668,driver,D097,order_platform
EV-002967,O01009,DELIVERED,2026-08-22T13:21:00.686457,driver,D097,order_platform
EV-002968,O01010,ORDER_CREATED,2026-08-06T14:44:00,customer,C0200,order_platform
EV-002969,O01010,PICKED_UP,2026-08-06T15:01:36.563806,driver,D116,order_platform
EV-002970,O01010,DELIVERED,2026-08-06T16:06:37.329657,driver,D116,order_platform
EV-002971,O01011,ORDER_CREATED,2026-08-01T14:03:00,customer,C0654,order_platform
EV-002972,O01011,PICKED_UP,2026-08-01T14:26:19.038408,driver,D007,order_platform
EV-002973,O01011,DELIVERED,2026-08-01T14:57:18.254195,driver,D007,order_platform
EV-002974,O01012,ORDER_CREATED,2026-08-26T12:23:00,customer,C0895,order_platform
EV-002975,O01012,PICKED_UP,2026-08-26T12:45:47.865666,driver,D062,order_platform
EV-002976,O01012,DELIVERED,2026-08-26T13:40:00.505796,driver,D062,order_platform
EV-002977,O01013,ORDER_CREATED,2026-08-24T21:32:00,customer,C0590,order_platform
EV-002978,O01013,PICKED_UP,2026-08-24T21:45:22.355435,driver,D019,order_platform
EV-002979,O01013,DELIVERED,2026-08-24T22:53:39.760299,driver,D019,order_platform
EV-002980,O01014,ORDER_CREATED,2026-08-12T18:47:00,customer,C0799,order_platform
EV-002981,O01014,PICKED_UP,2026-08-12T19:09:29.651287,driver,D095,order_platform
EV-002982,O01015,ORDER_CREATED,2026-08-22T12:53:00,customer,C0280,order_platform
EV-002983,O01015,PICKED_UP,2026-08-22T13:05:57.422525,driver,D105,order_platform
EV-002984,O01015,DELIVERED,2026-08-22T13:36:22.156994,driver,D105,order_platform
EV-002985,O01016,ORDER_CREATED,2026-08-17T13:46:00,customer,C0080,order_platform
EV-002986,O01016,PICKED_UP,2026-08-17T14:09:27.817334,driver,D024,order_platform
EV-002987,O01016,DELIVERED,2026-08-17T14:50:32.520472,driver,D024,order_platform
EV-002988,O01017,ORDER_CREATED,2026-08-26T19:07:00,customer,C0693,order_platform
EV-002989,O01017,PICKED_UP,2026-08-26T19:29:03.441625,driver,D109,order_platform
EV-002990,O01017,DELIVERED,2026-08-26T20:13:18.057704,driver,D109,order_platform
EV-002991,O01018,ORDER_CREATED,2026-08-22T19:11:00,customer,C0845,order_platform
EV-002992,O01018,PICKED_UP,2026-08-22T19:32:46.062982,driver,D009,order_platform
EV-002993,O01018,DELIVERED,2026-08-22T20:20:29.111170,driver,D009,order_platform
EV-002994,O01019,ORDER_CREATED,2026-08-18T16:24:00,customer,C0815,order_platform
EV-002995,O01019,PICKED_UP,2026-08-18T16:34:00.966668,driver,D001,order_platform
EV-002996,O01019,DELIVERED,2026-08-18T17:33:00.174458,driver,D001,order_platform
EV-002997,O01020,ORDER_CREATED,2026-08-08T19:56:00,customer,C0816,order_platform
EV-002998,O01020,PICKED_UP,2026-08-08T20:18:26.157514,driver,D017,order_platform
EV-002999,O01020,DELIVERED,2026-08-08T21:02:05.481816,driver,D017,order_platform
EV-003000,O01021,ORDER_CREATED,2026-08-27T12:57:00,customer,C0290,order_platform
EV-003001,O01021,PICKED_UP,2026-08-27T13:19:48.897313,driver,D035,order_platform
EV-003002,O01021,DELIVERED,2026-08-27T14:17:50.290594,driver,D035,order_platform
EV-003003,O01022,ORDER_CREATED,2026-08-14T21:21:00,customer,C0831,order_platform
EV-003004,O01022,PICKED_UP,2026-08-14T21:29:47.448144,driver,D050,order_platform
EV-003005,O01022,DELIVERED,2026-08-14T21:48:37.916495,driver,D050,order_platform
EV-003006,O01023,ORDER_CREATED,2026-08-04T19:27:00,customer,C0116,order_platform
EV-003007,O01023,PICKED_UP,2026-08-04T19:56:35.992831,driver,D084,order_platform
EV-003008,O01024,ORDER_CREATED,2026-08-28T12:48:00,customer,C0232,order_platform
EV-003009,O01024,PICKED_UP,2026-08-28T13:28:30.808995,driver,D090,order_platform
EV-003010,O01024,DELIVERED,2026-08-28T14:26:58.138192,driver,D090,order_platform
EV-003011,O01025,ORDER_CREATED,2026-08-18T13:17:00,customer,C0392,order_platform
EV-003012,O01025,PICKED_UP,2026-08-18T13:36:50.633539,driver,D015,order_platform
EV-003013,O01025,DELIVERED,2026-08-18T14:21:54.223143,driver,D015,order_platform
EV-003014,O01026,ORDER_CREATED,2026-08-08T19:37:00,customer,C0786,order_platform
EV-003015,O01026,PICKED_UP,2026-08-08T19:52:59.797073,driver,D115,order_platform
EV-003016,O01026,DELIVERED,2026-08-08T20:45:58.792666,driver,D115,order_platform
EV-003017,O01027,ORDER_CREATED,2026-08-05T20:43:00,customer,C0285,order_platform
EV-003018,O01027,PICKED_UP,2026-08-05T21:07:59.373980,driver,D034,order_platform
EV-003019,O01027,DELIVERED,2026-08-05T21:57:42.761471,driver,D034,order_platform
EV-003020,O01028,ORDER_CREATED,2026-08-24T12:53:00,customer,C0080,order_platform
EV-003021,O01028,PICKED_UP,2026-08-24T13:26:02.698286,driver,D033,order_platform
EV-003022,O01028,DELIVERED,2026-08-24T14:15:01.674812,driver,D033,order_platform
EV-003023,O01029,ORDER_CREATED,2026-08-01T19:41:00,customer,C0605,order_platform
EV-003024,O01029,PICKED_UP,2026-08-01T20:11:01.234013,driver,D101,order_platform
EV-003025,O01029,DELIVERED,2026-08-01T20:55:39.925033,driver,D101,order_platform
EV-003026,O01030,ORDER_CREATED,2026-08-16T17:20:00,customer,C0408,order_platform
EV-003027,O01030,PICKED_UP,2026-08-16T18:02:45.901175,driver,D072,order_platform
EV-003028,O01030,DELIVERED,2026-08-16T19:01:09.344020,driver,D072,order_platform
EV-003029,O01031,ORDER_CREATED,2026-08-10T20:14:00,customer,C0526,order_platform
EV-003030,O01031,PICKED_UP,2026-08-10T20:42:25.477146,driver,D010,order_platform
EV-003031,O01031,DELIVERED,2026-08-10T21:28:25.181580,driver,D010,order_platform
EV-003032,O01032,ORDER_CREATED,2026-08-23T16:06:00,customer,C0605,order_platform
EV-003033,O01032,PICKED_UP,2026-08-23T16:36:43.452369,driver,D053,order_platform
EV-003034,O01032,DELIVERED,2026-08-23T17:24:19.414600,driver,D053,order_platform
EV-003035,O01033,ORDER_CREATED,2026-08-25T20:27:00,customer,C0069,order_platform
EV-003036,O01033,PICKED_UP,2026-08-25T21:10:25.139964,driver,D076,order_platform
EV-003037,O01033,DELIVERED,2026-08-25T22:13:05.142284,driver,D076,order_platform
EV-003038,O01034,ORDER_CREATED,2026-08-28T18:16:00,customer,C0261,order_platform
EV-003039,O01034,PICKED_UP,2026-08-28T18:44:55.877517,driver,D076,order_platform
EV-003040,O01035,ORDER_CREATED,2026-08-12T18:50:00,customer,C0316,order_platform
EV-003041,O01035,PICKED_UP,2026-08-12T19:10:43.770435,driver,D102,order_platform
EV-003042,O01035,DELIVERED,2026-08-12T20:13:13.561689,driver,D102,order_platform
EV-003043,O01036,ORDER_CREATED,2026-08-17T15:47:00,customer,C0276,order_platform
EV-003044,O01036,PICKED_UP,2026-08-17T16:21:59.799755,driver,D099,order_platform
EV-003045,O01036,DELIVERED,2026-08-17T17:04:27.312581,driver,D099,order_platform
EV-003046,O01037,ORDER_CREATED,2026-08-17T13:08:00,customer,C0676,order_platform
EV-003047,O01037,PICKED_UP,2026-08-17T13:28:22.161006,driver,D052,order_platform
EV-003048,O01037,DELIVERED,2026-08-17T14:02:53.255699,driver,D052,order_platform
EV-003049,O01038,ORDER_CREATED,2026-08-28T13:56:00,customer,C0760,order_platform
EV-003050,O01038,PICKED_UP,2026-08-28T14:16:10.404652,driver,D052,order_platform
EV-003051,O01038,DELIVERED,2026-08-28T14:58:14.885752,driver,D052,order_platform
EV-003052,O01039,ORDER_CREATED,2026-08-13T20:15:00,customer,C0186,order_platform
EV-003053,O01039,PICKED_UP,2026-08-13T20:37:10.644235,driver,D067,order_platform
EV-003054,O01039,DELIVERED,2026-08-13T21:31:02.871233,driver,D067,order_platform
EV-003055,O01040,ORDER_CREATED,2026-08-01T19:03:00,customer,C0601,order_platform
EV-003056,O01040,PICKED_UP,2026-08-01T19:24:04.111763,driver,D006,order_platform
EV-003057,O01040,DELIVERED,2026-08-01T20:19:38.372219,driver,D006,order_platform
EV-003058,O01041,ORDER_CREATED,2026-08-09T19:14:00,customer,C0209,order_platform
EV-003059,O01041,PICKED_UP,2026-08-09T20:04:20.453502,driver,D022,order_platform
EV-003060,O01041,DELIVERED,2026-08-09T20:48:52.180778,driver,D022,order_platform
EV-003061,O01042,ORDER_CREATED,2026-08-06T15:16:00,customer,C0275,order_platform
EV-003062,O01042,PICKED_UP,2026-08-06T15:47:48.269519,driver,D021,order_platform
EV-003063,O01042,DELIVERED,2026-08-06T16:50:13.248466,driver,D021,order_platform
EV-003064,O01043,ORDER_CREATED,2026-08-22T19:58:00,customer,C0101,order_platform
EV-003065,O01043,PICKED_UP,2026-08-22T20:22:23.738143,driver,D021,order_platform
EV-003066,O01043,DELIVERED,2026-08-22T21:19:23.213919,driver,D021,order_platform
EV-003067,O01044,ORDER_CREATED,2026-08-05T21:48:00,customer,C0249,order_platform
EV-003068,O01044,PICKED_UP,2026-08-05T22:15:38.226925,driver,D016,order_platform
EV-003069,O01044,DELIVERED,2026-08-05T22:45:44.697860,driver,D016,order_platform
EV-003070,O01045,ORDER_CREATED,2026-08-28T20:38:00,customer,C0608,order_platform
EV-003071,O01045,PICKED_UP,2026-08-28T20:56:51.061534,driver,D070,order_platform
EV-003072,O01045,DELIVERED,2026-08-28T21:56:40.869201,driver,D070,order_platform
EV-003073,O01046,ORDER_CREATED,2026-08-05T23:41:00,customer,C0850,order_platform
EV-003074,O01046,PICKED_UP,2026-08-06T00:11:10.801507,driver,D090,order_platform
EV-003075,O01046,DELIVERED,2026-08-06T01:14:15.516214,driver,D090,order_platform
EV-003076,O01047,ORDER_CREATED,2026-08-01T13:11:00,customer,C0518,order_platform
EV-003077,O01047,PICKED_UP,2026-08-01T13:47:22.467159,driver,D021,order_platform
EV-003078,O01047,DELIVERED,2026-08-01T14:34:56.220875,driver,D021,order_platform
EV-003079,O01048,ORDER_CREATED,2026-08-10T13:24:00,customer,C0848,order_platform
EV-003080,O01048,PICKED_UP,2026-08-10T13:53:15.845565,driver,D051,order_platform
EV-003081,O01048,DELIVERED,2026-08-10T14:48:59.819170,driver,D051,order_platform
EV-003082,O01049,ORDER_CREATED,2026-08-26T20:54:00,customer,C0090,order_platform
EV-003083,O01049,PICKED_UP,2026-08-26T21:29:10.457870,driver,D082,order_platform
EV-003084,O01049,DELIVERED,2026-08-26T22:15:48.288397,driver,D082,order_platform
EV-003085,O01050,ORDER_CREATED,2026-08-25T17:11:00,customer,C0649,order_platform
EV-003086,O01050,PICKED_UP,2026-08-25T17:29:55.825280,driver,D110,order_platform
EV-003087,O01050,DELIVERED,2026-08-25T18:23:19.142991,driver,D110,order_platform
EV-003088,O01051,ORDER_CREATED,2026-08-22T17:17:00,customer,C0571,order_platform
EV-003089,O01051,PICKED_UP,2026-08-22T17:41:36.979266,driver,D042,order_platform
EV-003090,O01051,DELIVERED,2026-08-22T18:26:09.565846,driver,D042,order_platform
EV-003091,O01052,ORDER_CREATED,2026-08-04T17:52:00,customer,C0704,order_platform
EV-003092,O01052,PICKED_UP,2026-08-04T18:08:07.975887,driver,D066,order_platform
EV-003093,O01053,ORDER_CREATED,2026-08-19T18:25:00,customer,C0821,order_platform
EV-003094,O01053,PICKED_UP,2026-08-19T18:55:48.952065,driver,D064,order_platform
EV-003095,O01053,DELIVERED,2026-08-19T19:07:24.726535,driver,D064,order_platform
EV-003096,O01054,ORDER_CREATED,2026-08-12T18:04:00,customer,C0482,order_platform
EV-003097,O01054,PICKED_UP,2026-08-12T18:39:48.391798,driver,D087,order_platform
EV-003098,O01054,DELIVERED,2026-08-12T19:23:23.520233,driver,D087,order_platform
EV-003099,O01055,ORDER_CREATED,2026-08-28T11:57:00,customer,C0076,order_platform
EV-003100,O01055,PICKED_UP,2026-08-28T12:23:49.454606,driver,D108,order_platform
EV-003101,O01055,DELIVERED,2026-08-28T12:38:58.225538,driver,D108,order_platform
EV-003102,O01056,ORDER_CREATED,2026-08-06T20:06:00,customer,C0898,order_platform
EV-003103,O01056,PICKED_UP,2026-08-06T20:22:40.721599,driver,D005,order_platform
EV-003104,O01056,DELIVERED,2026-08-06T21:12:12.535206,driver,D005,order_platform
EV-003105,O01057,ORDER_CREATED,2026-08-17T19:28:00,customer,C0278,order_platform
EV-003106,O01057,PICKED_UP,2026-08-17T19:54:29.256017,driver,D089,order_platform
EV-003107,O01057,DELIVERED,2026-08-17T20:20:42.816056,driver,D089,order_platform
EV-003108,O01058,ORDER_CREATED,2026-08-14T20:08:00,customer,C0356,order_platform
EV-003109,O01058,PICKED_UP,2026-08-14T21:01:56.238771,driver,D034,order_platform
EV-003110,O01059,ORDER_CREATED,2026-08-03T19:14:00,customer,C0505,order_platform
EV-003111,O01059,PICKED_UP,2026-08-03T19:48:49.432794,driver,D105,order_platform
EV-003112,O01059,DELIVERED,2026-08-03T21:01:48.610929,driver,D105,order_platform
EV-003113,O01060,ORDER_CREATED,2026-08-26T15:03:00,customer,C0057,order_platform
EV-003114,O01060,PICKED_UP,2026-08-26T15:33:30.003991,driver,D046,order_platform
EV-003115,O01060,DELIVERED,2026-08-26T16:19:14.894808,driver,D046,order_platform
EV-003116,O01061,ORDER_CREATED,2026-08-01T18:03:00,customer,C0683,order_platform
EV-003117,O01061,PICKED_UP,2026-08-01T18:27:39.272030,driver,D075,order_platform
EV-003118,O01061,DELIVERED,2026-08-01T19:21:21.805305,driver,D075,order_platform
EV-003119,O01062,ORDER_CREATED,2026-08-03T20:02:00,customer,C0424,order_platform
EV-003120,O01062,PICKED_UP,2026-08-03T20:32:19.576405,driver,D117,order_platform
EV-003121,O01062,DELIVERED,2026-08-03T21:25:15.757529,driver,D117,order_platform
EV-003122,O01063,ORDER_CREATED,2026-08-27T23:05:00,customer,C0171,order_platform
EV-003123,O01063,PICKED_UP,2026-08-27T23:26:01.428913,driver,D055,order_platform
EV-003124,O01063,DELIVERED,2026-08-28T00:25:21.624782,driver,D055,order_platform
EV-003125,O01064,ORDER_CREATED,2026-08-09T15:30:00,customer,C0533,order_platform
EV-003126,O01064,PICKED_UP,2026-08-09T15:55:36.803271,driver,D097,order_platform
EV-003127,O01064,DELIVERED,2026-08-09T16:54:05.901009,driver,D097,order_platform
EV-003128,O01065,ORDER_CREATED,2026-08-03T11:21:00,customer,C0689,order_platform
EV-003129,O01065,PICKED_UP,2026-08-03T11:53:55.531640,driver,D040,order_platform
EV-003130,O01065,DELIVERED,2026-08-03T12:19:43.741016,driver,D040,order_platform
EV-003131,O01066,ORDER_CREATED,2026-08-28T22:26:00,customer,C0025,order_platform
EV-003132,O01066,PICKED_UP,2026-08-28T22:44:17.751062,driver,D101,order_platform
EV-003133,O01067,ORDER_CREATED,2026-08-19T18:45:00,customer,C0788,order_platform
EV-003134,O01067,PICKED_UP,2026-08-19T19:09:53.807457,driver,D070,order_platform
EV-003135,O01067,DELIVERED,2026-08-19T20:00:05.273355,driver,D070,order_platform
EV-003136,O01068,ORDER_CREATED,2026-08-15T20:59:00,customer,C0244,order_platform
EV-003137,O01068,PICKED_UP,2026-08-15T21:20:51.520837,driver,D079,order_platform
EV-003138,O01068,DELIVERED,2026-08-15T22:13:21.738057,driver,D079,order_platform
EV-003139,O01069,ORDER_CREATED,2026-08-11T22:20:00,customer,C0789,order_platform
EV-003140,O01069,PICKED_UP,2026-08-11T22:44:00.157200,driver,D044,order_platform
EV-003141,O01069,DELIVERED,2026-08-11T23:30:44.700509,driver,D044,order_platform
EV-003142,O01070,ORDER_CREATED,2026-08-13T12:43:00,customer,C0436,order_platform
EV-003143,O01070,PICKED_UP,2026-08-13T13:11:38.794160,driver,D026,order_platform
EV-003144,O01070,DELIVERED,2026-08-13T13:30:53.597260,driver,D026,order_platform
EV-003145,O01071,ORDER_CREATED,2026-08-23T22:43:00,customer,C0379,order_platform
EV-003146,O01071,PICKED_UP,2026-08-23T23:21:46.336494,driver,D031,order_platform
EV-003147,O01071,DELIVERED,2026-08-24T00:06:32.217757,driver,D031,order_platform
EV-003148,O01072,ORDER_CREATED,2026-08-28T20:11:00,customer,C0689,order_platform
EV-003149,O01072,PICKED_UP,2026-08-28T20:38:07.632394,driver,D084,order_platform
EV-003150,O01072,DELIVERED,2026-08-28T21:33:09.454400,driver,D084,order_platform
EV-003151,O01073,ORDER_CREATED,2026-08-07T21:29:00,customer,C0011,order_platform
EV-003152,O01073,PICKED_UP,2026-08-07T21:53:33.973664,driver,D074,order_platform
EV-003153,O01073,DELIVERED,2026-08-07T22:39:05.912988,driver,D074,order_platform
EV-003154,O01074,ORDER_CREATED,2026-08-07T19:37:00,customer,C0305,order_platform
EV-003155,O01074,PICKED_UP,2026-08-07T20:15:58.299600,driver,D067,order_platform
EV-003156,O01074,DELIVERED,2026-08-07T20:50:04.555319,driver,D067,order_platform
EV-003157,O01075,ORDER_CREATED,2026-08-11T21:39:00,customer,C0491,order_platform
EV-003158,O01075,PICKED_UP,2026-08-11T22:02:22.698105,driver,D089,order_platform
EV-003159,O01075,DELIVERED,2026-08-11T22:41:42.884375,driver,D089,order_platform
EV-003160,O01076,ORDER_CREATED,2026-08-21T11:36:00,customer,C0274,order_platform
EV-003161,O01076,PICKED_UP,2026-08-21T12:07:11.547543,driver,D075,order_platform
EV-003162,O01076,DELIVERED,2026-08-21T12:52:52.074335,driver,D075,order_platform
EV-003163,O01077,ORDER_CREATED,2026-08-19T21:19:00,customer,C0463,order_platform
EV-003164,O01077,PICKED_UP,2026-08-19T21:36:29.077835,driver,D115,order_platform
EV-003165,O01078,ORDER_CREATED,2026-08-25T21:10:00,customer,C0563,order_platform
EV-003166,O01078,PICKED_UP,2026-08-25T21:23:37.168537,driver,D018,order_platform
EV-003167,O01079,ORDER_CREATED,2026-08-11T15:57:00,customer,C0686,order_platform
EV-003168,O01079,PICKED_UP,2026-08-11T16:26:14.005923,driver,D067,order_platform
EV-003169,O01079,DELIVERED,2026-08-11T17:03:14.578512,driver,D067,order_platform
EV-003170,O01080,ORDER_CREATED,2026-08-24T20:36:00,customer,C0625,order_platform
EV-003171,O01080,PICKED_UP,2026-08-24T20:59:24.141759,driver,D009,order_platform
EV-003172,O01081,ORDER_CREATED,2026-08-13T17:14:00,customer,C0554,order_platform
EV-003173,O01081,PICKED_UP,2026-08-13T18:19:53.467196,driver,D082,order_platform
EV-003174,O01081,DELIVERED,2026-08-13T19:06:02.677891,driver,D082,order_platform
EV-003175,O01082,ORDER_CREATED,2026-08-14T16:25:00,customer,C0677,order_platform
EV-003176,O01082,PICKED_UP,2026-08-14T16:52:03.014118,driver,D033,order_platform
EV-003177,O01082,DELIVERED,2026-08-14T17:44:10.330019,driver,D033,order_platform
EV-003178,O01083,ORDER_CREATED,2026-08-01T19:08:00,customer,C0281,order_platform
EV-003179,O01083,PICKED_UP,2026-08-01T19:49:51.710400,driver,D117,order_platform
EV-003180,O01083,DELIVERED,2026-08-01T20:34:53.904706,driver,D117,order_platform
EV-003181,O01084,ORDER_CREATED,2026-08-06T12:58:00,customer,C0823,order_platform
EV-003182,O01084,PICKED_UP,2026-08-06T13:16:08.740959,driver,D108,order_platform
EV-003183,O01084,DELIVERED,2026-08-06T14:21:06.870413,driver,D108,order_platform
EV-003184,O01085,ORDER_CREATED,2026-08-12T16:35:00,customer,C0846,order_platform
EV-003185,O01085,PICKED_UP,2026-08-12T16:56:50.642234,driver,D074,order_platform
EV-003186,O01085,DELIVERED,2026-08-12T17:38:36.002993,driver,D074,order_platform
EV-003187,O01086,ORDER_CREATED,2026-08-25T17:15:00,customer,C0273,order_platform
EV-003188,O01086,PICKED_UP,2026-08-25T17:32:39.714023,driver,D049,order_platform
EV-003189,O01086,DELIVERED,2026-08-25T18:16:45.625876,driver,D049,order_platform
EV-003190,O01087,ORDER_CREATED,2026-08-02T19:32:00,customer,C0714,order_platform
EV-003191,O01087,PICKED_UP,2026-08-02T20:05:35.387861,driver,D120,order_platform
EV-003192,O01087,DELIVERED,2026-08-02T20:51:21.080393,driver,D120,order_platform
EV-003193,O01088,ORDER_CREATED,2026-08-09T19:46:00,customer,C0488,order_platform
EV-003194,O01088,PICKED_UP,2026-08-09T20:20:55.454727,driver,D105,order_platform
EV-003195,O01088,DELIVERED,2026-08-09T20:44:47.958677,driver,D105,order_platform
EV-003196,O01089,ORDER_CREATED,2026-08-21T14:03:00,customer,C0424,order_platform
EV-003197,O01089,PICKED_UP,2026-08-21T14:36:47.904764,driver,D112,order_platform
EV-003198,O01089,DELIVERED,2026-08-21T15:27:11.077344,driver,D112,order_platform
EV-003199,O01090,ORDER_CREATED,2026-08-03T17:56:00,customer,C0338,order_platform
EV-003200,O01090,PICKED_UP,2026-08-03T18:13:57.364603,driver,D112,order_platform
EV-003201,O01090,DELIVERED,2026-08-03T19:01:37.420245,driver,D112,order_platform
EV-003202,O01091,ORDER_CREATED,2026-08-05T20:43:00,customer,C0609,order_platform
EV-003203,O01091,PICKED_UP,2026-08-05T21:08:27.791472,driver,D059,order_platform
EV-003204,O01091,DELIVERED,2026-08-05T21:55:38.785518,driver,D059,order_platform
EV-003205,O01092,ORDER_CREATED,2026-08-24T22:13:00,customer,C0858,order_platform
EV-003206,O01092,PICKED_UP,2026-08-24T22:40:37.890573,driver,D116,order_platform
EV-003207,O01092,DELIVERED,2026-08-24T23:16:15.447779,driver,D116,order_platform
EV-003208,O01093,ORDER_CREATED,2026-08-04T17:00:00,customer,C0064,order_platform
EV-003209,O01093,PICKED_UP,2026-08-04T17:06:20.937945,driver,D029,order_platform
EV-003210,O01093,DELIVERED,2026-08-04T17:28:33.083782,driver,D029,order_platform
EV-003211,O01094,ORDER_CREATED,2026-08-05T12:32:00,customer,C0216,order_platform
EV-003212,O01094,PICKED_UP,2026-08-05T13:08:31.521741,driver,D119,order_platform
EV-003213,O01094,DELIVERED,2026-08-05T13:57:59.231919,driver,D119,order_platform
EV-003214,O01095,ORDER_CREATED,2026-08-10T19:24:00,customer,C0894,order_platform
EV-003215,O01095,PICKED_UP,2026-08-10T19:44:12.854236,driver,D115,order_platform
EV-003216,O01095,DELIVERED,2026-08-10T20:27:41.245047,driver,D115,order_platform
EV-003217,O01096,ORDER_CREATED,2026-08-11T15:09:00,customer,C0456,order_platform
EV-003218,O01096,PICKED_UP,2026-08-11T15:27:35.666845,driver,D060,order_platform
EV-003219,O01097,ORDER_CREATED,2026-08-24T19:26:00,customer,C0551,order_platform
EV-003220,O01097,PICKED_UP,2026-08-24T19:55:50.018799,driver,D008,order_platform
EV-003221,O01097,DELIVERED,2026-08-24T20:40:53.497529,driver,D008,order_platform
EV-003222,O01098,ORDER_CREATED,2026-08-10T22:11:00,customer,C0023,order_platform
EV-003223,O01098,PICKED_UP,2026-08-10T22:34:17.608398,driver,D041,order_platform
EV-003224,O01098,DELIVERED,2026-08-10T23:30:33.256242,driver,D041,order_platform
EV-003225,O01099,ORDER_CREATED,2026-08-22T18:25:00,customer,C0016,order_platform
EV-003226,O01099,PICKED_UP,2026-08-22T18:58:31.425369,driver,D111,order_platform
EV-003227,O01099,DELIVERED,2026-08-22T19:55:06.817015,driver,D111,order_platform
EV-003228,O01100,ORDER_CREATED,2026-08-21T16:12:00,customer,C0496,order_platform
EV-003229,O01100,PICKED_UP,2026-08-21T16:22:29.990808,driver,D058,order_platform
EV-003230,O01100,DELIVERED,2026-08-21T17:03:54.734530,driver,D058,order_platform
EV-003231,O01101,ORDER_CREATED,2026-08-05T12:21:00,customer,C0164,order_platform
EV-003232,O01101,PICKED_UP,2026-08-05T12:49:00.960850,driver,D055,order_platform
EV-003233,O01101,DELIVERED,2026-08-05T13:37:52.992097,driver,D055,order_platform
EV-003234,O01102,ORDER_CREATED,2026-08-12T18:25:00,customer,C0634,order_platform
EV-003235,O01102,PICKED_UP,2026-08-12T19:31:48.324377,driver,D010,order_platform
EV-003236,O01102,DELIVERED,2026-08-12T20:16:09.835907,driver,D010,order_platform
EV-003237,O01103,ORDER_CREATED,2026-08-18T19:15:00,customer,C0642,order_platform
EV-003238,O01103,PICKED_UP,2026-08-18T19:40:52.262120,driver,D086,order_platform
EV-003239,O01103,DELIVERED,2026-08-18T20:41:42.616649,driver,D086,order_platform
EV-003240,O01104,ORDER_CREATED,2026-08-01T11:41:00,customer,C0642,order_platform
EV-003241,O01104,PICKED_UP,2026-08-01T11:55:12.820600,driver,D105,order_platform
EV-003242,O01104,DELIVERED,2026-08-01T12:41:17.622276,driver,D105,order_platform
EV-003243,O01105,ORDER_CREATED,2026-08-22T15:57:00,customer,C0526,order_platform
EV-003244,O01105,PICKED_UP,2026-08-22T16:25:18.433048,driver,D005,order_platform
EV-003245,O01105,DELIVERED,2026-08-22T17:09:20.394902,driver,D005,order_platform
EV-003246,O01106,ORDER_CREATED,2026-08-23T18:50:00,customer,C0268,order_platform
EV-003247,O01106,PICKED_UP,2026-08-23T19:37:37.371643,driver,D071,order_platform
EV-003248,O01106,DELIVERED,2026-08-23T19:49:55.046399,driver,D071,order_platform
EV-003249,O01107,ORDER_CREATED,2026-08-21T19:52:00,customer,C0660,order_platform
EV-003250,O01107,PICKED_UP,2026-08-21T20:35:41.852841,driver,D038,order_platform
EV-003251,O01107,DELIVERED,2026-08-21T21:13:51.660760,driver,D038,order_platform
EV-003252,O01108,ORDER_CREATED,2026-08-03T16:20:00,customer,C0010,order_platform
EV-003253,O01108,PICKED_UP,2026-08-03T16:40:16.260774,driver,D098,order_platform
EV-003254,O01108,DELIVERED,2026-08-03T17:16:32.343524,driver,D098,order_platform
EV-003255,O01109,ORDER_CREATED,2026-08-03T18:10:00,customer,C0299,order_platform
EV-003256,O01109,PICKED_UP,2026-08-03T18:19:50.219434,driver,D106,order_platform
EV-003257,O01109,DELIVERED,2026-08-03T19:06:07.544585,driver,D106,order_platform
EV-003258,O01110,ORDER_CREATED,2026-08-24T19:31:00,customer,C0155,order_platform
EV-003259,O01110,PICKED_UP,2026-08-24T19:56:05.606077,driver,D064,order_platform
EV-003260,O01110,DELIVERED,2026-08-24T20:42:31.754889,driver,D064,order_platform
EV-003261,O01111,ORDER_CREATED,2026-08-15T14:39:00,customer,C0072,order_platform
EV-003262,O01111,PICKED_UP,2026-08-15T15:19:55.637375,driver,D019,order_platform
EV-003263,O01111,DELIVERED,2026-08-15T16:09:49.216099,driver,D019,order_platform
EV-003264,O01112,ORDER_CREATED,2026-08-12T23:30:00,customer,C0215,order_platform
EV-003265,O01112,PICKED_UP,2026-08-12T23:56:19.209832,driver,D030,order_platform
EV-003266,O01112,DELIVERED,2026-08-13T00:50:25.217891,driver,D030,order_platform
EV-003267,O01113,ORDER_CREATED,2026-08-01T18:09:00,customer,C0411,order_platform
EV-003268,O01113,PICKED_UP,2026-08-01T18:23:53.380281,driver,D028,order_platform
EV-003269,O01113,DELIVERED,2026-08-01T18:58:40.349270,driver,D028,order_platform
EV-003270,O01114,ORDER_CREATED,2026-08-28T15:25:00,customer,C0352,order_platform
EV-003271,O01114,PICKED_UP,2026-08-28T15:47:41.871627,driver,D015,order_platform
EV-003272,O01114,DELIVERED,2026-08-28T16:41:47.961835,driver,D015,order_platform
EV-003273,O01115,ORDER_CREATED,2026-08-25T19:16:00,customer,C0813,order_platform
EV-003274,O01115,PICKED_UP,2026-08-25T19:38:10.739433,driver,D117,order_platform
EV-003275,O01115,DELIVERED,2026-08-25T20:40:27.102548,driver,D117,order_platform
EV-003276,O01116,ORDER_CREATED,2026-08-11T14:41:00,customer,C0324,order_platform
EV-003277,O01116,PICKED_UP,2026-08-11T14:55:23.520002,driver,D090,order_platform
EV-003278,O01116,DELIVERED,2026-08-11T15:44:04.055755,driver,D090,order_platform
EV-003279,O01117,ORDER_CREATED,2026-08-01T18:20:00,customer,C0810,order_platform
EV-003280,O01117,PICKED_UP,2026-08-01T18:40:32.961824,driver,D084,order_platform
EV-003281,O01117,DELIVERED,2026-08-01T19:19:17.056072,driver,D084,order_platform
EV-003282,O01118,ORDER_CREATED,2026-08-19T20:30:00,customer,C0210,order_platform
EV-003283,O01118,PICKED_UP,2026-08-19T20:59:45.990280,driver,D034,order_platform
EV-003284,O01118,DELIVERED,2026-08-19T21:44:03.302164,driver,D034,order_platform
EV-003285,O01119,ORDER_CREATED,2026-08-24T15:04:00,customer,C0365,order_platform
EV-003286,O01119,PICKED_UP,2026-08-24T15:17:37.290147,driver,D028,order_platform
EV-003287,O01120,ORDER_CREATED,2026-08-19T20:37:00,customer,C0295,order_platform
EV-003288,O01120,PICKED_UP,2026-08-19T21:08:45.999078,driver,D010,order_platform
EV-003289,O01120,DELIVERED,2026-08-19T22:12:50.414424,driver,D010,order_platform
EV-003290,O01121,ORDER_CREATED,2026-08-20T21:31:00,customer,C0201,order_platform
EV-003291,O01121,PICKED_UP,2026-08-20T21:55:36.472198,driver,D009,order_platform
EV-003292,O01121,DELIVERED,2026-08-20T22:38:25.382380,driver,D009,order_platform
EV-003293,O01122,ORDER_CREATED,2026-08-16T21:14:00,customer,C0680,order_platform
EV-003294,O01122,PICKED_UP,2026-08-16T21:33:30.924706,driver,D058,order_platform
EV-003295,O01122,DELIVERED,2026-08-16T22:23:44.556588,driver,D058,order_platform
EV-003296,O01123,ORDER_CREATED,2026-08-23T19:12:00,customer,C0098,order_platform
EV-003297,O01123,PICKED_UP,2026-08-23T19:40:21.599533,driver,D063,order_platform
EV-003298,O01123,DELIVERED,2026-08-23T20:20:40.486474,driver,D063,order_platform
EV-003299,O01124,ORDER_CREATED,2026-08-19T12:53:00,customer,C0176,order_platform
EV-003300,O01124,PICKED_UP,2026-08-19T13:17:43.575405,driver,D100,order_platform
EV-003301,O01124,DELIVERED,2026-08-19T13:57:19.401905,driver,D100,order_platform
EV-003302,O01125,ORDER_CREATED,2026-08-18T18:19:00,customer,C0249,order_platform
EV-003303,O01125,PICKED_UP,2026-08-18T18:25:45.717901,driver,D025,order_platform
EV-003304,O01125,DELIVERED,2026-08-18T19:07:43.441621,driver,D025,order_platform
EV-003305,O01126,ORDER_CREATED,2026-08-02T15:21:00,customer,C0674,order_platform
EV-003306,O01126,PICKED_UP,2026-08-02T15:33:04.788481,driver,D082,order_platform
EV-003307,O01126,DELIVERED,2026-08-02T16:06:00.064060,driver,D082,order_platform
EV-003308,O01127,ORDER_CREATED,2026-08-21T18:22:00,customer,C0610,order_platform
EV-003309,O01127,PICKED_UP,2026-08-21T18:52:43.718866,driver,D107,order_platform
EV-003310,O01127,DELIVERED,2026-08-21T19:36:00.603906,driver,D107,order_platform
EV-003311,O01128,ORDER_CREATED,2026-08-14T19:27:00,customer,C0512,order_platform
EV-003312,O01128,PICKED_UP,2026-08-14T19:51:44.625062,driver,D030,order_platform
EV-003313,O01128,DELIVERED,2026-08-14T20:50:46.263299,driver,D030,order_platform
EV-003314,O01129,ORDER_CREATED,2026-08-11T20:55:00,customer,C0866,order_platform
EV-003315,O01129,PICKED_UP,2026-08-11T21:17:40.697706,driver,D092,order_platform
EV-003316,O01129,DELIVERED,2026-08-11T21:49:38.240971,driver,D092,order_platform
EV-003317,O01130,ORDER_CREATED,2026-08-28T15:37:00,customer,C0866,order_platform
EV-003318,O01130,PICKED_UP,2026-08-28T15:52:28.220909,driver,D099,order_platform
EV-003319,O01130,DELIVERED,2026-08-28T16:14:27.206113,driver,D099,order_platform
EV-003320,O01131,ORDER_CREATED,2026-08-05T19:30:00,customer,C0532,order_platform
EV-003321,O01131,PICKED_UP,2026-08-05T19:53:49.381338,driver,D099,order_platform
EV-003322,O01131,DELIVERED,2026-08-05T20:46:59.734670,driver,D099,order_platform
EV-003323,O01132,ORDER_CREATED,2026-08-19T18:03:00,customer,C0367,order_platform
EV-003324,O01132,PICKED_UP,2026-08-19T18:49:20.242900,driver,D104,order_platform
EV-003325,O01132,DELIVERED,2026-08-19T19:24:01.401437,driver,D104,order_platform
EV-003326,O01133,ORDER_CREATED,2026-08-10T15:27:00,customer,C0890,order_platform
EV-003327,O01133,PICKED_UP,2026-08-10T16:10:41.060583,driver,D018,order_platform
EV-003328,O01133,DELIVERED,2026-08-10T17:05:53.763805,driver,D018,order_platform
EV-003329,O01134,ORDER_CREATED,2026-08-11T21:55:00,customer,C0795,order_platform
EV-003330,O01134,PICKED_UP,2026-08-11T22:21:21.024596,driver,D025,order_platform
EV-003331,O01134,DELIVERED,2026-08-11T23:13:34.612268,driver,D025,order_platform
EV-003332,O01135,ORDER_CREATED,2026-08-23T17:19:00,customer,C0721,order_platform
EV-003333,O01135,PICKED_UP,2026-08-23T17:49:40.919361,driver,D076,order_platform
EV-003334,O01135,DELIVERED,2026-08-23T18:29:24.781119,driver,D076,order_platform
EV-003335,O01136,ORDER_CREATED,2026-08-24T13:54:00,customer,C0681,order_platform
EV-003336,O01136,PICKED_UP,2026-08-24T14:20:59.247255,driver,D077,order_platform
EV-003337,O01136,DELIVERED,2026-08-24T15:12:25.586962,driver,D077,order_platform
EV-003338,O01137,ORDER_CREATED,2026-08-27T11:35:00,customer,C0119,order_platform
EV-003339,O01137,PICKED_UP,2026-08-27T11:56:03.255612,driver,D027,order_platform
EV-003340,O01137,DELIVERED,2026-08-27T13:01:13.284488,driver,D027,order_platform
EV-003341,O01138,ORDER_CREATED,2026-08-15T21:04:00,customer,C0373,order_platform
EV-003342,O01138,PICKED_UP,2026-08-15T21:43:54.490103,driver,D024,order_platform
EV-003343,O01138,DELIVERED,2026-08-15T22:30:01.266874,driver,D024,order_platform
EV-003344,O01139,ORDER_CREATED,2026-08-14T17:11:00,customer,C0294,order_platform
EV-003345,O01139,PICKED_UP,2026-08-14T17:36:00.508357,driver,D058,order_platform
EV-003346,O01139,DELIVERED,2026-08-14T17:57:38.699243,driver,D058,order_platform
EV-003347,O01140,ORDER_CREATED,2026-08-19T23:13:00,customer,C0555,order_platform
EV-003348,O01140,PICKED_UP,2026-08-19T23:38:28.449869,driver,D059,order_platform
EV-003349,O01140,DELIVERED,2026-08-20T00:28:14.803212,driver,D059,order_platform
EV-003350,O01141,ORDER_CREATED,2026-08-16T19:22:00,customer,C0520,order_platform
EV-003351,O01141,PICKED_UP,2026-08-16T20:00:38.164704,driver,D068,order_platform
EV-003352,O01141,DELIVERED,2026-08-16T20:54:17.512590,driver,D068,order_platform
EV-003353,O01142,ORDER_CREATED,2026-08-26T13:08:00,customer,C0528,order_platform
EV-003354,O01142,PICKED_UP,2026-08-26T13:40:19.978315,driver,D028,order_platform
EV-003355,O01142,DELIVERED,2026-08-26T14:30:10.204032,driver,D028,order_platform
EV-003356,O01143,ORDER_CREATED,2026-08-02T21:03:00,customer,C0053,order_platform
EV-003357,O01143,PICKED_UP,2026-08-02T21:25:24.906462,driver,D017,order_platform
EV-003358,O01143,DELIVERED,2026-08-02T22:22:03.635979,driver,D017,order_platform
EV-003359,O01144,ORDER_CREATED,2026-08-26T21:59:00,customer,C0788,order_platform
EV-003360,O01144,PICKED_UP,2026-08-26T22:44:58.916772,driver,D017,order_platform
EV-003361,O01144,DELIVERED,2026-08-26T23:51:26.036977,driver,D017,order_platform
EV-003362,O01145,ORDER_CREATED,2026-08-02T20:37:00,customer,C0448,order_platform
EV-003363,O01145,PICKED_UP,2026-08-02T21:01:14.623348,driver,D047,order_platform
EV-003364,O01145,DELIVERED,2026-08-02T21:57:59.674709,driver,D047,order_platform
EV-003365,O01146,ORDER_CREATED,2026-08-04T13:05:00,customer,C0364,order_platform
EV-003366,O01146,PICKED_UP,2026-08-04T13:27:53.248984,driver,D068,order_platform
EV-003367,O01146,DELIVERED,2026-08-04T14:36:35.230297,driver,D068,order_platform
EV-003368,O01147,ORDER_CREATED,2026-08-03T18:03:00,customer,C0457,order_platform
EV-003369,O01147,PICKED_UP,2026-08-03T18:28:53.121567,driver,D060,order_platform
EV-003370,O01147,DELIVERED,2026-08-03T19:09:21.311240,driver,D060,order_platform
EV-003371,O01148,ORDER_CREATED,2026-08-04T18:11:00,customer,C0406,order_platform
EV-003372,O01148,PICKED_UP,2026-08-04T18:38:32.745645,driver,D107,order_platform
EV-003373,O01148,DELIVERED,2026-08-04T19:20:09.785281,driver,D107,order_platform
EV-003374,O01149,ORDER_CREATED,2026-08-22T20:37:00,customer,C0475,order_platform
EV-003375,O01149,PICKED_UP,2026-08-22T21:04:53.833501,driver,D041,order_platform
EV-003376,O01150,ORDER_CREATED,2026-08-17T21:31:00,customer,C0052,order_platform
EV-003377,O01150,PICKED_UP,2026-08-17T21:56:09.524131,driver,D085,order_platform
EV-003378,O01151,ORDER_CREATED,2026-08-20T19:49:00,customer,C0424,order_platform
EV-003379,O01151,PICKED_UP,2026-08-20T20:10:27.987029,driver,D114,order_platform
EV-003380,O01151,DELIVERED,2026-08-20T20:57:26.784161,driver,D114,order_platform
EV-003381,O01152,ORDER_CREATED,2026-08-14T14:11:00,customer,C0018,order_platform
EV-003382,O01152,PICKED_UP,2026-08-14T14:44:49.254453,driver,D075,order_platform
EV-003383,O01152,DELIVERED,2026-08-14T15:34:47.577682,driver,D075,order_platform
EV-003384,O01153,ORDER_CREATED,2026-08-19T20:10:00,customer,C0581,order_platform
EV-003385,O01153,PICKED_UP,2026-08-19T20:54:39.299331,driver,D054,order_platform
EV-003386,O01153,DELIVERED,2026-08-19T21:43:50.301176,driver,D054,order_platform
EV-003387,O01154,ORDER_CREATED,2026-08-06T20:46:00,customer,C0561,order_platform
EV-003388,O01154,PICKED_UP,2026-08-06T21:08:12.186518,driver,D016,order_platform
EV-003389,O01154,DELIVERED,2026-08-06T21:46:36.307038,driver,D016,order_platform
EV-003390,O01155,ORDER_CREATED,2026-08-25T21:02:00,customer,C0681,order_platform
EV-003391,O01155,PICKED_UP,2026-08-25T21:22:42.204184,driver,D092,order_platform
EV-003392,O01155,DELIVERED,2026-08-25T21:53:59.605929,driver,D092,order_platform
EV-003393,O01156,ORDER_CREATED,2026-08-22T22:07:00,customer,C0353,order_platform
EV-003394,O01156,PICKED_UP,2026-08-22T22:40:04.758309,driver,D075,order_platform
EV-003395,O01156,DELIVERED,2026-08-22T23:33:11.877178,driver,D075,order_platform
EV-003396,O01157,ORDER_CREATED,2026-08-18T12:19:00,customer,C0175,order_platform
EV-003397,O01157,PICKED_UP,2026-08-18T12:48:18.334409,driver,D106,order_platform
EV-003398,O01158,ORDER_CREATED,2026-08-15T19:30:00,customer,C0367,order_platform
EV-003399,O01158,PICKED_UP,2026-08-15T19:49:33.967686,driver,D077,order_platform
EV-003400,O01158,DELIVERED,2026-08-15T20:13:54.903030,driver,D077,order_platform
EV-003401,O01159,ORDER_CREATED,2026-08-07T16:11:00,customer,C0549,order_platform
EV-003402,O01159,PICKED_UP,2026-08-07T16:36:09.135467,driver,D090,order_platform
EV-003403,O01159,DELIVERED,2026-08-07T17:24:30.738283,driver,D090,order_platform
EV-003404,O01160,ORDER_CREATED,2026-08-17T22:36:00,customer,C0498,order_platform
EV-003405,O01160,PICKED_UP,2026-08-17T23:17:32.686871,driver,D042,order_platform
EV-003406,O01160,DELIVERED,2026-08-18T00:14:52.183203,driver,D042,order_platform
EV-003407,O01161,ORDER_CREATED,2026-08-07T12:35:00,customer,C0551,order_platform
EV-003408,O01161,PICKED_UP,2026-08-07T13:01:27.944214,driver,D061,order_platform
EV-003409,O01161,DELIVERED,2026-08-07T13:43:48.996869,driver,D061,order_platform
EV-003410,O01162,ORDER_CREATED,2026-08-13T13:06:00,customer,C0637,order_platform
EV-003411,O01162,PICKED_UP,2026-08-13T13:20:54.927404,driver,D016,order_platform
EV-003412,O01162,DELIVERED,2026-08-13T14:13:17.775875,driver,D016,order_platform
EV-003413,O01163,ORDER_CREATED,2026-08-22T20:49:00,customer,C0799,order_platform
EV-003414,O01163,PICKED_UP,2026-08-22T21:14:41.992829,driver,D014,order_platform
EV-003415,O01163,DELIVERED,2026-08-22T22:09:09.374853,driver,D014,order_platform
EV-003416,O01164,ORDER_CREATED,2026-08-28T18:57:00,customer,C0273,order_platform
EV-003417,O01164,PICKED_UP,2026-08-28T19:21:53.925211,driver,D039,order_platform
EV-003418,O01164,DELIVERED,2026-08-28T20:23:37.951832,driver,D039,order_platform
EV-003419,O01165,ORDER_CREATED,2026-08-04T11:04:00,customer,C0857,order_platform
EV-003420,O01165,PICKED_UP,2026-08-04T11:40:55.118402,driver,D025,order_platform
EV-003421,O01165,DELIVERED,2026-08-04T12:25:47.755547,driver,D025,order_platform
EV-003422,O01166,ORDER_CREATED,2026-08-17T18:45:00,customer,C0390,order_platform
EV-003423,O01166,PICKED_UP,2026-08-17T19:03:45.891479,driver,D085,order_platform
EV-003424,O01166,DELIVERED,2026-08-17T20:04:00.984689,driver,D085,order_platform
EV-003425,O01167,ORDER_CREATED,2026-08-17T12:41:00,customer,C0446,order_platform
EV-003426,O01167,PICKED_UP,2026-08-17T13:23:34.470399,driver,D086,order_platform
EV-003427,O01167,DELIVERED,2026-08-17T14:00:21.109019,driver,D086,order_platform
EV-003428,O01168,ORDER_CREATED,2026-08-16T13:43:00,customer,C0055,order_platform
EV-003429,O01168,PICKED_UP,2026-08-16T14:14:49.034007,driver,D114,order_platform
EV-003430,O01168,DELIVERED,2026-08-16T14:44:46.452970,driver,D114,order_platform
EV-003431,O01169,ORDER_CREATED,2026-08-20T18:36:00,customer,C0097,order_platform
EV-003432,O01169,PICKED_UP,2026-08-20T19:16:07.191846,driver,D103,order_platform
EV-003433,O01169,DELIVERED,2026-08-20T20:17:37.652323,driver,D103,order_platform
EV-003434,O01170,ORDER_CREATED,2026-08-05T20:26:00,customer,C0125,order_platform
EV-003435,O01170,PICKED_UP,2026-08-05T20:59:27.055004,driver,D048,order_platform
EV-003436,O01170,DELIVERED,2026-08-05T22:02:48.487521,driver,D048,order_platform
EV-003437,O01171,ORDER_CREATED,2026-08-03T22:12:00,customer,C0018,order_platform
EV-003438,O01171,PICKED_UP,2026-08-03T22:29:58.955032,driver,D057,order_platform
EV-003439,O01171,DELIVERED,2026-08-03T23:26:38.423530,driver,D057,order_platform
EV-003440,O01172,ORDER_CREATED,2026-08-19T18:16:00,customer,C0806,order_platform
EV-003441,O01172,PICKED_UP,2026-08-19T18:32:10.352620,driver,D116,order_platform
EV-003442,O01172,DELIVERED,2026-08-19T19:24:37.857488,driver,D116,order_platform
EV-003443,O01173,ORDER_CREATED,2026-08-18T19:03:00,customer,C0345,order_platform
EV-003444,O01173,PICKED_UP,2026-08-18T19:21:47.929722,driver,D043,order_platform
EV-003445,O01173,DELIVERED,2026-08-18T20:03:35.039975,driver,D043,order_platform
EV-003446,O01174,ORDER_CREATED,2026-08-27T18:15:00,customer,C0627,order_platform
EV-003447,O01174,PICKED_UP,2026-08-27T18:33:33.059821,driver,D101,order_platform
EV-003448,O01174,DELIVERED,2026-08-27T19:23:19.342611,driver,D101,order_platform
EV-003449,O01175,ORDER_CREATED,2026-08-24T17:43:00,customer,C0001,order_platform
EV-003450,O01175,PICKED_UP,2026-08-24T18:03:17.471811,driver,D115,order_platform
EV-003451,O01176,ORDER_CREATED,2026-08-07T20:34:00,customer,C0761,order_platform
EV-003452,O01176,PICKED_UP,2026-08-07T21:06:33.913033,driver,D110,order_platform
EV-003453,O01176,DELIVERED,2026-08-07T22:09:25.520690,driver,D110,order_platform
EV-003454,O01177,ORDER_CREATED,2026-08-07T17:56:00,customer,C0167,order_platform
EV-003455,O01177,PICKED_UP,2026-08-07T18:16:00.393574,driver,D095,order_platform
EV-003456,O01177,DELIVERED,2026-08-07T18:58:14.516433,driver,D095,order_platform
EV-003457,O01178,ORDER_CREATED,2026-08-27T22:10:00,customer,C0581,order_platform
EV-003458,O01178,PICKED_UP,2026-08-27T22:47:48.173662,driver,D057,order_platform
EV-003459,O01178,DELIVERED,2026-08-27T23:35:56.076213,driver,D057,order_platform
EV-003460,O01179,ORDER_CREATED,2026-08-08T14:40:00,customer,C0092,order_platform
EV-003461,O01179,PICKED_UP,2026-08-08T15:13:17.274842,driver,D054,order_platform
EV-003462,O01179,DELIVERED,2026-08-08T16:06:09.916216,driver,D054,order_platform
EV-003463,O01180,ORDER_CREATED,2026-08-28T20:14:00,customer,C0111,order_platform
EV-003464,O01180,PICKED_UP,2026-08-28T20:50:37.964792,driver,D087,order_platform
EV-003465,O01180,DELIVERED,2026-08-28T21:39:32.017785,driver,D087,order_platform
EV-003466,O01181,ORDER_CREATED,2026-08-28T12:45:00,customer,C0194,order_platform
EV-003467,O01181,PICKED_UP,2026-08-28T13:10:39.965431,driver,D041,order_platform
EV-003468,O01181,DELIVERED,2026-08-28T14:02:00.736568,driver,D041,order_platform
EV-003469,O01182,ORDER_CREATED,2026-08-11T18:10:00,customer,C0423,order_platform
EV-003470,O01182,PICKED_UP,2026-08-11T18:44:42.902005,driver,D011,order_platform
EV-003471,O01182,DELIVERED,2026-08-11T19:30:14.762499,driver,D011,order_platform
EV-003472,O01183,ORDER_CREATED,2026-08-02T18:40:00,customer,C0761,order_platform
EV-003473,O01183,PICKED_UP,2026-08-02T19:22:41.221994,driver,D113,order_platform
EV-003474,O01183,DELIVERED,2026-08-02T19:48:45.150980,driver,D113,order_platform
EV-003475,O01184,ORDER_CREATED,2026-08-04T21:54:00,customer,C0860,order_platform
EV-003476,O01184,PICKED_UP,2026-08-04T22:15:21.221503,driver,D045,order_platform
EV-003477,O01184,DELIVERED,2026-08-04T22:51:17.688095,driver,D045,order_platform
EV-003478,O01185,ORDER_CREATED,2026-08-04T18:26:00,customer,C0881,order_platform
EV-003479,O01185,PICKED_UP,2026-08-04T19:00:13.415878,driver,D077,order_platform
EV-003480,O01185,DELIVERED,2026-08-04T19:53:26.419325,driver,D077,order_platform
EV-003481,O01186,ORDER_CREATED,2026-08-06T18:30:00,customer,C0872,order_platform
EV-003482,O01186,PICKED_UP,2026-08-06T18:58:32.586035,driver,D020,order_platform
EV-003483,O01186,DELIVERED,2026-08-06T19:42:22.924165,driver,D020,order_platform
EV-003484,O01187,ORDER_CREATED,2026-08-26T20:03:00,customer,C0450,order_platform
EV-003485,O01187,PICKED_UP,2026-08-26T20:47:03.954027,driver,D015,order_platform
EV-003486,O01187,DELIVERED,2026-08-26T21:39:20.595835,driver,D015,order_platform
EV-003487,O01188,ORDER_CREATED,2026-08-08T14:25:00,customer,C0137,order_platform
EV-003488,O01188,PICKED_UP,2026-08-08T14:54:34.186362,driver,D110,order_platform
EV-003489,O01188,DELIVERED,2026-08-08T15:26:58.015251,driver,D110,order_platform
EV-003490,O01189,ORDER_CREATED,2026-08-18T19:21:00,customer,C0129,order_platform
EV-003491,O01189,PICKED_UP,2026-08-18T19:50:32.196603,driver,D063,order_platform
EV-003492,O01189,DELIVERED,2026-08-18T20:35:26.283749,driver,D063,order_platform
EV-003493,O01190,ORDER_CREATED,2026-08-24T22:49:00,customer,C0240,order_platform
EV-003494,O01190,PICKED_UP,2026-08-24T23:06:37.061154,driver,D029,order_platform
EV-003495,O01190,DELIVERED,2026-08-24T23:58:50.065639,driver,D029,order_platform
EV-003496,O01191,ORDER_CREATED,2026-08-12T20:08:00,customer,C0596,order_platform
EV-003497,O01191,PICKED_UP,2026-08-12T20:34:11.566069,driver,D054,order_platform
EV-003498,O01191,DELIVERED,2026-08-12T21:40:09.712898,driver,D054,order_platform
EV-003499,O01192,ORDER_CREATED,2026-08-03T18:59:00,customer,C0020,order_platform
EV-003500,O01192,PICKED_UP,2026-08-03T19:23:31.843252,driver,D010,order_platform
EV-003501,O01192,DELIVERED,2026-08-03T20:02:44.992419,driver,D010,order_platform
EV-003502,O01193,ORDER_CREATED,2026-08-03T13:13:00,customer,C0316,order_platform
EV-003503,O01193,PICKED_UP,2026-08-03T13:37:22.920935,driver,D063,order_platform
EV-003504,O01193,DELIVERED,2026-08-03T14:23:18.168566,driver,D063,order_platform
EV-003505,O01194,ORDER_CREATED,2026-08-27T11:50:00,customer,C0775,order_platform
EV-003506,O01194,PICKED_UP,2026-08-27T12:14:35.355436,driver,D060,order_platform
EV-003507,O01194,DELIVERED,2026-08-27T13:15:56.743816,driver,D060,order_platform
EV-003508,O01195,ORDER_CREATED,2026-08-07T14:50:00,customer,C0106,order_platform
EV-003509,O01195,PICKED_UP,2026-08-07T15:20:19.233165,driver,D037,order_platform
EV-003510,O01196,ORDER_CREATED,2026-08-04T18:50:00,customer,C0227,order_platform
EV-003511,O01196,PICKED_UP,2026-08-04T19:07:27.180917,driver,D109,order_platform
EV-003512,O01196,DELIVERED,2026-08-04T19:57:06.523381,driver,D109,order_platform
EV-003513,O01197,ORDER_CREATED,2026-08-17T16:34:00,customer,C0032,order_platform
EV-003514,O01197,PICKED_UP,2026-08-17T17:20:52.591452,driver,D118,order_platform
EV-003515,O01197,DELIVERED,2026-08-17T18:27:54.591417,driver,D118,order_platform
EV-003516,O01198,ORDER_CREATED,2026-08-25T17:58:00,customer,C0093,order_platform
EV-003517,O01198,PICKED_UP,2026-08-25T18:34:45.930529,driver,D101,order_platform
EV-003518,O01198,DELIVERED,2026-08-25T19:20:31.328873,driver,D101,order_platform
EV-003519,O01199,ORDER_CREATED,2026-08-14T12:40:00,customer,C0556,order_platform
EV-003520,O01199,PICKED_UP,2026-08-14T12:57:16.882328,driver,D036,order_platform
EV-003521,O01199,DELIVERED,2026-08-14T13:42:48.786574,driver,D036,order_platform
EV-003522,O01200,ORDER_CREATED,2026-08-13T22:39:00,customer,C0756,order_platform
EV-003523,O01200,PICKED_UP,2026-08-13T23:03:46.146230,driver,D001,order_platform
EV-003524,O01200,DELIVERED,2026-08-13T23:48:14.701648,driver,D001,order_platform
EV-003525,O01201,ORDER_CREATED,2026-08-26T15:04:00,customer,C0824,order_platform
EV-003526,O01201,PICKED_UP,2026-08-26T15:31:28.909739,driver,D020,order_platform
EV-003527,O01201,DELIVERED,2026-08-26T16:14:46.774211,driver,D020,order_platform
EV-003528,O01202,ORDER_CREATED,2026-08-02T13:35:00,customer,C0390,order_platform
EV-003529,O01202,PICKED_UP,2026-08-02T14:06:44.275983,driver,D076,order_platform
EV-003530,O01202,DELIVERED,2026-08-02T14:50:03.188679,driver,D076,order_platform
EV-003531,O01203,ORDER_CREATED,2026-08-19T16:13:00,customer,C0585,order_platform
EV-003532,O01203,PICKED_UP,2026-08-19T16:43:35.135408,driver,D022,order_platform
EV-003533,O01203,DELIVERED,2026-08-19T17:40:45.828523,driver,D022,order_platform
EV-003534,O01204,ORDER_CREATED,2026-08-20T18:48:00,customer,C0534,order_platform
EV-003535,O01204,PICKED_UP,2026-08-20T19:11:29.133436,driver,D004,order_platform
EV-003536,O01204,DELIVERED,2026-08-20T20:04:46.005765,driver,D004,order_platform
EV-003537,O01205,ORDER_CREATED,2026-08-18T23:07:00,customer,C0100,order_platform
EV-003538,O01205,PICKED_UP,2026-08-18T23:28:42.346574,driver,D040,order_platform
EV-003539,O01205,DELIVERED,2026-08-19T00:00:04.126944,driver,D040,order_platform
EV-003540,O01206,ORDER_CREATED,2026-08-17T14:14:00,customer,C0239,order_platform
EV-003541,O01206,PICKED_UP,2026-08-17T14:55:14.891298,driver,D047,order_platform
EV-003542,O01207,ORDER_CREATED,2026-08-06T23:59:00,customer,C0467,order_platform
EV-003543,O01207,PICKED_UP,2026-08-07T00:14:32.289744,driver,D007,order_platform
EV-003544,O01207,DELIVERED,2026-08-07T01:02:13.082526,driver,D007,order_platform
EV-003545,O01208,ORDER_CREATED,2026-08-02T19:31:00,customer,C0472,order_platform
EV-003546,O01208,PICKED_UP,2026-08-02T19:48:56.943914,driver,D024,order_platform
EV-003547,O01208,DELIVERED,2026-08-02T20:48:19.177491,driver,D024,order_platform
EV-003548,O01209,ORDER_CREATED,2026-08-09T18:29:00,customer,C0865,order_platform
EV-003549,O01209,PICKED_UP,2026-08-09T18:50:26.390485,driver,D037,order_platform
EV-003550,O01209,DELIVERED,2026-08-09T19:35:22.522400,driver,D037,order_platform
EV-003551,O01210,ORDER_CREATED,2026-08-26T13:18:00,customer,C0338,order_platform
EV-003552,O01210,PICKED_UP,2026-08-26T13:48:10.570596,driver,D043,order_platform
EV-003553,O01210,DELIVERED,2026-08-26T14:39:25.535731,driver,D043,order_platform
EV-003554,O01211,ORDER_CREATED,2026-08-16T11:34:00,customer,C0076,order_platform
EV-003555,O01211,PICKED_UP,2026-08-16T11:59:09.024986,driver,D034,order_platform
EV-003556,O01211,DELIVERED,2026-08-16T12:49:13.280750,driver,D034,order_platform
EV-003557,O01212,ORDER_CREATED,2026-08-01T11:29:00,customer,C0807,order_platform
EV-003558,O01212,PICKED_UP,2026-08-01T12:02:48.391517,driver,D078,order_platform
EV-003559,O01212,DELIVERED,2026-08-01T12:54:18.363664,driver,D078,order_platform
EV-003560,O01213,ORDER_CREATED,2026-08-03T12:34:00,customer,C0183,order_platform
EV-003561,O01213,PICKED_UP,2026-08-03T13:02:32.140915,driver,D026,order_platform
EV-003562,O01213,DELIVERED,2026-08-03T14:01:44.655362,driver,D026,order_platform
EV-003563,O01214,ORDER_CREATED,2026-08-26T12:31:00,customer,C0701,order_platform
EV-003564,O01214,PICKED_UP,2026-08-26T12:59:33.008767,driver,D060,order_platform
EV-003565,O01215,ORDER_CREATED,2026-08-26T22:08:00,customer,C0281,order_platform
EV-003566,O01215,PICKED_UP,2026-08-26T22:32:23.959819,driver,D057,order_platform
EV-003567,O01215,DELIVERED,2026-08-26T23:10:19.228154,driver,D057,order_platform
EV-003568,O01216,ORDER_CREATED,2026-08-27T18:53:00,customer,C0574,order_platform
EV-003569,O01216,PICKED_UP,2026-08-27T19:23:17.417668,driver,D102,order_platform
EV-003570,O01216,DELIVERED,2026-08-27T20:12:33.991878,driver,D102,order_platform
EV-003571,O01217,ORDER_CREATED,2026-08-27T16:35:00,customer,C0400,order_platform
EV-003572,O01217,PICKED_UP,2026-08-27T17:19:07.959192,driver,D066,order_platform
EV-003573,O01217,DELIVERED,2026-08-27T18:09:50.189024,driver,D066,order_platform
EV-003574,O01218,ORDER_CREATED,2026-08-18T19:53:00,customer,C0121,order_platform
EV-003575,O01218,PICKED_UP,2026-08-18T20:01:18.248520,driver,D073,order_platform
EV-003576,O01218,DELIVERED,2026-08-18T20:31:13.328807,driver,D073,order_platform
EV-003577,O01219,ORDER_CREATED,2026-08-13T23:58:00,customer,C0670,order_platform
EV-003578,O01219,PICKED_UP,2026-08-14T00:22:57.501947,driver,D092,order_platform
EV-003579,O01219,DELIVERED,2026-08-14T01:11:12.879822,driver,D092,order_platform
EV-003580,O01220,ORDER_CREATED,2026-08-20T21:08:00,customer,C0582,order_platform
EV-003581,O01220,PICKED_UP,2026-08-20T21:33:57.423914,driver,D116,order_platform
EV-003582,O01220,DELIVERED,2026-08-20T22:15:18.705814,driver,D116,order_platform
EV-003583,O01221,ORDER_CREATED,2026-08-09T18:32:00,customer,C0840,order_platform
EV-003584,O01221,PICKED_UP,2026-08-09T18:53:59.377291,driver,D076,order_platform
EV-003585,O01221,DELIVERED,2026-08-09T19:29:08.365544,driver,D076,order_platform
EV-003586,O01222,ORDER_CREATED,2026-08-06T14:46:00,customer,C0463,order_platform
EV-003587,O01222,PICKED_UP,2026-08-06T15:14:19.835816,driver,D016,order_platform
EV-003588,O01223,ORDER_CREATED,2026-08-01T12:01:00,customer,C0380,order_platform
EV-003589,O01223,PICKED_UP,2026-08-01T12:21:39.979746,driver,D052,order_platform
EV-003590,O01223,DELIVERED,2026-08-01T13:01:05.155441,driver,D052,order_platform
EV-003591,O01224,ORDER_CREATED,2026-08-26T11:37:00,customer,C0800,order_platform
EV-003592,O01224,PICKED_UP,2026-08-26T11:49:56.290208,driver,D114,order_platform
EV-003593,O01224,DELIVERED,2026-08-26T13:04:39.723814,driver,D114,order_platform
EV-003594,O01225,ORDER_CREATED,2026-08-24T19:02:00,customer,C0316,order_platform
EV-003595,O01225,PICKED_UP,2026-08-24T19:10:17.818120,driver,D047,order_platform
EV-003596,O01225,DELIVERED,2026-08-24T20:01:08.154408,driver,D047,order_platform
EV-003597,O01226,ORDER_CREATED,2026-08-27T23:32:00,customer,C0637,order_platform
EV-003598,O01226,PICKED_UP,2026-08-28T00:01:11.852284,driver,D051,order_platform
EV-003599,O01226,DELIVERED,2026-08-28T00:17:19.910671,driver,D051,order_platform
EV-003600,O01227,ORDER_CREATED,2026-08-18T19:44:00,customer,C0407,order_platform
EV-003601,O01227,PICKED_UP,2026-08-18T20:09:56.966633,driver,D069,order_platform
EV-003602,O01227,DELIVERED,2026-08-18T20:40:12.833768,driver,D069,order_platform
EV-003603,O01228,ORDER_CREATED,2026-08-25T14:26:00,customer,C0349,order_platform
EV-003604,O01228,PICKED_UP,2026-08-25T14:34:45.057377,driver,D037,order_platform
EV-003605,O01228,DELIVERED,2026-08-25T15:21:32.161712,driver,D037,order_platform
EV-003606,O01229,ORDER_CREATED,2026-08-21T20:51:00,customer,C0232,order_platform
EV-003607,O01229,PICKED_UP,2026-08-21T21:11:36.941147,driver,D117,order_platform
EV-003608,O01229,DELIVERED,2026-08-21T21:38:05.311815,driver,D117,order_platform
EV-003609,O01230,ORDER_CREATED,2026-08-17T17:56:00,customer,C0292,order_platform
EV-003610,O01230,PICKED_UP,2026-08-17T18:27:23.020447,driver,D030,order_platform
EV-003611,O01230,DELIVERED,2026-08-17T19:15:32.869282,driver,D030,order_platform
EV-003612,O01231,ORDER_CREATED,2026-08-01T11:05:00,customer,C0689,order_platform
EV-003613,O01231,PICKED_UP,2026-08-01T11:21:44.054049,driver,D091,order_platform
EV-003614,O01231,DELIVERED,2026-08-01T12:07:11.607460,driver,D091,order_platform
EV-003615,O01232,ORDER_CREATED,2026-08-01T16:55:00,customer,C0671,order_platform
EV-003616,O01232,PICKED_UP,2026-08-01T17:40:07.555116,driver,D056,order_platform
EV-003617,O01232,DELIVERED,2026-08-01T18:24:58.831214,driver,D056,order_platform
EV-003618,O01233,ORDER_CREATED,2026-08-05T18:59:00,customer,C0426,order_platform
EV-003619,O01233,PICKED_UP,2026-08-05T19:41:48.212636,driver,D062,order_platform
EV-003620,O01233,DELIVERED,2026-08-05T20:13:10.543080,driver,D062,order_platform
EV-003621,O01234,ORDER_CREATED,2026-08-06T21:28:00,customer,C0205,order_platform
EV-003622,O01234,PICKED_UP,2026-08-06T21:46:50.017719,driver,D083,order_platform
EV-003623,O01234,DELIVERED,2026-08-06T22:36:36.750355,driver,D083,order_platform
EV-003624,O01235,ORDER_CREATED,2026-08-28T13:15:00,customer,C0772,order_platform
EV-003625,O01235,PICKED_UP,2026-08-28T14:04:54.255957,driver,D098,order_platform
EV-003626,O01235,DELIVERED,2026-08-28T15:08:17.715971,driver,D098,order_platform
EV-003627,O01236,ORDER_CREATED,2026-08-28T17:51:00,customer,C0215,order_platform
EV-003628,O01236,PICKED_UP,2026-08-28T18:14:32.584706,driver,D120,order_platform
EV-003629,O01236,DELIVERED,2026-08-28T19:03:33.847273,driver,D120,order_platform
EV-003630,O01237,ORDER_CREATED,2026-08-16T18:05:00,customer,C0329,order_platform
EV-003631,O01237,PICKED_UP,2026-08-16T18:36:04.006301,driver,D009,order_platform
EV-003632,O01238,ORDER_CREATED,2026-08-26T18:32:00,customer,C0265,order_platform
EV-003633,O01238,PICKED_UP,2026-08-26T18:51:49.938703,driver,D014,order_platform
EV-003634,O01238,DELIVERED,2026-08-26T19:48:01.941593,driver,D014,order_platform
EV-003635,O01239,ORDER_CREATED,2026-08-11T20:27:00,customer,C0628,order_platform
EV-003636,O01239,PICKED_UP,2026-08-11T20:44:28.524499,driver,D032,order_platform
EV-003637,O01239,DELIVERED,2026-08-11T21:38:56.128751,driver,D032,order_platform
EV-003638,O01240,ORDER_CREATED,2026-08-23T19:49:00,customer,C0326,order_platform
EV-003639,O01240,PICKED_UP,2026-08-23T20:25:47.845913,driver,D081,order_platform
EV-003640,O01241,ORDER_CREATED,2026-08-10T14:43:00,customer,C0181,order_platform
EV-003641,O01241,PICKED_UP,2026-08-10T15:05:06.945959,driver,D019,order_platform
EV-003642,O01241,DELIVERED,2026-08-10T15:33:23.600018,driver,D019,order_platform
EV-003643,O01242,ORDER_CREATED,2026-08-02T13:10:00,customer,C0435,order_platform
EV-003644,O01242,PICKED_UP,2026-08-02T13:27:04.663470,driver,D093,order_platform
EV-003645,O01242,DELIVERED,2026-08-02T13:53:18.435034,driver,D093,order_platform
EV-003646,O01243,ORDER_CREATED,2026-08-08T18:06:00,customer,C0226,order_platform
EV-003647,O01243,PICKED_UP,2026-08-08T18:29:31.965861,driver,D065,order_platform
EV-003648,O01243,DELIVERED,2026-08-08T19:28:14.018057,driver,D065,order_platform
EV-003649,O01244,ORDER_CREATED,2026-08-02T22:13:00,customer,C0026,order_platform
EV-003650,O01244,PICKED_UP,2026-08-02T22:40:01.538575,driver,D001,order_platform
EV-003651,O01244,DELIVERED,2026-08-02T23:35:34.225338,driver,D001,order_platform
EV-003652,O01245,ORDER_CREATED,2026-08-05T20:22:00,customer,C0637,order_platform
EV-003653,O01245,PICKED_UP,2026-08-05T20:56:45.868244,driver,D103,order_platform
EV-003654,O01245,DELIVERED,2026-08-05T21:29:37.794053,driver,D103,order_platform
EV-003655,O01246,ORDER_CREATED,2026-08-15T17:21:00,customer,C0436,order_platform
EV-003656,O01246,PICKED_UP,2026-08-15T18:12:26.178276,driver,D023,order_platform
EV-003657,O01246,DELIVERED,2026-08-15T18:50:16.168521,driver,D023,order_platform
EV-003658,O01247,ORDER_CREATED,2026-08-14T11:44:00,customer,C0540,order_platform
EV-003659,O01247,PICKED_UP,2026-08-14T12:14:53.269697,driver,D056,order_platform
EV-003660,O01247,DELIVERED,2026-08-14T13:01:47.588903,driver,D056,order_platform
EV-003661,O01248,ORDER_CREATED,2026-08-14T18:06:00,customer,C0482,order_platform
EV-003662,O01248,PICKED_UP,2026-08-14T18:42:38.252518,driver,D095,order_platform
EV-003663,O01248,DELIVERED,2026-08-14T19:38:18.942174,driver,D095,order_platform
EV-003664,O01249,ORDER_CREATED,2026-08-22T21:12:00,customer,C0826,order_platform
EV-003665,O01249,PICKED_UP,2026-08-22T21:34:35.078844,driver,D060,order_platform
EV-003666,O01249,DELIVERED,2026-08-22T21:55:10.337888,driver,D060,order_platform
EV-003667,O01250,ORDER_CREATED,2026-08-22T18:24:00,customer,C0222,order_platform
EV-003668,O01250,PICKED_UP,2026-08-22T19:02:25.883231,driver,D043,order_platform
EV-003669,O01250,DELIVERED,2026-08-22T20:00:50.161322,driver,D043,order_platform
EV-003670,O01251,ORDER_CREATED,2026-08-14T21:52:00,customer,C0181,order_platform
EV-003671,O01251,PICKED_UP,2026-08-14T22:19:18.973168,driver,D096,order_platform
EV-003672,O01251,DELIVERED,2026-08-14T23:10:16.278687,driver,D096,order_platform
EV-003673,O01252,ORDER_CREATED,2026-08-04T19:55:00,customer,C0039,order_platform
EV-003674,O01252,PICKED_UP,2026-08-04T20:11:39.697905,driver,D022,order_platform
EV-003675,O01253,ORDER_CREATED,2026-08-08T11:06:00,customer,C0217,order_platform
EV-003676,O01253,PICKED_UP,2026-08-08T11:17:22.235428,driver,D004,order_platform
EV-003677,O01253,DELIVERED,2026-08-08T12:03:14.031896,driver,D004,order_platform
EV-003678,O01254,ORDER_CREATED,2026-08-11T14:35:00,customer,C0302,order_platform
EV-003679,O01254,PICKED_UP,2026-08-11T15:10:42.967972,driver,D120,order_platform
EV-003680,O01254,DELIVERED,2026-08-11T15:52:43.713545,driver,D120,order_platform
EV-003681,O01255,ORDER_CREATED,2026-08-25T22:07:00,customer,C0679,order_platform
EV-003682,O01255,PICKED_UP,2026-08-25T22:34:48.125753,driver,D041,order_platform
EV-003683,O01255,DELIVERED,2026-08-25T23:19:18.867608,driver,D041,order_platform
EV-003684,O01256,ORDER_CREATED,2026-08-02T20:51:00,customer,C0721,order_platform
EV-003685,O01256,PICKED_UP,2026-08-02T21:16:53.980191,driver,D033,order_platform
EV-003686,O01256,DELIVERED,2026-08-02T22:05:36.476110,driver,D033,order_platform
EV-003687,O01257,ORDER_CREATED,2026-08-15T14:52:00,customer,C0572,order_platform
EV-003688,O01257,PICKED_UP,2026-08-15T15:21:03.506155,driver,D001,order_platform
EV-003689,O01257,DELIVERED,2026-08-15T16:17:29.430306,driver,D001,order_platform
EV-003690,O01258,ORDER_CREATED,2026-08-10T23:33:00,customer,C0464,order_platform
EV-003691,O01258,PICKED_UP,2026-08-10T23:59:56.085581,driver,D120,order_platform
EV-003692,O01258,DELIVERED,2026-08-11T00:32:31.643764,driver,D120,order_platform
EV-003693,O01259,ORDER_CREATED,2026-08-17T17:09:00,customer,C0267,order_platform
EV-003694,O01259,PICKED_UP,2026-08-17T17:38:27.775907,driver,D068,order_platform
EV-003695,O01259,DELIVERED,2026-08-17T18:32:49.382271,driver,D068,order_platform
EV-003696,O01260,ORDER_CREATED,2026-08-11T14:35:00,customer,C0654,order_platform
EV-003697,O01260,PICKED_UP,2026-08-11T14:54:03.597850,driver,D055,order_platform
EV-003698,O01260,DELIVERED,2026-08-11T15:55:30.552540,driver,D055,order_platform
EV-003699,O01261,ORDER_CREATED,2026-08-13T19:14:00,customer,C0821,order_platform
EV-003700,O01261,PICKED_UP,2026-08-13T19:39:09.682218,driver,D054,order_platform
EV-003701,O01261,DELIVERED,2026-08-13T20:22:24.506703,driver,D054,order_platform
EV-003702,O01262,ORDER_CREATED,2026-08-09T20:20:00,customer,C0200,order_platform
EV-003703,O01262,PICKED_UP,2026-08-09T20:43:49.698323,driver,D051,order_platform
EV-003704,O01262,DELIVERED,2026-08-09T21:29:17.874639,driver,D051,order_platform
EV-003705,O01263,ORDER_CREATED,2026-08-01T15:50:00,customer,C0691,order_platform
EV-003706,O01263,PICKED_UP,2026-08-01T16:07:35.559422,driver,D029,order_platform
EV-003707,O01263,DELIVERED,2026-08-01T16:52:18.296394,driver,D029,order_platform
EV-003708,O01264,ORDER_CREATED,2026-08-04T20:53:00,customer,C0259,order_platform
EV-003709,O01264,PICKED_UP,2026-08-04T21:08:27.291882,driver,D001,order_platform
EV-003710,O01264,DELIVERED,2026-08-04T21:58:19.657702,driver,D001,order_platform
EV-003711,O01265,ORDER_CREATED,2026-08-09T21:25:00,customer,C0272,order_platform
EV-003712,O01265,PICKED_UP,2026-08-09T21:49:58.805936,driver,D035,order_platform
EV-003713,O01265,DELIVERED,2026-08-09T22:39:24.320049,driver,D035,order_platform
EV-003714,O01266,ORDER_CREATED,2026-08-26T18:06:00,customer,C0426,order_platform
EV-003715,O01266,PICKED_UP,2026-08-26T18:34:34.203034,driver,D117,order_platform
EV-003716,O01266,DELIVERED,2026-08-26T19:36:06.399158,driver,D117,order_platform
EV-003717,O01267,ORDER_CREATED,2026-08-13T22:28:00,customer,C0802,order_platform
EV-003718,O01267,PICKED_UP,2026-08-13T23:00:04.078623,driver,D059,order_platform
EV-003719,O01267,DELIVERED,2026-08-13T23:48:49.190017,driver,D059,order_platform
EV-003720,O01268,ORDER_CREATED,2026-08-06T18:50:00,customer,C0881,order_platform
EV-003721,O01268,PICKED_UP,2026-08-06T19:32:01.340209,driver,D010,order_platform
EV-003722,O01268,DELIVERED,2026-08-06T20:41:25.341229,driver,D010,order_platform
EV-003723,O01269,ORDER_CREATED,2026-08-18T16:44:00,customer,C0626,order_platform
EV-003724,O01269,PICKED_UP,2026-08-18T17:10:41.761256,driver,D029,order_platform
EV-003725,O01269,DELIVERED,2026-08-18T17:42:28.291168,driver,D029,order_platform
EV-003726,O01270,ORDER_CREATED,2026-08-21T11:49:00,customer,C0035,order_platform
EV-003727,O01270,PICKED_UP,2026-08-21T12:24:58.657798,driver,D021,order_platform
EV-003728,O01270,DELIVERED,2026-08-21T13:20:16.588893,driver,D021,order_platform
EV-003729,O01271,ORDER_CREATED,2026-08-21T19:01:00,customer,C0288,order_platform
EV-003730,O01271,PICKED_UP,2026-08-21T19:22:00.842567,driver,D015,order_platform
EV-003731,O01271,DELIVERED,2026-08-21T20:10:02.156059,driver,D015,order_platform
EV-003732,O01272,ORDER_CREATED,2026-08-22T19:06:00,customer,C0807,order_platform
EV-003733,O01272,PICKED_UP,2026-08-22T19:45:11.555618,driver,D045,order_platform
EV-003734,O01272,DELIVERED,2026-08-22T20:13:09.933100,driver,D045,order_platform
EV-003735,O01273,ORDER_CREATED,2026-08-02T19:11:00,customer,C0716,order_platform
EV-003736,O01273,PICKED_UP,2026-08-02T19:38:45.515064,driver,D018,order_platform
EV-003737,O01274,ORDER_CREATED,2026-08-03T11:51:00,customer,C0338,order_platform
EV-003738,O01274,PICKED_UP,2026-08-03T12:17:04.137258,driver,D043,order_platform
EV-003739,O01274,DELIVERED,2026-08-03T13:06:55.838503,driver,D043,order_platform
EV-003740,O01275,ORDER_CREATED,2026-08-17T20:51:00,customer,C0244,order_platform
EV-003741,O01275,PICKED_UP,2026-08-17T21:10:08.260612,driver,D099,order_platform
EV-003742,O01275,DELIVERED,2026-08-17T21:26:10.127780,driver,D099,order_platform
EV-003743,O01276,ORDER_CREATED,2026-08-01T17:47:00,customer,C0251,order_platform
EV-003744,O01276,PICKED_UP,2026-08-01T18:07:53.087540,driver,D107,order_platform
EV-003745,O01276,DELIVERED,2026-08-01T19:16:03.760595,driver,D107,order_platform
EV-003746,O01277,ORDER_CREATED,2026-08-20T17:58:00,customer,C0798,order_platform
EV-003747,O01277,PICKED_UP,2026-08-20T18:26:54.577202,driver,D095,order_platform
EV-003748,O01277,DELIVERED,2026-08-20T19:18:56.964893,driver,D095,order_platform
EV-003749,O01278,ORDER_CREATED,2026-08-25T21:41:00,customer,C0538,order_platform
EV-003750,O01278,PICKED_UP,2026-08-25T22:12:04.503815,driver,D089,order_platform
EV-003751,O01278,DELIVERED,2026-08-25T23:00:21.036885,driver,D089,order_platform
EV-003752,O01279,ORDER_CREATED,2026-08-05T22:54:00,customer,C0262,order_platform
EV-003753,O01279,PICKED_UP,2026-08-05T23:22:22.657445,driver,D068,order_platform
EV-003754,O01279,DELIVERED,2026-08-06T00:26:03.873763,driver,D068,order_platform
EV-003755,O01280,ORDER_CREATED,2026-08-22T20:34:00,customer,C0394,order_platform
EV-003756,O01280,PICKED_UP,2026-08-22T21:08:49.439227,driver,D076,order_platform
EV-003757,O01280,DELIVERED,2026-08-22T21:51:22.575725,driver,D076,order_platform
EV-003758,O01281,ORDER_CREATED,2026-08-21T12:15:00,customer,C0552,order_platform
EV-003759,O01281,PICKED_UP,2026-08-21T12:52:44.291902,driver,D006,order_platform
EV-003760,O01281,DELIVERED,2026-08-21T13:41:26.617935,driver,D006,order_platform
EV-003761,O01282,ORDER_CREATED,2026-08-23T20:40:00,customer,C0778,order_platform
EV-003762,O01282,PICKED_UP,2026-08-23T21:15:36.051916,driver,D056,order_platform
EV-003763,O01282,DELIVERED,2026-08-23T21:49:37.504078,driver,D056,order_platform
EV-003764,O01283,ORDER_CREATED,2026-08-07T21:48:00,customer,C0050,order_platform
EV-003765,O01283,PICKED_UP,2026-08-07T22:12:22.619970,driver,D093,order_platform
EV-003766,O01283,DELIVERED,2026-08-07T22:41:18.116656,driver,D093,order_platform
EV-003767,O01284,ORDER_CREATED,2026-08-12T20:33:00,customer,C0432,order_platform
EV-003768,O01284,PICKED_UP,2026-08-12T20:50:08.807043,driver,D047,order_platform
EV-003769,O01284,DELIVERED,2026-08-12T21:37:15.998296,driver,D047,order_platform
EV-003770,O01285,ORDER_CREATED,2026-08-16T12:37:00,customer,C0886,order_platform
EV-003771,O01285,PICKED_UP,2026-08-16T12:59:58.979328,driver,D103,order_platform
EV-003772,O01285,DELIVERED,2026-08-16T13:53:03.935830,driver,D103,order_platform
EV-003773,O01286,ORDER_CREATED,2026-08-04T18:22:00,customer,C0295,order_platform
EV-003774,O01286,PICKED_UP,2026-08-04T18:50:06.132234,driver,D094,order_platform
EV-003775,O01286,DELIVERED,2026-08-04T19:43:07.180401,driver,D094,order_platform
EV-003776,O01287,ORDER_CREATED,2026-08-26T13:59:00,customer,C0084,order_platform
EV-003777,O01287,PICKED_UP,2026-08-26T14:19:26.920952,driver,D112,order_platform
EV-003778,O01287,DELIVERED,2026-08-26T14:47:22.383208,driver,D112,order_platform
EV-003779,O01288,ORDER_CREATED,2026-08-27T21:37:00,customer,C0282,order_platform
EV-003780,O01288,PICKED_UP,2026-08-27T22:09:31.766957,driver,D048,order_platform
EV-003781,O01289,ORDER_CREATED,2026-08-02T20:05:00,customer,C0004,order_platform
EV-003782,O01289,PICKED_UP,2026-08-02T20:28:34.171732,driver,D075,order_platform
EV-003783,O01289,DELIVERED,2026-08-02T21:24:59.900736,driver,D075,order_platform
EV-003784,O01290,ORDER_CREATED,2026-08-01T22:09:00,customer,C0523,order_platform
EV-003785,O01290,PICKED_UP,2026-08-01T22:30:44.610173,driver,D079,order_platform
EV-003786,O01290,DELIVERED,2026-08-01T23:04:52.731889,driver,D079,order_platform
EV-003787,O01291,ORDER_CREATED,2026-08-01T11:20:00,customer,C0301,order_platform
EV-003788,O01291,PICKED_UP,2026-08-01T11:56:41.036121,driver,D028,order_platform
EV-003789,O01291,DELIVERED,2026-08-01T12:48:40.823342,driver,D028,order_platform
EV-003790,O01292,ORDER_CREATED,2026-08-26T19:18:00,customer,C0498,order_platform
EV-003791,O01292,PICKED_UP,2026-08-26T19:28:47.410288,driver,D085,order_platform
EV-003792,O01292,DELIVERED,2026-08-26T20:32:34.254882,driver,D085,order_platform
EV-003793,O01293,ORDER_CREATED,2026-08-13T18:30:00,customer,C0512,order_platform
EV-003794,O01293,PICKED_UP,2026-08-13T19:01:48.671221,driver,D064,order_platform
EV-003795,O01293,DELIVERED,2026-08-13T20:00:13.890988,driver,D064,order_platform
EV-003796,O01294,ORDER_CREATED,2026-08-26T12:20:00,customer,C0269,order_platform
EV-003797,O01294,PICKED_UP,2026-08-26T12:53:09.159452,driver,D022,order_platform
EV-003798,O01294,DELIVERED,2026-08-26T13:46:54.337237,driver,D022,order_platform
EV-003799,O01295,ORDER_CREATED,2026-08-15T16:49:00,customer,C0630,order_platform
EV-003800,O01295,PICKED_UP,2026-08-15T17:18:09.517609,driver,D065,order_platform
EV-003801,O01295,DELIVERED,2026-08-15T17:52:50.034211,driver,D065,order_platform
EV-003802,O01296,ORDER_CREATED,2026-08-12T20:24:00,customer,C0265,order_platform
EV-003803,O01296,PICKED_UP,2026-08-12T21:08:08.989725,driver,D095,order_platform
EV-003804,O01296,DELIVERED,2026-08-12T21:50:42.629342,driver,D095,order_platform
EV-003805,O01297,ORDER_CREATED,2026-08-11T14:55:00,customer,C0348,order_platform
EV-003806,O01297,PICKED_UP,2026-08-11T15:29:45.031605,driver,D087,order_platform
EV-003807,O01297,DELIVERED,2026-08-11T16:07:31.039208,driver,D087,order_platform
EV-003808,O01298,ORDER_CREATED,2026-08-25T14:34:00,customer,C0121,order_platform
EV-003809,O01298,PICKED_UP,2026-08-25T15:06:28.638612,driver,D054,order_platform
EV-003810,O01298,DELIVERED,2026-08-25T15:53:46.933755,driver,D054,order_platform
EV-003811,O01299,ORDER_CREATED,2026-08-28T17:26:00,customer,C0800,order_platform
EV-003812,O01299,PICKED_UP,2026-08-28T17:48:09.603449,driver,D080,order_platform
EV-003813,O01299,DELIVERED,2026-08-28T18:34:19.577197,driver,D080,order_platform
EV-003814,O01300,ORDER_CREATED,2026-08-20T18:03:00,customer,C0045,order_platform
EV-003815,O01300,PICKED_UP,2026-08-20T18:40:50.679457,driver,D072,order_platform
EV-003816,O01300,DELIVERED,2026-08-20T19:03:28.951670,driver,D072,order_platform
EV-003817,O01301,ORDER_CREATED,2026-08-11T21:14:00,customer,C0342,order_platform
EV-003818,O01301,PICKED_UP,2026-08-11T21:45:28.673616,driver,D047,order_platform
EV-003819,O01301,DELIVERED,2026-08-11T22:40:29.304587,driver,D047,order_platform
EV-003820,O01302,ORDER_CREATED,2026-08-26T21:07:00,customer,C0116,order_platform
EV-003821,O01302,PICKED_UP,2026-08-26T21:35:26.474087,driver,D088,order_platform
EV-003822,O01302,DELIVERED,2026-08-26T22:20:27.428561,driver,D088,order_platform
EV-003823,O01303,ORDER_CREATED,2026-08-21T18:21:00,customer,C0487,order_platform
EV-003824,O01303,PICKED_UP,2026-08-21T18:47:09.144740,driver,D034,order_platform
EV-003825,O01303,DELIVERED,2026-08-21T19:03:45.787091,driver,D034,order_platform
EV-003826,O01304,ORDER_CREATED,2026-08-17T20:25:00,customer,C0831,order_platform
EV-003827,O01304,PICKED_UP,2026-08-17T20:50:09.227335,driver,D035,order_platform
EV-003828,O01304,DELIVERED,2026-08-17T21:39:23.386829,driver,D035,order_platform
EV-003829,O01305,ORDER_CREATED,2026-08-21T21:27:00,customer,C0729,order_platform
EV-003830,O01305,PICKED_UP,2026-08-21T21:36:20.357240,driver,D027,order_platform
EV-003831,O01305,DELIVERED,2026-08-21T22:15:09.580252,driver,D027,order_platform
EV-003832,O01306,ORDER_CREATED,2026-08-22T21:00:00,customer,C0629,order_platform
EV-003833,O01306,PICKED_UP,2026-08-22T21:26:31.794648,driver,D077,order_platform
EV-003834,O01306,DELIVERED,2026-08-22T22:19:48.732119,driver,D077,order_platform
EV-003835,O01307,ORDER_CREATED,2026-08-07T20:14:00,customer,C0086,order_platform
EV-003836,O01307,PICKED_UP,2026-08-07T21:01:16.491135,driver,D097,order_platform
EV-003837,O01307,DELIVERED,2026-08-07T21:31:40.783435,driver,D097,order_platform
EV-003838,O01308,ORDER_CREATED,2026-08-22T14:56:00,customer,C0581,order_platform
EV-003839,O01308,PICKED_UP,2026-08-22T15:19:38.568123,driver,D036,order_platform
EV-003840,O01308,DELIVERED,2026-08-22T16:06:00.162001,driver,D036,order_platform
EV-003841,O01309,ORDER_CREATED,2026-08-12T15:38:00,customer,C0374,order_platform
EV-003842,O01309,PICKED_UP,2026-08-12T15:55:15.341421,driver,D006,order_platform
EV-003843,O01309,DELIVERED,2026-08-12T16:57:01.692794,driver,D006,order_platform
EV-003844,O01310,ORDER_CREATED,2026-08-03T18:34:00,customer,C0122,order_platform
EV-003845,O01310,PICKED_UP,2026-08-03T19:12:43.171367,driver,D084,order_platform
EV-003846,O01310,DELIVERED,2026-08-03T19:47:04.962371,driver,D084,order_platform
EV-003847,O01311,ORDER_CREATED,2026-08-09T21:37:00,customer,C0203,order_platform
EV-003848,O01311,PICKED_UP,2026-08-09T21:52:34.470231,driver,D016,order_platform
EV-003849,O01312,ORDER_CREATED,2026-08-14T19:02:00,customer,C0206,order_platform
EV-003850,O01312,PICKED_UP,2026-08-14T20:03:23.614086,driver,D056,order_platform
EV-003851,O01312,DELIVERED,2026-08-14T20:54:36.321890,driver,D056,order_platform
EV-003852,O01313,ORDER_CREATED,2026-08-28T20:53:00,customer,C0838,order_platform
EV-003853,O01313,PICKED_UP,2026-08-28T21:31:27.974061,driver,D087,order_platform
EV-003854,O01313,DELIVERED,2026-08-28T22:24:45.314236,driver,D087,order_platform
EV-003855,O01314,ORDER_CREATED,2026-08-03T17:00:00,customer,C0162,order_platform
EV-003856,O01314,PICKED_UP,2026-08-03T17:40:03.263644,driver,D003,order_platform
EV-003857,O01314,DELIVERED,2026-08-03T18:33:06.595657,driver,D003,order_platform
EV-003858,O01315,ORDER_CREATED,2026-08-08T19:29:00,customer,C0803,order_platform
EV-003859,O01315,PICKED_UP,2026-08-08T20:06:53.437984,driver,D047,order_platform
EV-003860,O01315,DELIVERED,2026-08-08T20:54:16.384534,driver,D047,order_platform
EV-003861,O01316,ORDER_CREATED,2026-08-16T21:05:00,customer,C0808,order_platform
EV-003862,O01316,PICKED_UP,2026-08-16T21:29:43.007857,driver,D093,order_platform
EV-003863,O01316,DELIVERED,2026-08-16T22:14:38.652126,driver,D093,order_platform
EV-003864,O01317,ORDER_CREATED,2026-08-05T22:29:00,customer,C0365,order_platform
EV-003865,O01317,PICKED_UP,2026-08-05T22:56:38.925176,driver,D065,order_platform
EV-003866,O01317,DELIVERED,2026-08-05T23:33:02.550957,driver,D065,order_platform
EV-003867,O01318,ORDER_CREATED,2026-08-11T13:48:00,customer,C0340,order_platform
EV-003868,O01318,PICKED_UP,2026-08-11T14:08:18.290147,driver,D034,order_platform
EV-003869,O01318,DELIVERED,2026-08-11T15:03:33.750331,driver,D034,order_platform
EV-003870,O01319,ORDER_CREATED,2026-08-09T21:57:00,customer,C0239,order_platform
EV-003871,O01319,PICKED_UP,2026-08-09T22:17:42.550010,driver,D098,order_platform
EV-003872,O01319,DELIVERED,2026-08-09T23:09:10.787460,driver,D098,order_platform
EV-003873,O01320,ORDER_CREATED,2026-08-13T20:38:00,customer,C0330,order_platform
EV-003874,O01320,PICKED_UP,2026-08-13T21:00:44.003370,driver,D083,order_platform
EV-003875,O01320,DELIVERED,2026-08-13T21:46:45.033152,driver,D083,order_platform
EV-003876,O01321,ORDER_CREATED,2026-08-20T18:11:00,customer,C0179,order_platform
EV-003877,O01321,PICKED_UP,2026-08-20T18:59:17.486873,driver,D050,order_platform
EV-003878,O01321,DELIVERED,2026-08-20T19:45:29.940935,driver,D050,order_platform
EV-003879,O01322,ORDER_CREATED,2026-08-22T20:37:00,customer,C0460,order_platform
EV-003880,O01322,PICKED_UP,2026-08-22T21:04:21.008692,driver,D028,order_platform
EV-003881,O01322,DELIVERED,2026-08-22T22:03:24.781472,driver,D028,order_platform
EV-003882,O01323,ORDER_CREATED,2026-08-10T12:16:00,customer,C0084,order_platform
EV-003883,O01323,PICKED_UP,2026-08-10T13:02:50.777043,driver,D009,order_platform
EV-003884,O01323,DELIVERED,2026-08-10T13:53:54.206175,driver,D009,order_platform
EV-003885,O01324,ORDER_CREATED,2026-08-05T17:01:00,customer,C0290,order_platform
EV-003886,O01324,PICKED_UP,2026-08-05T17:20:18.107245,driver,D048,order_platform
EV-003887,O01324,DELIVERED,2026-08-05T17:58:37.123525,driver,D048,order_platform
EV-003888,O01325,ORDER_CREATED,2026-08-24T22:04:00,customer,C0382,order_platform
EV-003889,O01325,PICKED_UP,2026-08-24T22:36:50.389070,driver,D029,order_platform
EV-003890,O01325,DELIVERED,2026-08-24T23:22:08.362417,driver,D029,order_platform
EV-003891,O01326,ORDER_CREATED,2026-08-23T13:58:00,customer,C0051,order_platform
EV-003892,O01326,PICKED_UP,2026-08-23T14:27:47.108608,driver,D031,order_platform
EV-003893,O01326,DELIVERED,2026-08-23T15:10:37.358105,driver,D031,order_platform
EV-003894,O01327,ORDER_CREATED,2026-08-18T22:25:00,customer,C0702,order_platform
EV-003895,O01327,PICKED_UP,2026-08-18T22:43:40.149411,driver,D080,order_platform
EV-003896,O01327,DELIVERED,2026-08-18T23:38:02.434908,driver,D080,order_platform
EV-003897,O01328,ORDER_CREATED,2026-08-08T19:00:00,customer,C0878,order_platform
EV-003898,O01328,PICKED_UP,2026-08-08T19:44:43.765591,driver,D058,order_platform
EV-003899,O01328,DELIVERED,2026-08-08T20:37:09.457244,driver,D058,order_platform
EV-003900,O01329,ORDER_CREATED,2026-08-10T18:07:00,customer,C0436,order_platform
EV-003901,O01329,PICKED_UP,2026-08-10T18:22:48.937035,driver,D080,order_platform
EV-003902,O01329,DELIVERED,2026-08-10T18:57:26.545040,driver,D080,order_platform
EV-003903,O01330,ORDER_CREATED,2026-08-02T14:05:00,customer,C0078,order_platform
EV-003904,O01330,PICKED_UP,2026-08-02T14:43:10.570033,driver,D054,order_platform
EV-003905,O01330,DELIVERED,2026-08-02T15:40:13.018977,driver,D054,order_platform
EV-003906,O01331,ORDER_CREATED,2026-08-28T23:17:00,customer,C0744,order_platform
EV-003907,O01331,PICKED_UP,2026-08-28T23:54:32.108716,driver,D088,order_platform
EV-003908,O01331,DELIVERED,2026-08-29T00:50:53.383274,driver,D088,order_platform
EV-003909,O01332,ORDER_CREATED,2026-08-01T19:30:00,customer,C0585,order_platform
EV-003910,O01332,PICKED_UP,2026-08-01T20:08:01.818841,driver,D114,order_platform
EV-003911,O01333,ORDER_CREATED,2026-08-03T18:15:00,customer,C0479,order_platform
EV-003912,O01333,PICKED_UP,2026-08-03T18:37:46.074291,driver,D010,order_platform
EV-003913,O01333,DELIVERED,2026-08-03T19:37:32.588699,driver,D010,order_platform
EV-003914,O01334,ORDER_CREATED,2026-08-01T17:34:00,customer,C0692,order_platform
EV-003915,O01334,PICKED_UP,2026-08-01T18:05:27.720632,driver,D080,order_platform
EV-003916,O01334,DELIVERED,2026-08-01T19:01:00.646634,driver,D080,order_platform
EV-003917,O01335,ORDER_CREATED,2026-08-21T18:30:00,customer,C0736,order_platform
EV-003918,O01335,PICKED_UP,2026-08-21T18:53:50.361236,driver,D105,order_platform
EV-003919,O01335,DELIVERED,2026-08-21T19:10:55.202769,driver,D105,order_platform
EV-003920,O01336,ORDER_CREATED,2026-08-23T18:11:00,customer,C0238,order_platform
EV-003921,O01336,PICKED_UP,2026-08-23T18:43:27.475601,driver,D012,order_platform
EV-003922,O01336,DELIVERED,2026-08-23T19:33:04.742564,driver,D012,order_platform
EV-003923,O01337,ORDER_CREATED,2026-08-21T23:47:00,customer,C0274,order_platform
EV-003924,O01337,PICKED_UP,2026-08-22T00:09:32.393211,driver,D112,order_platform
EV-003925,O01337,DELIVERED,2026-08-22T00:58:02.769647,driver,D112,order_platform
EV-003926,O01338,ORDER_CREATED,2026-08-05T14:59:00,customer,C0327,order_platform
EV-003927,O01338,PICKED_UP,2026-08-05T15:31:08.662784,driver,D013,order_platform
EV-003928,O01338,DELIVERED,2026-08-05T16:36:21.975364,driver,D013,order_platform
EV-003929,O01339,ORDER_CREATED,2026-08-20T19:05:00,customer,C0604,order_platform
EV-003930,O01339,PICKED_UP,2026-08-20T19:29:01.141679,driver,D010,order_platform
EV-003931,O01339,DELIVERED,2026-08-20T19:53:45.274380,driver,D010,order_platform
EV-003932,O01340,ORDER_CREATED,2026-08-06T20:15:00,customer,C0080,order_platform
EV-003933,O01340,PICKED_UP,2026-08-06T20:41:00.609627,driver,D049,order_platform
EV-003934,O01340,DELIVERED,2026-08-06T21:18:34.965229,driver,D049,order_platform
EV-003935,O01341,ORDER_CREATED,2026-08-09T17:17:00,customer,C0478,order_platform
EV-003936,O01341,PICKED_UP,2026-08-09T17:53:07.945456,driver,D017,order_platform
EV-003937,O01341,DELIVERED,2026-08-09T18:31:04.078144,driver,D017,order_platform
EV-003938,O01342,ORDER_CREATED,2026-08-27T19:21:00,customer,C0381,order_platform
EV-003939,O01342,PICKED_UP,2026-08-27T19:40:45.473448,driver,D026,order_platform
EV-003940,O01342,DELIVERED,2026-08-27T20:26:44.018835,driver,D026,order_platform
EV-003941,O01343,ORDER_CREATED,2026-08-01T13:24:00,customer,C0859,order_platform
EV-003942,O01343,PICKED_UP,2026-08-01T13:56:28.835701,driver,D028,order_platform
EV-003943,O01344,ORDER_CREATED,2026-08-13T14:53:00,customer,C0134,order_platform
EV-003944,O01344,PICKED_UP,2026-08-13T15:20:52.395521,driver,D008,order_platform
EV-003945,O01344,DELIVERED,2026-08-13T16:07:19.630323,driver,D008,order_platform
EV-003946,O01345,ORDER_CREATED,2026-08-02T19:10:00,customer,C0161,order_platform
EV-003947,O01345,PICKED_UP,2026-08-02T19:30:10.348773,driver,D002,order_platform
EV-003948,O01345,DELIVERED,2026-08-02T19:53:57.070839,driver,D002,order_platform
EV-003949,O01346,ORDER_CREATED,2026-08-19T19:11:00,customer,C0574,order_platform
EV-003950,O01346,PICKED_UP,2026-08-19T19:39:13.567087,driver,D076,order_platform
EV-003951,O01347,ORDER_CREATED,2026-08-12T22:31:00,customer,C0771,order_platform
EV-003952,O01347,PICKED_UP,2026-08-12T22:47:36.900272,driver,D027,order_platform
EV-003953,O01347,DELIVERED,2026-08-12T23:51:59.461035,driver,D027,order_platform
EV-003954,O01348,ORDER_CREATED,2026-08-04T20:38:00,customer,C0045,order_platform
EV-003955,O01348,PICKED_UP,2026-08-04T20:49:16.066770,driver,D045,order_platform
EV-003956,O01348,DELIVERED,2026-08-04T21:33:07.156429,driver,D045,order_platform
EV-003957,O01349,ORDER_CREATED,2026-08-16T19:03:00,customer,C0771,order_platform
EV-003958,O01349,PICKED_UP,2026-08-16T19:47:08.127592,driver,D058,order_platform
EV-003959,O01349,DELIVERED,2026-08-16T20:31:17.649194,driver,D058,order_platform
EV-003960,O01350,ORDER_CREATED,2026-08-05T20:57:00,customer,C0149,order_platform
EV-003961,O01350,PICKED_UP,2026-08-05T21:17:08.496058,driver,D027,order_platform
EV-003962,O01350,DELIVERED,2026-08-05T22:08:01.603997,driver,D027,order_platform
EV-003963,O01351,ORDER_CREATED,2026-08-16T20:20:00,customer,C0205,order_platform
EV-003964,O01351,PICKED_UP,2026-08-16T20:54:26.017959,driver,D040,order_platform
EV-003965,O01351,DELIVERED,2026-08-16T21:46:53.289624,driver,D040,order_platform
EV-003966,O01352,ORDER_CREATED,2026-08-07T12:51:00,customer,C0892,order_platform
EV-003967,O01352,PICKED_UP,2026-08-07T13:15:59.473154,driver,D102,order_platform
EV-003968,O01352,DELIVERED,2026-08-07T13:58:25.477667,driver,D102,order_platform
EV-003969,O01353,ORDER_CREATED,2026-08-14T16:56:00,customer,C0191,order_platform
EV-003970,O01353,PICKED_UP,2026-08-14T17:24:43.303907,driver,D043,order_platform
EV-003971,O01353,DELIVERED,2026-08-14T17:57:06.899349,driver,D043,order_platform
EV-003972,O01354,ORDER_CREATED,2026-08-25T13:15:00,customer,C0506,order_platform
EV-003973,O01354,PICKED_UP,2026-08-25T13:37:59.213347,driver,D101,order_platform
EV-003974,O01354,DELIVERED,2026-08-25T14:41:06.694374,driver,D101,order_platform
EV-003975,O01355,ORDER_CREATED,2026-08-07T13:52:00,customer,C0661,order_platform
EV-003976,O01355,PICKED_UP,2026-08-07T14:10:18.275390,driver,D118,order_platform
EV-003977,O01355,DELIVERED,2026-08-07T14:36:42.814239,driver,D118,order_platform
EV-003978,O01356,ORDER_CREATED,2026-08-05T16:48:00,customer,C0196,order_platform
EV-003979,O01356,PICKED_UP,2026-08-05T17:21:44.553203,driver,D071,order_platform
EV-003980,O01356,DELIVERED,2026-08-05T17:46:34.156863,driver,D071,order_platform
EV-003981,O01357,ORDER_CREATED,2026-08-11T19:02:00,customer,C0583,order_platform
EV-003982,O01357,PICKED_UP,2026-08-11T19:46:33.913545,driver,D045,order_platform
EV-003983,O01358,ORDER_CREATED,2026-08-08T20:11:00,customer,C0311,order_platform
EV-003984,O01358,PICKED_UP,2026-08-08T20:29:09.945006,driver,D035,order_platform
EV-003985,O01358,DELIVERED,2026-08-08T21:12:28.400388,driver,D035,order_platform
EV-003986,O01359,ORDER_CREATED,2026-08-05T21:03:00,customer,C0249,order_platform
EV-003987,O01359,PICKED_UP,2026-08-05T21:29:27.742669,driver,D067,order_platform
EV-003988,O01359,DELIVERED,2026-08-05T22:29:46.103266,driver,D067,order_platform
EV-003989,O01360,ORDER_CREATED,2026-08-14T23:46:00,customer,C0877,order_platform
EV-003990,O01360,PICKED_UP,2026-08-15T00:10:22.794975,driver,D113,order_platform
EV-003991,O01360,DELIVERED,2026-08-15T01:13:05.140527,driver,D113,order_platform
EV-003992,O01361,ORDER_CREATED,2026-08-18T17:15:00,customer,C0131,order_platform
EV-003993,O01361,PICKED_UP,2026-08-18T17:28:57.495922,driver,D119,order_platform
EV-003994,O01361,DELIVERED,2026-08-18T17:54:03.885598,driver,D119,order_platform
EV-003995,O01362,ORDER_CREATED,2026-08-10T20:08:00,customer,C0448,order_platform
EV-003996,O01362,PICKED_UP,2026-08-10T20:45:44.371040,driver,D048,order_platform
EV-003997,O01362,DELIVERED,2026-08-10T21:38:08.358523,driver,D048,order_platform
EV-003998,O01363,ORDER_CREATED,2026-08-14T20:00:00,customer,C0337,order_platform
EV-003999,O01363,PICKED_UP,2026-08-14T20:20:32.834529,driver,D032,order_platform
EV-004000,O01363,DELIVERED,2026-08-14T21:12:53.167391,driver,D032,order_platform
EV-004001,O01364,ORDER_CREATED,2026-08-11T19:41:00,customer,C0078,order_platform
EV-004002,O01364,PICKED_UP,2026-08-11T19:58:37.161511,driver,D080,order_platform
EV-004003,O01364,DELIVERED,2026-08-11T20:37:24.833264,driver,D080,order_platform
EV-004004,O01365,ORDER_CREATED,2026-08-17T17:37:00,customer,C0896,order_platform
EV-004005,O01365,PICKED_UP,2026-08-17T18:15:13.434878,driver,D117,order_platform
EV-004006,O01365,DELIVERED,2026-08-17T19:05:23.185252,driver,D117,order_platform
EV-004007,O01366,ORDER_CREATED,2026-08-13T12:06:00,customer,C0809,order_platform
EV-004008,O01366,PICKED_UP,2026-08-13T12:41:03.479924,driver,D012,order_platform
EV-004009,O01366,DELIVERED,2026-08-13T13:30:20.582006,driver,D012,order_platform
EV-004010,O01367,ORDER_CREATED,2026-08-03T13:28:00,customer,C0826,order_platform
EV-004011,O01367,PICKED_UP,2026-08-03T14:02:33.077308,driver,D034,order_platform
EV-004012,O01367,DELIVERED,2026-08-03T14:40:56.550378,driver,D034,order_platform
EV-004013,O01368,ORDER_CREATED,2026-08-23T18:32:00,customer,C0168,order_platform
EV-004014,O01368,PICKED_UP,2026-08-23T18:47:38.011478,driver,D090,order_platform
EV-004015,O01368,DELIVERED,2026-08-23T19:40:23.865007,driver,D090,order_platform
EV-004016,O01369,ORDER_CREATED,2026-08-24T14:46:00,customer,C0632,order_platform
EV-004017,O01369,PICKED_UP,2026-08-24T15:12:29.391767,driver,D093,order_platform
EV-004018,O01369,DELIVERED,2026-08-24T15:39:20.638149,driver,D093,order_platform
EV-004019,O01370,ORDER_CREATED,2026-08-26T17:56:00,customer,C0383,order_platform
EV-004020,O01370,PICKED_UP,2026-08-26T18:29:50.498704,driver,D095,order_platform
EV-004021,O01370,DELIVERED,2026-08-26T19:18:48.031136,driver,D095,order_platform
EV-004022,O01371,ORDER_CREATED,2026-08-04T17:22:00,customer,C0594,order_platform
EV-004023,O01371,PICKED_UP,2026-08-04T17:52:54.643929,driver,D081,order_platform
EV-004024,O01371,DELIVERED,2026-08-04T18:48:50.937937,driver,D081,order_platform
EV-004025,O01372,ORDER_CREATED,2026-08-16T17:00:00,customer,C0293,order_platform
EV-004026,O01372,PICKED_UP,2026-08-16T17:16:17.621768,driver,D056,order_platform
EV-004027,O01372,DELIVERED,2026-08-16T17:42:57.073731,driver,D056,order_platform
EV-004028,O01373,ORDER_CREATED,2026-08-06T21:55:00,customer,C0299,order_platform
EV-004029,O01373,PICKED_UP,2026-08-06T22:19:33.683048,driver,D032,order_platform
EV-004030,O01374,ORDER_CREATED,2026-08-27T18:02:00,customer,C0288,order_platform
EV-004031,O01374,PICKED_UP,2026-08-27T18:20:54.862085,driver,D054,order_platform
EV-004032,O01374,DELIVERED,2026-08-27T19:16:25.365424,driver,D054,order_platform
EV-004033,O01375,ORDER_CREATED,2026-08-26T19:46:00,customer,C0802,order_platform
EV-004034,O01375,PICKED_UP,2026-08-26T20:18:24.543222,driver,D095,order_platform
EV-004035,O01375,DELIVERED,2026-08-26T20:58:45.864133,driver,D095,order_platform
EV-004036,O01376,ORDER_CREATED,2026-08-27T21:56:00,customer,C0456,order_platform
EV-004037,O01376,PICKED_UP,2026-08-27T22:08:51.758186,driver,D044,order_platform
EV-004038,O01376,DELIVERED,2026-08-27T22:35:14.967480,driver,D044,order_platform
EV-004039,O01377,ORDER_CREATED,2026-08-13T20:31:00,customer,C0099,order_platform
EV-004040,O01377,PICKED_UP,2026-08-13T20:57:03.404423,driver,D061,order_platform
EV-004041,O01377,DELIVERED,2026-08-13T21:32:13.415343,driver,D061,order_platform
EV-004042,O01378,ORDER_CREATED,2026-08-14T11:45:00,customer,C0391,order_platform
EV-004043,O01378,PICKED_UP,2026-08-14T12:06:51.466062,driver,D042,order_platform
EV-004044,O01379,ORDER_CREATED,2026-08-12T22:38:00,customer,C0613,order_platform
EV-004045,O01379,PICKED_UP,2026-08-12T22:52:09.327935,driver,D006,order_platform
EV-004046,O01379,DELIVERED,2026-08-12T23:31:04.738088,driver,D006,order_platform
EV-004047,O01380,ORDER_CREATED,2026-08-15T18:34:00,customer,C0743,order_platform
EV-004048,O01380,PICKED_UP,2026-08-15T19:00:16.763756,driver,D036,order_platform
EV-004049,O01380,DELIVERED,2026-08-15T19:50:59.245597,driver,D036,order_platform
EV-004050,O01381,ORDER_CREATED,2026-08-05T21:20:00,customer,C0458,order_platform
EV-004051,O01381,PICKED_UP,2026-08-05T21:38:45.834988,driver,D050,order_platform
EV-004052,O01381,DELIVERED,2026-08-05T22:10:53.839592,driver,D050,order_platform
EV-004053,O01382,ORDER_CREATED,2026-08-21T17:35:00,customer,C0561,order_platform
EV-004054,O01382,PICKED_UP,2026-08-21T18:05:18.435233,driver,D024,order_platform
EV-004055,O01382,DELIVERED,2026-08-21T18:36:06.694493,driver,D024,order_platform
EV-004056,O01383,ORDER_CREATED,2026-08-21T22:05:00,customer,C0701,order_platform
EV-004057,O01383,PICKED_UP,2026-08-21T22:19:16.513107,driver,D049,order_platform
EV-004058,O01383,DELIVERED,2026-08-21T23:00:30.089088,driver,D049,order_platform
EV-004059,O01384,ORDER_CREATED,2026-08-27T11:26:00,customer,C0859,order_platform
EV-004060,O01384,PICKED_UP,2026-08-27T11:46:29.699192,driver,D050,order_platform
EV-004061,O01384,DELIVERED,2026-08-27T12:33:00.647621,driver,D050,order_platform
EV-004062,O01385,ORDER_CREATED,2026-08-02T19:50:00,customer,C0863,order_platform
EV-004063,O01385,PICKED_UP,2026-08-02T20:19:01.374983,driver,D049,order_platform
EV-004064,O01385,DELIVERED,2026-08-02T20:44:32.037572,driver,D049,order_platform
EV-004065,O01386,ORDER_CREATED,2026-08-11T16:37:00,customer,C0217,order_platform
EV-004066,O01386,PICKED_UP,2026-08-11T16:57:03.074356,driver,D016,order_platform
EV-004067,O01386,DELIVERED,2026-08-11T17:53:00.000160,driver,D016,order_platform
EV-004068,O01387,ORDER_CREATED,2026-08-16T19:35:00,customer,C0239,order_platform
EV-004069,O01387,PICKED_UP,2026-08-16T20:06:16.569207,driver,D057,order_platform
EV-004070,O01387,DELIVERED,2026-08-16T20:57:15.267512,driver,D057,order_platform
EV-004071,O01388,ORDER_CREATED,2026-08-13T12:15:00,customer,C0745,order_platform
EV-004072,O01388,PICKED_UP,2026-08-13T12:38:22.133197,driver,D031,order_platform
EV-004073,O01388,DELIVERED,2026-08-13T13:25:37.624727,driver,D031,order_platform
EV-004074,O01389,ORDER_CREATED,2026-08-26T18:41:00,customer,C0812,order_platform
EV-004075,O01389,PICKED_UP,2026-08-26T18:56:28.321765,driver,D089,order_platform
EV-004076,O01389,DELIVERED,2026-08-26T19:46:39.150208,driver,D089,order_platform
EV-004077,O01390,ORDER_CREATED,2026-08-15T19:14:00,customer,C0499,order_platform
EV-004078,O01390,PICKED_UP,2026-08-15T19:30:43.366780,driver,D077,order_platform
EV-004079,O01390,DELIVERED,2026-08-15T20:22:54.243246,driver,D077,order_platform
EV-004080,O01391,ORDER_CREATED,2026-08-17T19:55:00,customer,C0408,order_platform
EV-004081,O01391,PICKED_UP,2026-08-17T20:21:09.177652,driver,D025,order_platform
EV-004082,O01391,DELIVERED,2026-08-17T21:10:29.590752,driver,D025,order_platform
EV-004083,O01392,ORDER_CREATED,2026-08-22T21:20:00,customer,C0268,order_platform
EV-004084,O01392,PICKED_UP,2026-08-22T21:39:07.429179,driver,D113,order_platform
EV-004085,O01392,DELIVERED,2026-08-22T22:12:14.759870,driver,D113,order_platform
EV-004086,O01393,ORDER_CREATED,2026-08-04T23:19:00,customer,C0011,order_platform
EV-004087,O01393,PICKED_UP,2026-08-04T23:44:54.463103,driver,D085,order_platform
EV-004088,O01393,DELIVERED,2026-08-05T00:04:10.291081,driver,D085,order_platform
EV-004089,O01394,ORDER_CREATED,2026-08-21T20:52:00,customer,C0795,order_platform
EV-004090,O01394,PICKED_UP,2026-08-21T21:23:09.159942,driver,D017,order_platform
EV-004091,O01394,DELIVERED,2026-08-21T21:55:56.159110,driver,D017,order_platform
EV-004092,O01395,ORDER_CREATED,2026-08-21T15:27:00,customer,C0839,order_platform
EV-004093,O01395,PICKED_UP,2026-08-21T15:53:49.003331,driver,D003,order_platform
EV-004094,O01395,DELIVERED,2026-08-21T16:41:02.739630,driver,D003,order_platform
EV-004095,O01396,ORDER_CREATED,2026-08-11T18:48:00,customer,C0263,order_platform
EV-004096,O01396,PICKED_UP,2026-08-11T19:06:52.220714,driver,D011,order_platform
EV-004097,O01396,DELIVERED,2026-08-11T19:59:36.784865,driver,D011,order_platform
EV-004098,O01397,ORDER_CREATED,2026-08-18T20:13:00,customer,C0222,order_platform
EV-004099,O01397,PICKED_UP,2026-08-18T20:34:03.310912,driver,D056,order_platform
EV-004100,O01397,DELIVERED,2026-08-18T21:30:44.693994,driver,D056,order_platform
EV-004101,O01398,ORDER_CREATED,2026-08-24T17:35:00,customer,C0285,order_platform
EV-004102,O01398,PICKED_UP,2026-08-24T18:09:33.219039,driver,D029,order_platform
EV-004103,O01399,ORDER_CREATED,2026-08-21T18:34:00,customer,C0833,order_platform
EV-004104,O01399,PICKED_UP,2026-08-21T19:01:56.285290,driver,D022,order_platform
EV-004105,O01399,DELIVERED,2026-08-21T19:48:59.862746,driver,D022,order_platform
EV-004106,O01400,ORDER_CREATED,2026-08-04T17:35:00,customer,C0348,order_platform
EV-004107,O01400,PICKED_UP,2026-08-04T18:06:51.027410,driver,D031,order_platform
EV-004108,O01400,DELIVERED,2026-08-04T18:57:15.702810,driver,D031,order_platform
EV-004109,O01401,ORDER_CREATED,2026-08-18T14:31:00,customer,C0598,order_platform
EV-004110,O01401,PICKED_UP,2026-08-18T14:55:32.867745,driver,D071,order_platform
EV-004111,O01401,DELIVERED,2026-08-18T15:49:30.321909,driver,D071,order_platform
EV-004112,O01402,ORDER_CREATED,2026-08-05T17:54:00,customer,C0853,order_platform
EV-004113,O01402,PICKED_UP,2026-08-05T18:09:34.199053,driver,D046,order_platform
EV-004114,O01402,DELIVERED,2026-08-05T18:57:01.797266,driver,D046,order_platform
EV-004115,O01403,ORDER_CREATED,2026-08-24T17:26:00,customer,C0497,order_platform
EV-004116,O01403,PICKED_UP,2026-08-24T18:17:58.127167,driver,D099,order_platform
EV-004117,O01403,DELIVERED,2026-08-24T19:24:32.047659,driver,D099,order_platform
EV-004118,O01404,ORDER_CREATED,2026-08-20T19:02:00,customer,C0714,order_platform
EV-004119,O01404,PICKED_UP,2026-08-20T19:13:50.654047,driver,D055,order_platform
EV-004120,O01404,DELIVERED,2026-08-20T20:15:11.542465,driver,D055,order_platform
EV-004121,O01405,ORDER_CREATED,2026-08-09T16:39:00,customer,C0220,order_platform
EV-004122,O01405,PICKED_UP,2026-08-09T17:12:33.325705,driver,D103,order_platform
EV-004123,O01405,DELIVERED,2026-08-09T18:01:17.726468,driver,D103,order_platform
EV-004124,O01406,ORDER_CREATED,2026-08-07T12:37:00,customer,C0546,order_platform
EV-004125,O01406,PICKED_UP,2026-08-07T12:57:15.536339,driver,D064,order_platform
EV-004126,O01406,DELIVERED,2026-08-07T14:01:07.372063,driver,D064,order_platform
EV-004127,O01407,ORDER_CREATED,2026-08-02T11:59:00,customer,C0340,order_platform
EV-004128,O01407,PICKED_UP,2026-08-02T12:14:13.949820,driver,D081,order_platform
EV-004129,O01407,DELIVERED,2026-08-02T13:12:49.696042,driver,D081,order_platform
EV-004130,O01408,ORDER_CREATED,2026-08-10T22:16:00,customer,C0499,order_platform
EV-004131,O01408,PICKED_UP,2026-08-10T23:06:54.580321,driver,D095,order_platform
EV-004132,O01408,DELIVERED,2026-08-10T23:44:42.656177,driver,D095,order_platform
EV-004133,O01409,ORDER_CREATED,2026-08-16T16:53:00,customer,C0650,order_platform
EV-004134,O01409,PICKED_UP,2026-08-16T17:29:47.991720,driver,D034,order_platform
EV-004135,O01409,DELIVERED,2026-08-16T18:18:48.894187,driver,D034,order_platform
EV-004136,O01410,ORDER_CREATED,2026-08-10T15:31:00,customer,C0370,order_platform
EV-004137,O01410,PICKED_UP,2026-08-10T16:12:32.730723,driver,D024,order_platform
EV-004138,O01410,DELIVERED,2026-08-10T17:08:28.960826,driver,D024,order_platform
EV-004139,O01411,ORDER_CREATED,2026-08-11T12:04:00,customer,C0168,order_platform
EV-004140,O01411,PICKED_UP,2026-08-11T12:33:33.022318,driver,D110,order_platform
EV-004141,O01411,DELIVERED,2026-08-11T13:23:19.675775,driver,D110,order_platform
EV-004142,O01412,ORDER_CREATED,2026-08-21T18:27:00,customer,C0438,order_platform
EV-004143,O01412,PICKED_UP,2026-08-21T19:00:36.772381,driver,D051,order_platform
EV-004144,O01413,ORDER_CREATED,2026-08-23T20:00:00,customer,C0356,order_platform
EV-004145,O01413,PICKED_UP,2026-08-23T20:21:34.157661,driver,D064,order_platform
EV-004146,O01413,DELIVERED,2026-08-23T21:14:03.581181,driver,D064,order_platform
EV-004147,O01414,ORDER_CREATED,2026-08-05T13:47:00,customer,C0877,order_platform
EV-004148,O01414,PICKED_UP,2026-08-05T14:05:18.727367,driver,D003,order_platform
EV-004149,O01414,DELIVERED,2026-08-05T14:51:19.174334,driver,D003,order_platform
EV-004150,O01415,ORDER_CREATED,2026-08-08T14:47:00,customer,C0244,order_platform
EV-004151,O01415,PICKED_UP,2026-08-08T15:09:20.023241,driver,D078,order_platform
EV-004152,O01416,ORDER_CREATED,2026-08-06T19:03:00,customer,C0554,order_platform
EV-004153,O01416,PICKED_UP,2026-08-06T19:41:59.029158,driver,D063,order_platform
EV-004154,O01416,DELIVERED,2026-08-06T20:32:10.298755,driver,D063,order_platform
EV-004155,O01417,ORDER_CREATED,2026-08-12T13:24:00,customer,C0581,order_platform
EV-004156,O01417,PICKED_UP,2026-08-12T13:59:54.167072,driver,D103,order_platform
EV-004157,O01417,DELIVERED,2026-08-12T15:05:52.636359,driver,D103,order_platform
EV-004158,O01418,ORDER_CREATED,2026-08-26T16:28:00,customer,C0715,order_platform
EV-004159,O01418,PICKED_UP,2026-08-26T16:53:03.236971,driver,D117,order_platform
EV-004160,O01418,DELIVERED,2026-08-26T17:08:19.251648,driver,D117,order_platform
EV-004161,O01419,ORDER_CREATED,2026-08-19T18:40:00,customer,C0641,order_platform
EV-004162,O01419,PICKED_UP,2026-08-19T18:58:21.755599,driver,D089,order_platform
EV-004163,O01419,DELIVERED,2026-08-19T19:32:20.715090,driver,D089,order_platform
EV-004164,O01420,ORDER_CREATED,2026-08-13T23:23:00,customer,C0501,order_platform
EV-004165,O01420,PICKED_UP,2026-08-13T23:55:02.327491,driver,D076,order_platform
EV-004166,O01420,DELIVERED,2026-08-14T00:50:50.769822,driver,D076,order_platform
EV-004167,O01421,ORDER_CREATED,2026-08-09T22:25:00,customer,C0079,order_platform
EV-004168,O01421,PICKED_UP,2026-08-09T22:49:48.480364,driver,D105,order_platform
EV-004169,O01421,DELIVERED,2026-08-09T23:34:11.926898,driver,D105,order_platform
EV-004170,O01422,ORDER_CREATED,2026-08-25T23:31:00,customer,C0834,order_platform
EV-004171,O01422,PICKED_UP,2026-08-26T00:07:17.676523,driver,D087,order_platform
EV-004172,O01422,DELIVERED,2026-08-26T01:04:59.997287,driver,D087,order_platform
EV-004173,O01423,ORDER_CREATED,2026-08-14T18:32:00,customer,C0016,order_platform
EV-004174,O01423,PICKED_UP,2026-08-14T18:58:12.970361,driver,D093,order_platform
EV-004175,O01423,DELIVERED,2026-08-14T19:52:30.993575,driver,D093,order_platform
EV-004176,O01424,ORDER_CREATED,2026-08-26T19:26:00,customer,C0485,order_platform
EV-004177,O01424,PICKED_UP,2026-08-26T19:43:52.662147,driver,D079,order_platform
EV-004178,O01424,DELIVERED,2026-08-26T20:29:20.333154,driver,D079,order_platform
EV-004179,O01425,ORDER_CREATED,2026-08-26T14:08:00,customer,C0139,order_platform
EV-004180,O01425,PICKED_UP,2026-08-26T14:43:37.596857,driver,D086,order_platform
EV-004181,O01426,ORDER_CREATED,2026-08-27T18:35:00,customer,C0461,order_platform
EV-004182,O01426,PICKED_UP,2026-08-27T18:58:08.071247,driver,D119,order_platform
EV-004183,O01426,DELIVERED,2026-08-27T19:51:02.594339,driver,D119,order_platform
EV-004184,O01427,ORDER_CREATED,2026-08-11T19:53:00,customer,C0406,order_platform
EV-004185,O01427,PICKED_UP,2026-08-11T20:24:44.456135,driver,D111,order_platform
EV-004186,O01427,DELIVERED,2026-08-11T21:12:43.718786,driver,D111,order_platform
EV-004187,O01428,ORDER_CREATED,2026-08-19T21:37:00,customer,C0232,order_platform
EV-004188,O01428,PICKED_UP,2026-08-19T21:49:46.131718,driver,D028,order_platform
EV-004189,O01428,DELIVERED,2026-08-19T22:29:59.082322,driver,D028,order_platform
EV-004190,O01429,ORDER_CREATED,2026-08-15T23:01:00,customer,C0474,order_platform
EV-004191,O01429,PICKED_UP,2026-08-15T23:31:45.639727,driver,D045,order_platform
EV-004192,O01429,DELIVERED,2026-08-16T00:26:45.233081,driver,D045,order_platform
EV-004193,O01430,ORDER_CREATED,2026-08-08T18:17:00,customer,C0705,order_platform
EV-004194,O01430,PICKED_UP,2026-08-08T18:46:32.908725,driver,D029,order_platform
EV-004195,O01430,DELIVERED,2026-08-08T19:42:35.679463,driver,D029,order_platform
EV-004196,O01431,ORDER_CREATED,2026-08-10T11:36:00,customer,C0231,order_platform
EV-004197,O01431,PICKED_UP,2026-08-10T12:15:21.640378,driver,D029,order_platform
EV-004198,O01431,DELIVERED,2026-08-10T13:00:14.623568,driver,D029,order_platform
EV-004199,O01432,ORDER_CREATED,2026-08-23T19:42:00,customer,C0687,order_platform
EV-004200,O01432,PICKED_UP,2026-08-23T19:54:19.522207,driver,D111,order_platform
EV-004201,O01432,DELIVERED,2026-08-23T20:40:05.588549,driver,D111,order_platform
EV-004202,O01433,ORDER_CREATED,2026-08-02T20:04:00,customer,C0564,order_platform
EV-004203,O01433,PICKED_UP,2026-08-02T20:23:14.196169,driver,D119,order_platform
EV-004204,O01433,DELIVERED,2026-08-02T21:00:00.330691,driver,D119,order_platform
EV-004205,O01434,ORDER_CREATED,2026-08-14T12:30:00,customer,C0579,order_platform
EV-004206,O01434,PICKED_UP,2026-08-14T12:52:04.663794,driver,D072,order_platform
EV-004207,O01434,DELIVERED,2026-08-14T13:43:34.768227,driver,D072,order_platform
EV-004208,O01435,ORDER_CREATED,2026-08-05T20:06:00,customer,C0134,order_platform
EV-004209,O01435,PICKED_UP,2026-08-05T20:44:48.145036,driver,D096,order_platform
EV-004210,O01435,DELIVERED,2026-08-05T21:36:19.423116,driver,D096,order_platform
EV-004211,O01436,ORDER_CREATED,2026-08-28T19:20:00,customer,C0376,order_platform
EV-004212,O01436,PICKED_UP,2026-08-28T19:37:10.935859,driver,D010,order_platform
EV-004213,O01436,DELIVERED,2026-08-28T20:28:57.917950,driver,D010,order_platform
EV-004214,O01437,ORDER_CREATED,2026-08-03T11:40:00,customer,C0790,order_platform
EV-004215,O01437,PICKED_UP,2026-08-03T12:24:11.123451,driver,D089,order_platform
EV-004216,O01437,DELIVERED,2026-08-03T13:15:00.724055,driver,D089,order_platform
EV-004217,O01438,ORDER_CREATED,2026-08-07T16:26:00,customer,C0514,order_platform
EV-004218,O01438,PICKED_UP,2026-08-07T16:44:30.557514,driver,D010,order_platform
EV-004219,O01438,DELIVERED,2026-08-07T17:09:08.142954,driver,D010,order_platform
EV-004220,O01439,ORDER_CREATED,2026-08-03T11:40:00,customer,C0498,order_platform
EV-004221,O01439,PICKED_UP,2026-08-03T11:58:22.891428,driver,D001,order_platform
EV-004222,O01439,DELIVERED,2026-08-03T12:22:03.730813,driver,D001,order_platform
EV-004223,O01440,ORDER_CREATED,2026-08-20T14:03:00,customer,C0441,order_platform
EV-004224,O01440,PICKED_UP,2026-08-20T14:20:23.760419,driver,D022,order_platform
EV-004225,O01440,DELIVERED,2026-08-20T15:04:14.214915,driver,D022,order_platform
EV-004226,O01441,ORDER_CREATED,2026-08-15T19:05:00,customer,C0504,order_platform
EV-004227,O01441,PICKED_UP,2026-08-15T19:33:18.170695,driver,D081,order_platform
EV-004228,O01442,ORDER_CREATED,2026-08-16T11:02:00,customer,C0024,order_platform
EV-004229,O01442,PICKED_UP,2026-08-16T11:31:51.060773,driver,D013,order_platform
EV-004230,O01443,ORDER_CREATED,2026-08-01T11:40:00,customer,C0369,order_platform
EV-004231,O01443,PICKED_UP,2026-08-01T12:14:12.094463,driver,D027,order_platform
EV-004232,O01443,DELIVERED,2026-08-01T13:02:18.572378,driver,D027,order_platform
EV-004233,O01444,ORDER_CREATED,2026-08-06T13:09:00,customer,C0843,order_platform
EV-004234,O01444,PICKED_UP,2026-08-06T13:37:15.118371,driver,D017,order_platform
EV-004235,O01444,DELIVERED,2026-08-06T14:11:06.558777,driver,D017,order_platform
EV-004236,O01445,ORDER_CREATED,2026-08-09T18:51:00,customer,C0868,order_platform
EV-004237,O01445,PICKED_UP,2026-08-09T19:09:55.031108,driver,D080,order_platform
EV-004238,O01445,DELIVERED,2026-08-09T19:36:03.171343,driver,D080,order_platform
EV-004239,O01446,ORDER_CREATED,2026-08-01T20:27:00,customer,C0664,order_platform
EV-004240,O01446,PICKED_UP,2026-08-01T20:49:39.741752,driver,D058,order_platform
EV-004241,O01446,DELIVERED,2026-08-01T21:42:48.040805,driver,D058,order_platform
EV-004242,O01447,ORDER_CREATED,2026-08-28T12:57:00,customer,C0627,order_platform
EV-004243,O01447,PICKED_UP,2026-08-28T13:14:44.390098,driver,D053,order_platform
EV-004244,O01447,DELIVERED,2026-08-28T14:01:46.021786,driver,D053,order_platform
EV-004245,O01448,ORDER_CREATED,2026-08-16T18:51:00,customer,C0388,order_platform
EV-004246,O01448,PICKED_UP,2026-08-16T19:17:34.102461,driver,D034,order_platform
EV-004247,O01448,DELIVERED,2026-08-16T19:52:02.417625,driver,D034,order_platform
EV-004248,O01449,ORDER_CREATED,2026-08-21T19:01:00,customer,C0388,order_platform
EV-004249,O01449,PICKED_UP,2026-08-21T19:21:37.338210,driver,D102,order_platform
EV-004250,O01449,DELIVERED,2026-08-21T20:16:51.391141,driver,D102,order_platform
EV-004251,O01450,ORDER_CREATED,2026-08-11T20:35:00,customer,C0044,order_platform
EV-004252,O01450,PICKED_UP,2026-08-11T20:59:06.804869,driver,D016,order_platform
EV-004253,O01450,DELIVERED,2026-08-11T21:26:37.491994,driver,D016,order_platform
EV-004254,O01451,ORDER_CREATED,2026-08-26T18:00:00,customer,C0742,order_platform
EV-004255,O01451,PICKED_UP,2026-08-26T18:11:13.245759,driver,D076,order_platform
EV-004256,O01451,DELIVERED,2026-08-26T18:46:33.939797,driver,D076,order_platform
EV-004257,O01452,ORDER_CREATED,2026-08-14T12:14:00,customer,C0024,order_platform
EV-004258,O01452,PICKED_UP,2026-08-14T12:28:46.919216,driver,D080,order_platform
EV-004259,O01452,DELIVERED,2026-08-14T13:22:10.458664,driver,D080,order_platform
EV-004260,O01453,ORDER_CREATED,2026-08-15T20:31:00,customer,C0278,order_platform
EV-004261,O01453,PICKED_UP,2026-08-15T20:47:56.177482,driver,D109,order_platform
EV-004262,O01453,DELIVERED,2026-08-15T21:12:46.464734,driver,D109,order_platform
EV-004263,O01454,ORDER_CREATED,2026-08-09T12:45:00,customer,C0472,order_platform
EV-004264,O01454,PICKED_UP,2026-08-09T13:02:40.503369,driver,D105,order_platform
EV-004265,O01454,DELIVERED,2026-08-09T13:47:14.141250,driver,D105,order_platform
EV-004266,O01455,ORDER_CREATED,2026-08-16T18:24:00,customer,C0257,order_platform
EV-004267,O01455,PICKED_UP,2026-08-16T19:00:37.294244,driver,D064,order_platform
EV-004268,O01455,DELIVERED,2026-08-16T19:37:28.558623,driver,D064,order_platform
EV-004269,O01456,ORDER_CREATED,2026-08-18T22:08:00,customer,C0207,order_platform
EV-004270,O01456,PICKED_UP,2026-08-18T22:33:55.356513,driver,D104,order_platform
EV-004271,O01456,DELIVERED,2026-08-18T23:26:15.004486,driver,D104,order_platform
EV-004272,O01457,ORDER_CREATED,2026-08-20T13:08:00,customer,C0703,order_platform
EV-004273,O01457,PICKED_UP,2026-08-20T13:19:33.451393,driver,D066,order_platform
EV-004274,O01457,DELIVERED,2026-08-20T14:09:50.319150,driver,D066,order_platform
EV-004275,O01458,ORDER_CREATED,2026-08-05T20:48:00,customer,C0741,order_platform
EV-004276,O01458,PICKED_UP,2026-08-05T21:07:51.341737,driver,D091,order_platform
EV-004277,O01458,DELIVERED,2026-08-05T21:42:13.403252,driver,D091,order_platform
EV-004278,O01459,ORDER_CREATED,2026-08-04T18:41:00,customer,C0198,order_platform
EV-004279,O01459,PICKED_UP,2026-08-04T19:21:50.554318,driver,D104,order_platform
EV-004280,O01459,DELIVERED,2026-08-04T20:10:20.436035,driver,D104,order_platform
EV-004281,O01460,ORDER_CREATED,2026-08-16T12:47:00,customer,C0811,order_platform
EV-004282,O01460,PICKED_UP,2026-08-16T13:04:07.275650,driver,D060,order_platform
EV-004283,O01460,DELIVERED,2026-08-16T13:51:06.599579,driver,D060,order_platform
EV-004284,O01461,ORDER_CREATED,2026-08-13T19:29:00,customer,C0112,order_platform
EV-004285,O01461,PICKED_UP,2026-08-13T19:51:54.210343,driver,D082,order_platform
EV-004286,O01461,DELIVERED,2026-08-13T20:45:46.941642,driver,D082,order_platform
EV-004287,O01462,ORDER_CREATED,2026-08-12T13:39:00,customer,C0401,order_platform
EV-004288,O01462,PICKED_UP,2026-08-12T14:15:21.659502,driver,D033,order_platform
EV-004289,O01462,DELIVERED,2026-08-12T14:51:44.832232,driver,D033,order_platform
EV-004290,O01463,ORDER_CREATED,2026-08-18T12:44:00,customer,C0573,order_platform
EV-004291,O01463,PICKED_UP,2026-08-18T13:21:08.797205,driver,D062,order_platform
EV-004292,O01463,DELIVERED,2026-08-18T14:01:12.740457,driver,D062,order_platform
EV-004293,O01464,ORDER_CREATED,2026-08-05T13:43:00,customer,C0814,order_platform
EV-004294,O01464,PICKED_UP,2026-08-05T14:09:59.124455,driver,D013,order_platform
EV-004295,O01464,DELIVERED,2026-08-05T14:46:30.023589,driver,D013,order_platform
EV-004296,O01465,ORDER_CREATED,2026-08-01T22:15:00,customer,C0075,order_platform
EV-004297,O01465,PICKED_UP,2026-08-01T22:40:52.268606,driver,D089,order_platform
EV-004298,O01465,DELIVERED,2026-08-01T23:17:18.746834,driver,D089,order_platform
EV-004299,O01466,ORDER_CREATED,2026-08-12T19:40:00,customer,C0663,order_platform
EV-004300,O01466,PICKED_UP,2026-08-12T20:16:47.364226,driver,D088,order_platform
EV-004301,O01466,DELIVERED,2026-08-12T21:08:04.411066,driver,D088,order_platform
EV-004302,O01467,ORDER_CREATED,2026-08-03T21:21:00,customer,C0686,order_platform
EV-004303,O01467,PICKED_UP,2026-08-03T21:59:30.145344,driver,D085,order_platform
EV-004304,O01467,DELIVERED,2026-08-03T23:03:23.975436,driver,D085,order_platform
EV-004305,O01468,ORDER_CREATED,2026-08-12T12:09:00,customer,C0096,order_platform
EV-004306,O01468,PICKED_UP,2026-08-12T12:26:14.834206,driver,D004,order_platform
EV-004307,O01468,DELIVERED,2026-08-12T13:24:02.130571,driver,D004,order_platform
EV-004308,O01469,ORDER_CREATED,2026-08-17T18:18:00,customer,C0832,order_platform
EV-004309,O01469,PICKED_UP,2026-08-17T18:34:17.475813,driver,D046,order_platform
EV-004310,O01469,DELIVERED,2026-08-17T19:21:05.968121,driver,D046,order_platform
EV-004311,O01470,ORDER_CREATED,2026-08-19T17:24:00,customer,C0732,order_platform
EV-004312,O01470,PICKED_UP,2026-08-19T18:19:20.433031,driver,D030,order_platform
EV-004313,O01470,DELIVERED,2026-08-19T18:50:50.704290,driver,D030,order_platform
EV-004314,O01471,ORDER_CREATED,2026-08-19T20:16:00,customer,C0735,order_platform
EV-004315,O01471,PICKED_UP,2026-08-19T20:48:56.827370,driver,D097,order_platform
EV-004316,O01471,DELIVERED,2026-08-19T21:26:39.378167,driver,D097,order_platform
EV-004317,O01472,ORDER_CREATED,2026-08-28T19:54:00,customer,C0701,order_platform
EV-004318,O01472,PICKED_UP,2026-08-28T20:44:29.523027,driver,D008,order_platform
EV-004319,O01472,DELIVERED,2026-08-28T21:39:36.533246,driver,D008,order_platform
EV-004320,O01473,ORDER_CREATED,2026-08-20T18:05:00,customer,C0704,order_platform
EV-004321,O01473,PICKED_UP,2026-08-20T18:21:49.952262,driver,D028,order_platform
EV-004322,O01473,DELIVERED,2026-08-20T19:14:14.858727,driver,D028,order_platform
EV-004323,O01474,ORDER_CREATED,2026-08-24T18:25:00,customer,C0142,order_platform
EV-004324,O01474,PICKED_UP,2026-08-24T18:50:54.516109,driver,D108,order_platform
EV-004325,O01474,DELIVERED,2026-08-24T19:38:44.783068,driver,D108,order_platform
EV-004326,O01475,ORDER_CREATED,2026-08-27T11:56:00,customer,C0464,order_platform
EV-004327,O01475,PICKED_UP,2026-08-27T12:30:46.266830,driver,D022,order_platform
EV-004328,O01475,DELIVERED,2026-08-27T13:27:54.361127,driver,D022,order_platform
EV-004329,O01476,ORDER_CREATED,2026-08-01T22:32:00,customer,C0457,order_platform
EV-004330,O01476,PICKED_UP,2026-08-01T22:52:00.759427,driver,D066,order_platform
EV-004331,O01476,DELIVERED,2026-08-01T23:41:30.870902,driver,D066,order_platform
EV-004332,O01477,ORDER_CREATED,2026-08-20T13:35:00,customer,C0037,order_platform
EV-004333,O01477,PICKED_UP,2026-08-20T13:56:11.148798,driver,D024,order_platform
EV-004334,O01477,DELIVERED,2026-08-20T15:05:38.173741,driver,D024,order_platform
EV-004335,O01478,ORDER_CREATED,2026-08-12T11:41:00,customer,C0368,order_platform
EV-004336,O01478,PICKED_UP,2026-08-12T12:31:34.435474,driver,D082,order_platform
EV-004337,O01478,DELIVERED,2026-08-12T13:38:38.613281,driver,D082,order_platform
EV-004338,O01479,ORDER_CREATED,2026-08-17T18:48:00,customer,C0137,order_platform
EV-004339,O01479,PICKED_UP,2026-08-17T19:26:55.173456,driver,D054,order_platform
EV-004340,O01479,DELIVERED,2026-08-17T20:26:57.651993,driver,D054,order_platform
EV-004341,O01480,ORDER_CREATED,2026-08-04T15:41:00,customer,C0362,order_platform
EV-004342,O01480,PICKED_UP,2026-08-04T16:13:44.370318,driver,D028,order_platform
EV-004343,O01480,DELIVERED,2026-08-04T16:35:08.661261,driver,D028,order_platform
EV-004344,O01481,ORDER_CREATED,2026-08-20T11:56:00,customer,C0809,order_platform
EV-004345,O01481,PICKED_UP,2026-08-20T12:42:57.570621,driver,D013,order_platform
EV-004346,O01481,DELIVERED,2026-08-20T13:34:03.285496,driver,D013,order_platform
EV-004347,O01482,ORDER_CREATED,2026-08-14T23:33:00,customer,C0489,order_platform
EV-004348,O01482,PICKED_UP,2026-08-14T23:56:54.322492,driver,D065,order_platform
EV-004349,O01482,DELIVERED,2026-08-15T00:59:22.159889,driver,D065,order_platform
EV-004350,O01483,ORDER_CREATED,2026-08-11T21:21:00,customer,C0731,order_platform
EV-004351,O01483,PICKED_UP,2026-08-11T21:40:34.239524,driver,D115,order_platform
EV-004352,O01483,DELIVERED,2026-08-11T22:20:53.891888,driver,D115,order_platform
EV-004353,O01484,ORDER_CREATED,2026-08-08T19:37:00,customer,C0282,order_platform
EV-004354,O01484,PICKED_UP,2026-08-08T19:57:50.124777,driver,D082,order_platform
EV-004355,O01484,DELIVERED,2026-08-08T20:52:29.961536,driver,D082,order_platform
EV-004356,O01485,ORDER_CREATED,2026-08-27T15:27:00,customer,C0403,order_platform
EV-004357,O01485,PICKED_UP,2026-08-27T16:07:56.960046,driver,D054,order_platform
EV-004358,O01485,DELIVERED,2026-08-27T16:35:11.003302,driver,D054,order_platform
EV-004359,O01486,ORDER_CREATED,2026-08-09T16:40:00,customer,C0685,order_platform
EV-004360,O01486,PICKED_UP,2026-08-09T17:05:15.867602,driver,D075,order_platform
EV-004361,O01486,DELIVERED,2026-08-09T17:45:18.275916,driver,D075,order_platform
EV-004362,O01487,ORDER_CREATED,2026-08-05T21:53:00,customer,C0025,order_platform
EV-004363,O01487,PICKED_UP,2026-08-05T22:18:12.430728,driver,D087,order_platform
EV-004364,O01487,DELIVERED,2026-08-05T22:51:45.443564,driver,D087,order_platform
EV-004365,O01488,ORDER_CREATED,2026-08-10T13:08:00,customer,C0694,order_platform
EV-004366,O01488,PICKED_UP,2026-08-10T13:37:44.332153,driver,D101,order_platform
EV-004367,O01489,ORDER_CREATED,2026-08-15T22:09:00,customer,C0732,order_platform
EV-004368,O01489,PICKED_UP,2026-08-15T22:23:17.346786,driver,D116,order_platform
EV-004369,O01489,DELIVERED,2026-08-15T23:12:48.563960,driver,D116,order_platform
EV-004370,O01490,ORDER_CREATED,2026-08-27T22:45:00,customer,C0238,order_platform
EV-004371,O01490,PICKED_UP,2026-08-27T23:02:39.682115,driver,D108,order_platform
EV-004372,O01490,DELIVERED,2026-08-28T00:00:56.422642,driver,D108,order_platform
EV-004373,O01491,ORDER_CREATED,2026-08-13T18:15:00,customer,C0068,order_platform
EV-004374,O01491,PICKED_UP,2026-08-13T18:51:20.711881,driver,D085,order_platform
EV-004375,O01491,DELIVERED,2026-08-13T19:34:28.012686,driver,D085,order_platform
EV-004376,O01492,ORDER_CREATED,2026-08-06T13:05:00,customer,C0713,order_platform
EV-004377,O01492,PICKED_UP,2026-08-06T13:33:17.375748,driver,D018,order_platform
EV-004378,O01493,ORDER_CREATED,2026-08-14T11:07:00,customer,C0673,order_platform
EV-004379,O01493,PICKED_UP,2026-08-14T11:46:13.644163,driver,D004,order_platform
EV-004380,O01494,ORDER_CREATED,2026-08-03T17:53:00,customer,C0260,order_platform
EV-004381,O01494,PICKED_UP,2026-08-03T18:19:56.303290,driver,D091,order_platform
EV-004382,O01494,DELIVERED,2026-08-03T19:14:24.623147,driver,D091,order_platform
EV-004383,O01495,ORDER_CREATED,2026-08-23T14:31:00,customer,C0426,order_platform
EV-004384,O01495,PICKED_UP,2026-08-23T15:21:34.873980,driver,D046,order_platform
EV-004385,O01495,DELIVERED,2026-08-23T15:57:46.039379,driver,D046,order_platform
EV-004386,O01496,ORDER_CREATED,2026-08-03T22:31:00,customer,C0042,order_platform
EV-004387,O01496,PICKED_UP,2026-08-03T22:52:50.955735,driver,D032,order_platform
EV-004388,O01496,DELIVERED,2026-08-03T23:56:10.608094,driver,D032,order_platform
EV-004389,O01497,ORDER_CREATED,2026-08-01T11:02:00,customer,C0574,order_platform
EV-004390,O01497,PICKED_UP,2026-08-01T11:45:32.038298,driver,D109,order_platform
EV-004391,O01497,DELIVERED,2026-08-01T12:36:06.941754,driver,D109,order_platform
EV-004392,O01498,ORDER_CREATED,2026-08-07T20:31:00,customer,C0624,order_platform
EV-004393,O01498,PICKED_UP,2026-08-07T20:55:57.784546,driver,D031,order_platform
EV-004394,O01498,DELIVERED,2026-08-07T21:51:15.824264,driver,D031,order_platform
EV-004395,O01499,ORDER_CREATED,2026-08-07T20:05:00,customer,C0831,order_platform
EV-004396,O01499,PICKED_UP,2026-08-07T20:42:37.799748,driver,D106,order_platform
EV-004397,O01499,DELIVERED,2026-08-07T21:29:42.751504,driver,D106,order_platform
EV-004398,O01500,ORDER_CREATED,2026-08-08T16:17:00,customer,C0621,order_platform
EV-004399,O01500,PICKED_UP,2026-08-08T16:38:53.393622,driver,D032,order_platform
EV-004400,O01500,DELIVERED,2026-08-08T17:17:49.842786,driver,D032,order_platform
EV-004401,O01501,ORDER_CREATED,2026-08-25T17:10:00,customer,C0749,order_platform
EV-004402,O01501,PICKED_UP,2026-08-25T17:36:19.509166,driver,D083,order_platform
EV-004403,O01501,DELIVERED,2026-08-25T18:22:22.587482,driver,D083,order_platform
EV-004404,O01502,ORDER_CREATED,2026-08-28T11:22:00,customer,C0568,order_platform
EV-004405,O01502,PICKED_UP,2026-08-28T11:42:45.065240,driver,D112,order_platform
EV-004406,O01502,DELIVERED,2026-08-28T12:26:35.381750,driver,D112,order_platform
EV-004407,O01503,ORDER_CREATED,2026-08-07T19:39:00,customer,C0105,order_platform
EV-004408,O01503,PICKED_UP,2026-08-07T20:15:45.378033,driver,D045,order_platform
EV-004409,O01503,DELIVERED,2026-08-07T21:22:17.089088,driver,D045,order_platform
EV-004410,O01504,ORDER_CREATED,2026-08-14T18:55:00,customer,C0810,order_platform
EV-004411,O01504,PICKED_UP,2026-08-14T19:27:47.830895,driver,D049,order_platform
EV-004412,O01504,DELIVERED,2026-08-14T20:00:27.516921,driver,D049,order_platform
EV-004413,O01505,ORDER_CREATED,2026-08-13T21:50:00,customer,C0096,order_platform
EV-004414,O01505,PICKED_UP,2026-08-13T22:13:52.406582,driver,D082,order_platform
EV-004415,O01505,DELIVERED,2026-08-13T22:47:42.083901,driver,D082,order_platform
EV-004416,O01506,ORDER_CREATED,2026-08-27T16:11:00,customer,C0336,order_platform
EV-004417,O01506,PICKED_UP,2026-08-27T16:39:49.210080,driver,D050,order_platform
EV-004418,O01507,ORDER_CREATED,2026-08-16T18:09:00,customer,C0155,order_platform
EV-004419,O01507,PICKED_UP,2026-08-16T18:29:58.036266,driver,D085,order_platform
EV-004420,O01508,ORDER_CREATED,2026-08-24T18:20:00,customer,C0749,order_platform
EV-004421,O01508,PICKED_UP,2026-08-24T18:54:19.061192,driver,D114,order_platform
EV-004422,O01508,DELIVERED,2026-08-24T19:15:51.314555,driver,D114,order_platform
EV-004423,O01509,ORDER_CREATED,2026-08-28T17:25:00,customer,C0675,order_platform
EV-004424,O01509,PICKED_UP,2026-08-28T17:57:23.771992,driver,D093,order_platform
EV-004425,O01509,DELIVERED,2026-08-28T18:51:09.858572,driver,D093,order_platform
EV-004426,O01510,ORDER_CREATED,2026-08-17T22:35:00,customer,C0336,order_platform
EV-004427,O01510,PICKED_UP,2026-08-17T23:01:22.912818,driver,D044,order_platform
EV-004428,O01510,DELIVERED,2026-08-17T23:29:40.289671,driver,D044,order_platform
EV-004429,O01511,ORDER_CREATED,2026-08-21T11:41:00,customer,C0045,order_platform
EV-004430,O01511,PICKED_UP,2026-08-21T12:11:37.544423,driver,D018,order_platform
EV-004431,O01511,DELIVERED,2026-08-21T12:53:04.134676,driver,D018,order_platform
EV-004432,O01512,ORDER_CREATED,2026-08-07T20:40:00,customer,C0896,order_platform
EV-004433,O01512,PICKED_UP,2026-08-07T21:17:37.354088,driver,D048,order_platform
EV-004434,O01513,ORDER_CREATED,2026-08-08T18:50:00,customer,C0268,order_platform
EV-004435,O01513,PICKED_UP,2026-08-08T19:41:53.359592,driver,D113,order_platform
EV-004436,O01513,DELIVERED,2026-08-08T20:41:15.654928,driver,D113,order_platform
EV-004437,O01514,ORDER_CREATED,2026-08-24T17:57:00,customer,C0408,order_platform
EV-004438,O01514,PICKED_UP,2026-08-24T18:28:31.727776,driver,D048,order_platform
EV-004439,O01514,DELIVERED,2026-08-24T19:21:51.953311,driver,D048,order_platform
EV-004440,O01515,ORDER_CREATED,2026-08-17T14:47:00,customer,C0577,order_platform
EV-004441,O01515,PICKED_UP,2026-08-17T15:05:04.253358,driver,D102,order_platform
EV-004442,O01515,DELIVERED,2026-08-17T16:02:11.770275,driver,D102,order_platform
EV-004443,O01516,ORDER_CREATED,2026-08-08T13:55:00,customer,C0643,order_platform
EV-004444,O01516,PICKED_UP,2026-08-08T14:12:50.074206,driver,D069,order_platform
EV-004445,O01516,DELIVERED,2026-08-08T15:13:48.335328,driver,D069,order_platform
EV-004446,O01517,ORDER_CREATED,2026-08-08T21:46:00,customer,C0397,order_platform
EV-004447,O01517,PICKED_UP,2026-08-08T22:03:09.535388,driver,D041,order_platform
EV-004448,O01517,DELIVERED,2026-08-08T22:44:52.533986,driver,D041,order_platform
EV-004449,O01518,ORDER_CREATED,2026-08-15T13:52:00,customer,C0114,order_platform
EV-004450,O01518,PICKED_UP,2026-08-15T14:13:30.546458,driver,D064,order_platform
EV-004451,O01518,DELIVERED,2026-08-15T14:52:38.676597,driver,D064,order_platform
EV-004452,O01519,ORDER_CREATED,2026-08-12T19:43:00,customer,C0550,order_platform
EV-004453,O01519,PICKED_UP,2026-08-12T20:28:38.066818,driver,D074,order_platform
EV-004454,O01519,DELIVERED,2026-08-12T21:13:35.820059,driver,D074,order_platform
EV-004455,O01520,ORDER_CREATED,2026-08-11T14:04:00,customer,C0169,order_platform
EV-004456,O01520,PICKED_UP,2026-08-11T14:30:55.395314,driver,D003,order_platform
EV-004457,O01520,DELIVERED,2026-08-11T15:11:17.182956,driver,D003,order_platform
EV-004458,O01521,ORDER_CREATED,2026-08-05T14:22:00,customer,C0641,order_platform
EV-004459,O01521,PICKED_UP,2026-08-05T14:37:55.684570,driver,D047,order_platform
EV-004460,O01521,DELIVERED,2026-08-05T15:06:31.169052,driver,D047,order_platform
EV-004461,O01522,ORDER_CREATED,2026-08-16T14:12:00,customer,C0494,order_platform
EV-004462,O01522,PICKED_UP,2026-08-16T14:31:05.363725,driver,D100,order_platform
EV-004463,O01522,DELIVERED,2026-08-16T15:21:34.937844,driver,D100,order_platform
EV-004464,O01523,ORDER_CREATED,2026-08-03T18:57:00,customer,C0479,order_platform
EV-004465,O01523,PICKED_UP,2026-08-03T19:13:16.191463,driver,D046,order_platform
EV-004466,O01523,DELIVERED,2026-08-03T20:18:37.220011,driver,D046,order_platform
EV-004467,O01524,ORDER_CREATED,2026-08-15T15:06:00,customer,C0808,order_platform
EV-004468,O01524,PICKED_UP,2026-08-15T15:36:51.899479,driver,D117,order_platform
EV-004469,O01524,DELIVERED,2026-08-15T16:35:58.297761,driver,D117,order_platform
EV-004470,O01525,ORDER_CREATED,2026-08-17T12:50:00,customer,C0066,order_platform
EV-004471,O01525,PICKED_UP,2026-08-17T13:31:44.408714,driver,D029,order_platform
EV-004472,O01525,DELIVERED,2026-08-17T14:29:47.982905,driver,D029,order_platform
EV-004473,O01526,ORDER_CREATED,2026-08-11T11:21:00,customer,C0842,order_platform
EV-004474,O01526,PICKED_UP,2026-08-11T11:41:34.371695,driver,D119,order_platform
EV-004475,O01526,DELIVERED,2026-08-11T12:26:17.974844,driver,D119,order_platform
EV-004476,O01527,ORDER_CREATED,2026-08-07T15:14:00,customer,C0121,order_platform
EV-004477,O01527,PICKED_UP,2026-08-07T15:49:00.069724,driver,D048,order_platform
EV-004478,O01527,DELIVERED,2026-08-07T16:40:04.688215,driver,D048,order_platform
EV-004479,O01528,ORDER_CREATED,2026-08-08T17:23:00,customer,C0578,order_platform
EV-004480,O01528,PICKED_UP,2026-08-08T17:45:13.190055,driver,D072,order_platform
EV-004481,O01528,DELIVERED,2026-08-08T18:26:50.195073,driver,D072,order_platform
EV-004482,O01529,ORDER_CREATED,2026-08-19T11:18:00,customer,C0828,order_platform
EV-004483,O01529,PICKED_UP,2026-08-19T11:58:52.697108,driver,D101,order_platform
EV-004484,O01529,DELIVERED,2026-08-19T12:35:26.709772,driver,D101,order_platform
EV-004485,O01530,ORDER_CREATED,2026-08-28T13:37:00,customer,C0734,order_platform
EV-004486,O01530,PICKED_UP,2026-08-28T13:59:22.084854,driver,D100,order_platform
EV-004487,O01530,DELIVERED,2026-08-28T14:52:04.844498,driver,D100,order_platform
EV-004488,O01531,ORDER_CREATED,2026-08-06T18:53:00,customer,C0259,order_platform
EV-004489,O01531,PICKED_UP,2026-08-06T19:32:48.936433,driver,D093,order_platform
EV-004490,O01531,DELIVERED,2026-08-06T20:08:24.720387,driver,D093,order_platform
EV-004491,O01532,ORDER_CREATED,2026-08-22T18:49:00,customer,C0825,order_platform
EV-004492,O01532,PICKED_UP,2026-08-22T19:02:04.126535,driver,D048,order_platform
EV-004493,O01532,DELIVERED,2026-08-22T19:54:15.355136,driver,D048,order_platform
EV-004494,O01533,ORDER_CREATED,2026-08-09T15:03:00,customer,C0821,order_platform
EV-004495,O01533,PICKED_UP,2026-08-09T15:50:51.800909,driver,D047,order_platform
EV-004496,O01533,DELIVERED,2026-08-09T16:20:04.683922,driver,D047,order_platform
EV-004497,O01534,ORDER_CREATED,2026-08-13T18:25:00,customer,C0586,order_platform
EV-004498,O01534,PICKED_UP,2026-08-13T18:52:06.533422,driver,D046,order_platform
EV-004499,O01534,DELIVERED,2026-08-13T19:40:54.942208,driver,D046,order_platform
EV-004500,O01535,ORDER_CREATED,2026-08-14T18:06:00,customer,C0572,order_platform
EV-004501,O01535,PICKED_UP,2026-08-14T18:23:43.689310,driver,D038,order_platform
EV-004502,O01535,DELIVERED,2026-08-14T19:10:25.747669,driver,D038,order_platform
EV-004503,O01536,ORDER_CREATED,2026-08-06T13:06:00,customer,C0864,order_platform
EV-004504,O01536,PICKED_UP,2026-08-06T13:20:42.516618,driver,D037,order_platform
EV-004505,O01536,DELIVERED,2026-08-06T14:09:50.611511,driver,D037,order_platform
EV-004506,O01537,ORDER_CREATED,2026-08-08T18:43:00,customer,C0897,order_platform
EV-004507,O01537,PICKED_UP,2026-08-08T19:02:27.844697,driver,D028,order_platform
EV-004508,O01537,DELIVERED,2026-08-08T19:31:16.744504,driver,D028,order_platform
EV-004509,O01538,ORDER_CREATED,2026-08-23T12:03:00,customer,C0029,order_platform
EV-004510,O01538,PICKED_UP,2026-08-23T12:28:31.813069,driver,D037,order_platform
EV-004511,O01538,DELIVERED,2026-08-23T13:11:45.025787,driver,D037,order_platform
EV-004512,O01539,ORDER_CREATED,2026-08-04T21:37:00,customer,C0475,order_platform
EV-004513,O01539,PICKED_UP,2026-08-04T22:04:08.147459,driver,D051,order_platform
EV-004514,O01539,DELIVERED,2026-08-04T22:37:32.342575,driver,D051,order_platform
EV-004515,O01540,ORDER_CREATED,2026-08-16T12:28:00,customer,C0337,order_platform
EV-004516,O01540,PICKED_UP,2026-08-16T13:14:07.685652,driver,D055,order_platform
EV-004517,O01540,DELIVERED,2026-08-16T14:03:16.076021,driver,D055,order_platform
EV-004518,O01541,ORDER_CREATED,2026-08-25T18:14:00,customer,C0742,order_platform
EV-004519,O01541,PICKED_UP,2026-08-25T18:39:43.861011,driver,D108,order_platform
EV-004520,O01541,DELIVERED,2026-08-25T19:48:05.176977,driver,D108,order_platform
EV-004521,O01542,ORDER_CREATED,2026-08-22T19:45:00,customer,C0282,order_platform
EV-004522,O01542,PICKED_UP,2026-08-22T20:27:30.505454,driver,D035,order_platform
EV-004523,O01542,DELIVERED,2026-08-22T21:16:40.180289,driver,D035,order_platform
EV-004524,O01543,ORDER_CREATED,2026-08-03T20:26:00,customer,C0040,order_platform
EV-004525,O01543,PICKED_UP,2026-08-03T20:45:35.378691,driver,D007,order_platform
EV-004526,O01543,DELIVERED,2026-08-03T21:42:04.243886,driver,D007,order_platform
EV-004527,O01544,ORDER_CREATED,2026-08-11T17:36:00,customer,C0224,order_platform
EV-004528,O01544,PICKED_UP,2026-08-11T18:20:09.420859,driver,D043,order_platform
EV-004529,O01544,DELIVERED,2026-08-11T18:41:23.005827,driver,D043,order_platform
EV-004530,O01545,ORDER_CREATED,2026-08-25T17:11:00,customer,C0121,order_platform
EV-004531,O01545,PICKED_UP,2026-08-25T17:36:22.027698,driver,D071,order_platform
EV-004532,O01545,DELIVERED,2026-08-25T18:17:26.929900,driver,D071,order_platform
EV-004533,O01546,ORDER_CREATED,2026-08-13T20:43:00,customer,C0267,order_platform
EV-004534,O01546,PICKED_UP,2026-08-13T20:59:23.605991,driver,D006,order_platform
EV-004535,O01546,DELIVERED,2026-08-13T21:37:53.258188,driver,D006,order_platform
EV-004536,O01547,ORDER_CREATED,2026-08-13T19:54:00,customer,C0877,order_platform
EV-004537,O01547,PICKED_UP,2026-08-13T20:21:13.952898,driver,D021,order_platform
EV-004538,O01547,DELIVERED,2026-08-13T21:14:42.343753,driver,D021,order_platform
EV-004539,O01548,ORDER_CREATED,2026-08-04T12:34:00,customer,C0197,order_platform
EV-004540,O01548,PICKED_UP,2026-08-04T12:56:41.097911,driver,D073,order_platform
EV-004541,O01548,DELIVERED,2026-08-04T13:56:49.725069,driver,D073,order_platform
EV-004542,O01549,ORDER_CREATED,2026-08-21T20:54:00,customer,C0896,order_platform
EV-004543,O01549,PICKED_UP,2026-08-21T21:19:31.207437,driver,D102,order_platform
EV-004544,O01549,DELIVERED,2026-08-21T22:22:24.883708,driver,D102,order_platform
EV-004545,O01550,ORDER_CREATED,2026-08-14T12:38:00,customer,C0623,order_platform
EV-004546,O01550,PICKED_UP,2026-08-14T13:04:11.481132,driver,D045,order_platform
EV-004547,O01550,DELIVERED,2026-08-14T13:53:32.778640,driver,D045,order_platform
EV-004548,O01551,ORDER_CREATED,2026-08-27T11:04:00,customer,C0238,order_platform
EV-004549,O01551,PICKED_UP,2026-08-27T11:32:04.910559,driver,D054,order_platform
EV-004550,O01551,DELIVERED,2026-08-27T12:19:50.551895,driver,D054,order_platform
EV-004551,O01552,ORDER_CREATED,2026-08-16T19:33:00,customer,C0377,order_platform
EV-004552,O01552,PICKED_UP,2026-08-16T20:06:37.344129,driver,D074,order_platform
EV-004553,O01552,DELIVERED,2026-08-16T20:46:41.204452,driver,D074,order_platform
EV-004554,O01553,ORDER_CREATED,2026-08-27T21:43:00,customer,C0800,order_platform
EV-004555,O01553,PICKED_UP,2026-08-27T21:58:38.195165,driver,D108,order_platform
EV-004556,O01553,DELIVERED,2026-08-27T22:45:28.533689,driver,D108,order_platform
EV-004557,O01554,ORDER_CREATED,2026-08-03T21:44:00,customer,C0183,order_platform
EV-004558,O01554,PICKED_UP,2026-08-03T22:15:39.542043,driver,D030,order_platform
EV-004559,O01554,DELIVERED,2026-08-03T23:12:36.986543,driver,D030,order_platform
EV-004560,O01555,ORDER_CREATED,2026-08-06T19:25:00,customer,C0250,order_platform
EV-004561,O01555,PICKED_UP,2026-08-06T19:48:40.531540,driver,D021,order_platform
EV-004562,O01555,DELIVERED,2026-08-06T20:44:32.847943,driver,D021,order_platform
EV-004563,O01556,ORDER_CREATED,2026-08-20T15:57:00,customer,C0707,order_platform
EV-004564,O01556,PICKED_UP,2026-08-20T16:31:14.153921,driver,D098,order_platform
EV-004565,O01556,DELIVERED,2026-08-20T17:27:02.597770,driver,D098,order_platform
EV-004566,O01557,ORDER_CREATED,2026-08-20T21:44:00,customer,C0377,order_platform
EV-004567,O01557,PICKED_UP,2026-08-20T22:14:42.693518,driver,D039,order_platform
EV-004568,O01557,DELIVERED,2026-08-20T22:43:51.877632,driver,D039,order_platform
EV-004569,O01558,ORDER_CREATED,2026-08-20T18:59:00,customer,C0629,order_platform
EV-004570,O01558,PICKED_UP,2026-08-20T19:20:50.818905,driver,D093,order_platform
EV-004571,O01558,DELIVERED,2026-08-20T20:07:22.343665,driver,D093,order_platform
EV-004572,O01559,ORDER_CREATED,2026-08-04T19:33:00,customer,C0167,order_platform
EV-004573,O01559,PICKED_UP,2026-08-04T19:47:27.166948,driver,D073,order_platform
EV-004574,O01559,DELIVERED,2026-08-04T20:28:00.487754,driver,D073,order_platform
EV-004575,O01560,ORDER_CREATED,2026-08-10T16:10:00,customer,C0334,order_platform
EV-004576,O01560,PICKED_UP,2026-08-10T16:41:34.072106,driver,D044,order_platform
EV-004577,O01560,DELIVERED,2026-08-10T17:32:57.731586,driver,D044,order_platform
EV-004578,O01561,ORDER_CREATED,2026-08-03T12:47:00,customer,C0621,order_platform
EV-004579,O01561,PICKED_UP,2026-08-03T12:59:53.032141,driver,D017,order_platform
EV-004580,O01561,DELIVERED,2026-08-03T13:31:34.834473,driver,D017,order_platform
EV-004581,O01562,ORDER_CREATED,2026-08-15T11:19:00,customer,C0090,order_platform
EV-004582,O01562,PICKED_UP,2026-08-15T11:32:54.566480,driver,D024,order_platform
EV-004583,O01562,DELIVERED,2026-08-15T12:24:47.324259,driver,D024,order_platform
EV-004584,O01563,ORDER_CREATED,2026-08-03T11:12:00,customer,C0623,order_platform
EV-004585,O01563,PICKED_UP,2026-08-03T11:36:47.648353,driver,D056,order_platform
EV-004586,O01563,DELIVERED,2026-08-03T12:25:41.336403,driver,D056,order_platform
EV-004587,O01564,ORDER_CREATED,2026-08-25T13:22:00,customer,C0262,order_platform
EV-004588,O01564,PICKED_UP,2026-08-25T13:55:01.928084,driver,D120,order_platform
EV-004589,O01564,DELIVERED,2026-08-25T14:44:48.946947,driver,D120,order_platform
EV-004590,O01565,ORDER_CREATED,2026-08-21T21:18:00,customer,C0671,order_platform
EV-004591,O01565,PICKED_UP,2026-08-21T21:38:15.050677,driver,D006,order_platform
EV-004592,O01565,DELIVERED,2026-08-21T22:28:48.782785,driver,D006,order_platform
EV-004593,O01566,ORDER_CREATED,2026-08-13T17:39:00,customer,C0423,order_platform
EV-004594,O01566,PICKED_UP,2026-08-13T18:05:15.088899,driver,D114,order_platform
EV-004595,O01566,DELIVERED,2026-08-13T18:37:25.530881,driver,D114,order_platform
EV-004596,O01567,ORDER_CREATED,2026-08-07T17:53:00,customer,C0298,order_platform
EV-004597,O01567,PICKED_UP,2026-08-07T18:08:51.488534,driver,D101,order_platform
EV-004598,O01567,DELIVERED,2026-08-07T18:50:55.304325,driver,D101,order_platform
EV-004599,O01568,ORDER_CREATED,2026-08-28T23:18:00,customer,C0437,order_platform
EV-004600,O01568,PICKED_UP,2026-08-28T23:52:21.786041,driver,D057,order_platform
EV-004601,O01569,ORDER_CREATED,2026-08-01T11:37:00,customer,C0516,order_platform
EV-004602,O01569,PICKED_UP,2026-08-01T12:15:44.337235,driver,D038,order_platform
EV-004603,O01569,DELIVERED,2026-08-01T13:08:40.232808,driver,D038,order_platform
EV-004604,O01570,ORDER_CREATED,2026-08-23T12:44:00,customer,C0814,order_platform
EV-004605,O01570,PICKED_UP,2026-08-23T13:04:21.665997,driver,D120,order_platform
EV-004606,O01570,DELIVERED,2026-08-23T13:59:30.921383,driver,D120,order_platform
EV-004607,O01571,ORDER_CREATED,2026-08-26T18:50:00,customer,C0536,order_platform
EV-004608,O01571,PICKED_UP,2026-08-26T19:27:01.883230,driver,D118,order_platform
EV-004609,O01571,DELIVERED,2026-08-26T20:20:58.034174,driver,D118,order_platform
EV-004610,O01572,ORDER_CREATED,2026-08-04T17:42:00,customer,C0549,order_platform
EV-004611,O01572,PICKED_UP,2026-08-04T18:01:45.580285,driver,D010,order_platform
EV-004612,O01572,DELIVERED,2026-08-04T18:46:48.905710,driver,D010,order_platform
EV-004613,O01573,ORDER_CREATED,2026-08-01T19:50:00,customer,C0158,order_platform
EV-004614,O01573,PICKED_UP,2026-08-01T20:13:21.912803,driver,D101,order_platform
EV-004615,O01573,DELIVERED,2026-08-01T21:11:31.636230,driver,D101,order_platform
EV-004616,O01574,ORDER_CREATED,2026-08-15T12:02:00,customer,C0771,order_platform
EV-004617,O01574,PICKED_UP,2026-08-15T12:27:20.781768,driver,D060,order_platform
EV-004618,O01574,DELIVERED,2026-08-15T13:17:46.331827,driver,D060,order_platform
EV-004619,O01575,ORDER_CREATED,2026-08-26T12:26:00,customer,C0035,order_platform
EV-004620,O01575,PICKED_UP,2026-08-26T12:52:30.115635,driver,D079,order_platform
EV-004621,O01575,DELIVERED,2026-08-26T13:28:56.267614,driver,D079,order_platform
EV-004622,O01576,ORDER_CREATED,2026-08-27T12:49:00,customer,C0594,order_platform
EV-004623,O01576,PICKED_UP,2026-08-27T13:06:39.898873,driver,D083,order_platform
EV-004624,O01576,DELIVERED,2026-08-27T13:24:58.045191,driver,D083,order_platform
EV-004625,O01577,ORDER_CREATED,2026-08-23T18:22:00,customer,C0540,order_platform
EV-004626,O01577,PICKED_UP,2026-08-23T19:01:06.693809,driver,D116,order_platform
EV-004627,O01577,DELIVERED,2026-08-23T19:48:57.129079,driver,D116,order_platform
EV-004628,O01578,ORDER_CREATED,2026-08-13T20:45:00,customer,C0774,order_platform
EV-004629,O01578,PICKED_UP,2026-08-13T21:35:39.427046,driver,D105,order_platform
EV-004630,O01578,DELIVERED,2026-08-13T22:23:21.314299,driver,D105,order_platform
EV-004631,O01579,ORDER_CREATED,2026-08-28T17:29:00,customer,C0241,order_platform
EV-004632,O01579,PICKED_UP,2026-08-28T17:58:36.547981,driver,D025,order_platform
EV-004633,O01579,DELIVERED,2026-08-28T18:48:59.592502,driver,D025,order_platform
EV-004634,O01580,ORDER_CREATED,2026-08-09T19:41:00,customer,C0300,order_platform
EV-004635,O01580,PICKED_UP,2026-08-09T19:55:17.591023,driver,D076,order_platform
EV-004636,O01580,DELIVERED,2026-08-09T20:29:49.431196,driver,D076,order_platform
EV-004637,O01581,ORDER_CREATED,2026-08-16T17:26:00,customer,C0750,order_platform
EV-004638,O01581,PICKED_UP,2026-08-16T17:49:29.479028,driver,D067,order_platform
EV-004639,O01581,DELIVERED,2026-08-16T18:40:02.650212,driver,D067,order_platform
EV-004640,O01582,ORDER_CREATED,2026-08-21T20:03:00,customer,C0250,order_platform
EV-004641,O01582,PICKED_UP,2026-08-21T20:40:58.162365,driver,D018,order_platform
EV-004642,O01582,DELIVERED,2026-08-21T21:32:50.730330,driver,D018,order_platform
EV-004643,O01583,ORDER_CREATED,2026-08-08T18:51:00,customer,C0462,order_platform
EV-004644,O01583,PICKED_UP,2026-08-08T19:16:32.910034,driver,D059,order_platform
EV-004645,O01583,DELIVERED,2026-08-08T20:08:07.410283,driver,D059,order_platform
EV-004646,O01584,ORDER_CREATED,2026-08-22T20:55:00,customer,C0313,order_platform
EV-004647,O01584,PICKED_UP,2026-08-22T21:40:16.740107,driver,D087,order_platform
EV-004648,O01584,DELIVERED,2026-08-22T22:42:19.744790,driver,D087,order_platform
EV-004649,O01585,ORDER_CREATED,2026-08-20T18:37:00,customer,C0392,order_platform
EV-004650,O01585,PICKED_UP,2026-08-20T19:11:22.880055,driver,D007,order_platform
EV-004651,O01585,DELIVERED,2026-08-20T19:58:00.061501,driver,D007,order_platform
EV-004652,O01586,ORDER_CREATED,2026-08-14T22:32:00,customer,C0377,order_platform
EV-004653,O01586,PICKED_UP,2026-08-14T23:03:57.783988,driver,D014,order_platform
EV-004654,O01586,DELIVERED,2026-08-15T00:00:00.431674,driver,D014,order_platform
EV-004655,O01587,ORDER_CREATED,2026-08-12T17:38:00,customer,C0775,order_platform
EV-004656,O01587,PICKED_UP,2026-08-12T18:32:41.991070,driver,D036,order_platform
EV-004657,O01587,DELIVERED,2026-08-12T19:18:25.040774,driver,D036,order_platform
EV-004658,O01588,ORDER_CREATED,2026-08-20T18:11:00,customer,C0239,order_platform
EV-004659,O01588,PICKED_UP,2026-08-20T18:41:54.777268,driver,D036,order_platform
EV-004660,O01588,DELIVERED,2026-08-20T19:21:53.043723,driver,D036,order_platform
EV-004661,O01589,ORDER_CREATED,2026-08-15T20:32:00,customer,C0434,order_platform
EV-004662,O01589,PICKED_UP,2026-08-15T20:55:54.826645,driver,D024,order_platform
EV-004663,O01589,DELIVERED,2026-08-15T21:36:36.924498,driver,D024,order_platform
EV-004664,O01590,ORDER_CREATED,2026-08-21T14:22:00,customer,C0232,order_platform
EV-004665,O01590,PICKED_UP,2026-08-21T14:54:12.137020,driver,D017,order_platform
EV-004666,O01590,DELIVERED,2026-08-21T15:44:57.442794,driver,D017,order_platform
EV-004667,O01591,ORDER_CREATED,2026-08-12T12:43:00,customer,C0261,order_platform
EV-004668,O01591,PICKED_UP,2026-08-12T13:01:43.015486,driver,D112,order_platform
EV-004669,O01591,DELIVERED,2026-08-12T13:45:10.919946,driver,D112,order_platform
EV-004670,O01592,ORDER_CREATED,2026-08-11T21:51:00,customer,C0220,order_platform
EV-004671,O01592,PICKED_UP,2026-08-11T22:19:11.486202,driver,D094,order_platform
EV-004672,O01592,DELIVERED,2026-08-11T23:17:27.164143,driver,D094,order_platform
EV-004673,O01593,ORDER_CREATED,2026-08-20T13:34:00,customer,C0171,order_platform
EV-004674,O01593,PICKED_UP,2026-08-20T13:58:26.204372,driver,D072,order_platform
EV-004675,O01593,DELIVERED,2026-08-20T14:49:06.735973,driver,D072,order_platform
EV-004676,O01594,ORDER_CREATED,2026-08-13T13:08:00,customer,C0098,order_platform
EV-004677,O01594,PICKED_UP,2026-08-13T13:45:33.365926,driver,D011,order_platform
EV-004678,O01594,DELIVERED,2026-08-13T14:54:21.243839,driver,D011,order_platform
EV-004679,O01595,ORDER_CREATED,2026-08-24T22:11:00,customer,C0305,order_platform
EV-004680,O01595,PICKED_UP,2026-08-24T22:31:08.027350,driver,D045,order_platform
EV-004681,O01595,DELIVERED,2026-08-24T23:19:19.282836,driver,D045,order_platform
EV-004682,O01596,ORDER_CREATED,2026-08-12T13:03:00,customer,C0349,order_platform
EV-004683,O01596,PICKED_UP,2026-08-12T13:38:50.942226,driver,D101,order_platform
EV-004684,O01597,ORDER_CREATED,2026-08-22T19:57:00,customer,C0174,order_platform
EV-004685,O01597,PICKED_UP,2026-08-22T20:11:11.035912,driver,D070,order_platform
EV-004686,O01597,DELIVERED,2026-08-22T21:12:07.487728,driver,D070,order_platform
EV-004687,O01598,ORDER_CREATED,2026-08-18T20:11:00,customer,C0286,order_platform
EV-004688,O01598,PICKED_UP,2026-08-18T20:31:26.758603,driver,D063,order_platform
EV-004689,O01598,DELIVERED,2026-08-18T21:22:02.516000,driver,D063,order_platform
EV-004690,O01599,ORDER_CREATED,2026-08-26T12:26:00,customer,C0191,order_platform
EV-004691,O01599,PICKED_UP,2026-08-26T12:55:31.571858,driver,D081,order_platform
EV-004692,O01599,DELIVERED,2026-08-26T13:40:06.434639,driver,D081,order_platform
EV-004693,O01600,ORDER_CREATED,2026-08-27T18:08:00,customer,C0107,order_platform
EV-004694,O01600,PICKED_UP,2026-08-27T18:27:44.339018,driver,D104,order_platform
EV-004695,O01600,DELIVERED,2026-08-27T19:08:53.947760,driver,D104,order_platform
EV-004696,O00527,ETA_MESSAGE,2026-08-22T21:37:00,system_or_agent,ops_automation,interventions
EV-004697,O00355,ETA_MESSAGE,2026-08-25T19:54:00,system_or_agent,ops_automation,interventions
EV-004698,O00169,DRIVER_REASSIGNMENT,2026-08-22T15:57:00,system_or_agent,dispatch,interventions
EV-004699,O00136,ETA_MESSAGE,2026-08-19T13:24:00,system_or_agent,ops_automation,interventions
EV-004700,O00938,DRIVER_REASSIGNMENT,2026-08-11T18:25:00,system_or_agent,dispatch,interventions
EV-004701,O01545,RESTAURANT_CONTACT,2026-08-25T17:24:00,system_or_agent,support,interventions
EV-004702,O01254,PRIORITY_DISPATCH,2026-08-11T14:55:00,system_or_agent,ops_automation,interventions
EV-004703,O00238,RESTAURANT_CONTACT,2026-08-27T16:26:00,system_or_agent,support,interventions
EV-004704,O00479,PRIORITY_DISPATCH,2026-08-13T22:41:00,system_or_agent,ops_automation,interventions
EV-004705,O00651,ETA_MESSAGE,2026-08-05T15:12:00,system_or_agent,ops_automation,interventions
EV-004706,O00515,ETA_MESSAGE,2026-08-02T13:48:00,system_or_agent,ops_automation,interventions
EV-004707,O01104,REFUND_OFFER,2026-08-01T12:02:00,system_or_agent,support,interventions
EV-004708,O00969,ETA_MESSAGE,2026-08-23T17:53:00,system_or_agent,ops_automation,interventions
EV-004709,O01570,RESTAURANT_CONTACT,2026-08-23T13:06:00,system_or_agent,support,interventions
EV-004710,O00585,DRIVER_REASSIGNMENT,2026-08-17T15:05:00,system_or_agent,dispatch,interventions
EV-004711,O00066,ETA_MESSAGE,2026-08-13T17:39:00,system_or_agent,ops_automation,interventions
EV-004712,O00031,RESTAURANT_CONTACT,2026-08-09T20:39:00,system_or_agent,support,interventions
EV-004713,O00905,RESTAURANT_CONTACT,2026-08-04T15:49:00,system_or_agent,support,interventions
EV-004714,O00368,DRIVER_REASSIGNMENT,2026-08-17T00:20:00,system_or_agent,dispatch,interventions
EV-004715,O01135,DRIVER_REASSIGNMENT,2026-08-23T17:43:00,system_or_agent,dispatch,interventions
EV-004716,O01488,RESTAURANT_CONTACT,2026-08-10T13:20:00,system_or_agent,support,interventions
EV-004717,O00486,ETA_MESSAGE,2026-08-06T20:25:00,system_or_agent,ops_automation,interventions
EV-004718,O01549,ETA_MESSAGE,2026-08-21T21:15:00,system_or_agent,ops_automation,interventions
EV-004719,O00375,RESTAURANT_CONTACT,2026-08-07T23:28:00,system_or_agent,support,interventions
EV-004720,O00030,ETA_MESSAGE,2026-08-03T13:53:00,system_or_agent,ops_automation,interventions
EV-004721,O01143,DRIVER_REASSIGNMENT,2026-08-02T21:35:00,system_or_agent,dispatch,interventions
EV-004722,O00959,ETA_MESSAGE,2026-08-18T14:13:00,system_or_agent,ops_automation,interventions
EV-004723,O01467,ETA_MESSAGE,2026-08-03T21:37:00,system_or_agent,ops_automation,interventions
EV-004724,O00333,RESTAURANT_CONTACT,2026-08-24T16:35:00,system_or_agent,support,interventions
EV-004725,O00713,DRIVER_REASSIGNMENT,2026-08-11T18:32:00,system_or_agent,dispatch,interventions
EV-004726,O00071,ETA_MESSAGE,2026-08-21T18:50:00,system_or_agent,ops_automation,interventions
EV-004727,O00290,PRIORITY_DISPATCH,2026-08-21T16:42:00,system_or_agent,ops_automation,interventions
EV-004728,O00988,PRIORITY_DISPATCH,2026-08-04T13:47:00,system_or_agent,ops_automation,interventions
EV-004729,O01527,PRIORITY_DISPATCH,2026-08-07T15:45:00,system_or_agent,ops_automation,interventions
EV-004730,O00417,DRIVER_REASSIGNMENT,2026-08-16T11:46:00,system_or_agent,dispatch,interventions
EV-004731,O01088,DRIVER_REASSIGNMENT,2026-08-09T20:02:00,system_or_agent,dispatch,interventions
EV-004732,O00325,ETA_MESSAGE,2026-08-19T18:55:00,system_or_agent,ops_automation,interventions
EV-004733,O00618,DRIVER_REASSIGNMENT,2026-08-26T20:38:00,system_or_agent,dispatch,interventions
EV-004734,O00381,RESTAURANT_CONTACT,2026-08-18T18:16:00,system_or_agent,support,interventions
EV-004735,O00174,PRIORITY_DISPATCH,2026-08-21T19:22:00,system_or_agent,ops_automation,interventions
EV-004736,O00635,ETA_MESSAGE,2026-08-21T14:15:00,system_or_agent,ops_automation,interventions
EV-004737,O00702,ETA_MESSAGE,2026-08-10T12:10:00,system_or_agent,ops_automation,interventions
EV-004738,O01522,DRIVER_REASSIGNMENT,2026-08-16T14:23:00,system_or_agent,dispatch,interventions
EV-004739,O00024,ETA_MESSAGE,2026-08-16T15:19:00,system_or_agent,ops_automation,interventions
EV-004740,O01524,DRIVER_REASSIGNMENT,2026-08-15T15:41:00,system_or_agent,dispatch,interventions
EV-004741,O00033,DRIVER_REASSIGNMENT,2026-08-06T23:49:00,system_or_agent,dispatch,interventions
EV-004742,O00567,RESTAURANT_CONTACT,2026-08-23T20:56:00,system_or_agent,support,interventions
EV-004743,O00100,RESTAURANT_CONTACT,2026-08-18T23:38:00,system_or_agent,support,interventions
EV-004744,O00519,RESTAURANT_CONTACT,2026-08-25T17:58:00,system_or_agent,support,interventions
EV-004745,O01188,DRIVER_REASSIGNMENT,2026-08-08T14:43:00,system_or_agent,dispatch,interventions
EV-004746,O01353,REFUND_OFFER,2026-08-14T17:18:00,system_or_agent,support,interventions
EV-004747,O01176,DRIVER_REASSIGNMENT,2026-08-07T21:04:00,system_or_agent,dispatch,interventions
EV-004748,O00808,ETA_MESSAGE,2026-08-01T17:11:00,system_or_agent,ops_automation,interventions
EV-004749,O00395,RESTAURANT_CONTACT,2026-08-15T18:28:00,system_or_agent,support,interventions
EV-004750,O01396,DRIVER_REASSIGNMENT,2026-08-11T19:09:00,system_or_agent,dispatch,interventions
EV-004751,O01453,RESTAURANT_CONTACT,2026-08-15T21:00:00,system_or_agent,support,interventions
EV-004752,O00353,RESTAURANT_CONTACT,2026-08-23T16:34:00,system_or_agent,support,interventions
EV-004753,O00571,DRIVER_REASSIGNMENT,2026-08-10T22:05:00,system_or_agent,dispatch,interventions
EV-004754,O00416,ETA_MESSAGE,2026-08-24T00:16:00,system_or_agent,ops_automation,interventions
EV-004755,O00612,RESTAURANT_CONTACT,2026-08-16T18:35:00,system_or_agent,support,interventions
EV-004756,O00301,PRIORITY_DISPATCH,2026-08-20T20:10:00,system_or_agent,ops_automation,interventions
EV-004757,O00070,DRIVER_REASSIGNMENT,2026-08-26T21:27:00,system_or_agent,dispatch,interventions
EV-004758,O01494,DRIVER_REASSIGNMENT,2026-08-03T18:06:00,system_or_agent,dispatch,interventions
EV-004759,O01037,RESTAURANT_CONTACT,2026-08-17T13:35:00,system_or_agent,support,interventions
EV-004760,O00783,DRIVER_REASSIGNMENT,2026-08-21T19:11:00,system_or_agent,dispatch,interventions
EV-004761,O00060,DRIVER_REASSIGNMENT,2026-08-10T23:05:00,system_or_agent,dispatch,interventions
EV-004762,O00637,PRIORITY_DISPATCH,2026-08-14T21:44:00,system_or_agent,ops_automation,interventions
EV-004763,O01019,PRIORITY_DISPATCH,2026-08-18T16:40:00,system_or_agent,ops_automation,interventions
EV-004764,O00760,REFUND_OFFER,2026-08-08T16:42:00,system_or_agent,support,interventions
EV-004765,O00678,ETA_MESSAGE,2026-08-28T13:57:00,system_or_agent,ops_automation,interventions
EV-004766,O01293,PRIORITY_DISPATCH,2026-08-13T18:58:00,system_or_agent,ops_automation,interventions
EV-004767,O00528,REFUND_OFFER,2026-08-16T23:29:00,system_or_agent,support,interventions
EV-004768,O01554,RESTAURANT_CONTACT,2026-08-03T22:16:00,system_or_agent,support,interventions
EV-004769,O00818,RESTAURANT_CONTACT,2026-08-10T18:52:00,system_or_agent,support,interventions
EV-004770,O00245,RESTAURANT_CONTACT,2026-08-09T14:21:00,system_or_agent,support,interventions
EV-004771,O01044,ETA_MESSAGE,2026-08-05T21:56:00,system_or_agent,ops_automation,interventions
EV-004772,O01411,DRIVER_REASSIGNMENT,2026-08-11T12:21:00,system_or_agent,dispatch,interventions
EV-004773,O01074,DRIVER_REASSIGNMENT,2026-08-07T20:04:00,system_or_agent,dispatch,interventions
EV-004774,O01463,RESTAURANT_CONTACT,2026-08-18T12:59:00,system_or_agent,support,interventions
EV-004775,O01430,ETA_MESSAGE,2026-08-08T18:53:00,system_or_agent,ops_automation,interventions
EV-004776,O01206,DRIVER_REASSIGNMENT,2026-08-17T14:40:00,system_or_agent,dispatch,interventions
EV-004777,O01108,DRIVER_REASSIGNMENT,2026-08-03T16:35:00,system_or_agent,dispatch,interventions
EV-004778,O01399,PRIORITY_DISPATCH,2026-08-21T18:58:00,system_or_agent,ops_automation,interventions
EV-004779,O00536,ETA_MESSAGE,2026-08-14T18:37:00,system_or_agent,ops_automation,interventions
EV-004780,O01568,RESTAURANT_CONTACT,2026-08-28T23:32:00,system_or_agent,support,interventions
EV-004781,O01304,RESTAURANT_CONTACT,2026-08-17T20:51:00,system_or_agent,support,interventions
EV-004782,O00299,DRIVER_REASSIGNMENT,2026-08-15T12:57:00,system_or_agent,dispatch,interventions
EV-004783,O00765,DRIVER_REASSIGNMENT,2026-08-04T16:29:00,system_or_agent,dispatch,interventions
EV-004784,O00345,RESTAURANT_CONTACT,2026-08-16T19:42:00,system_or_agent,support,interventions
EV-004785,O00531,REFUND_OFFER,2026-08-06T14:04:00,system_or_agent,support,interventions
EV-004786,O01085,REFUND_OFFER,2026-08-12T16:49:00,system_or_agent,support,interventions
EV-004787,O00535,PRIORITY_DISPATCH,2026-08-04T12:20:00,system_or_agent,ops_automation,interventions
EV-004788,O01286,ETA_MESSAGE,2026-08-04T18:40:00,system_or_agent,ops_automation,interventions
EV-004789,O00472,RESTAURANT_CONTACT,2026-08-08T19:32:00,system_or_agent,support,interventions
EV-004790,O00611,ETA_MESSAGE,2026-08-06T21:12:00,system_or_agent,ops_automation,interventions
EV-004791,O00186,REFUND_OFFER,2026-08-07T21:51:00,system_or_agent,support,interventions
EV-004792,O00708,DRIVER_REASSIGNMENT,2026-08-22T18:08:00,system_or_agent,dispatch,interventions
EV-004793,O00050,DRIVER_REASSIGNMENT,2026-08-22T15:10:00,system_or_agent,dispatch,interventions
EV-004794,O01115,PRIORITY_DISPATCH,2026-08-25T19:45:00,system_or_agent,ops_automation,interventions
EV-004795,O00819,DRIVER_REASSIGNMENT,2026-08-12T18:57:00,system_or_agent,dispatch,interventions
EV-004796,O00125,ETA_MESSAGE,2026-08-01T22:45:00,system_or_agent,ops_automation,interventions
EV-004797,O00904,PRIORITY_DISPATCH,2026-08-08T23:56:00,system_or_agent,ops_automation,interventions
EV-004798,O00340,DRIVER_REASSIGNMENT,2026-08-10T19:06:00,system_or_agent,dispatch,interventions
EV-004799,O00835,DRIVER_REASSIGNMENT,2026-08-14T12:51:00,system_or_agent,dispatch,interventions
EV-004800,O00908,DRIVER_REASSIGNMENT,2026-08-14T21:29:00,system_or_agent,dispatch,interventions
EV-004801,O00310,ETA_MESSAGE,2026-08-28T20:49:00,system_or_agent,ops_automation,interventions
EV-004802,O00367,DRIVER_REASSIGNMENT,2026-08-16T13:15:00,system_or_agent,dispatch,interventions
EV-004803,O00362,ETA_MESSAGE,2026-08-11T19:56:00,system_or_agent,ops_automation,interventions
EV-004804,O00602,DRIVER_REASSIGNMENT,2026-08-13T19:38:00,system_or_agent,dispatch,interventions
EV-004805,O01178,REFUND_OFFER,2026-08-27T22:20:00,system_or_agent,support,interventions
EV-004806,O01406,RESTAURANT_CONTACT,2026-08-07T12:48:00,system_or_agent,support,interventions
EV-004807,O00406,ETA_MESSAGE,2026-08-06T19:44:00,system_or_agent,ops_automation,interventions
EV-004808,O01117,RESTAURANT_CONTACT,2026-08-01T18:56:00,system_or_agent,support,interventions
EV-004809,O01340,DRIVER_REASSIGNMENT,2026-08-06T20:40:00,system_or_agent,dispatch,interventions
EV-004810,O00562,PRIORITY_DISPATCH,2026-08-05T23:09:00,system_or_agent,ops_automation,interventions
EV-004811,O01139,DRIVER_REASSIGNMENT,2026-08-14T17:41:00,system_or_agent,dispatch,interventions
EV-004812,O00248,REFUND_OFFER,2026-08-06T17:18:00,system_or_agent,support,interventions
EV-004813,O00110,REFUND_OFFER,2026-08-12T13:42:00,system_or_agent,support,interventions
EV-004814,O00221,RESTAURANT_CONTACT,2026-08-02T19:47:00,system_or_agent,support,interventions
EV-004815,O00204,DRIVER_REASSIGNMENT,2026-08-14T20:18:00,system_or_agent,dispatch,interventions
EV-004816,O00848,ETA_MESSAGE,2026-08-17T14:01:00,system_or_agent,ops_automation,interventions
EV-004817,O01226,DRIVER_REASSIGNMENT,2026-08-27T23:50:00,system_or_agent,dispatch,interventions
EV-004818,O00276,PRIORITY_DISPATCH,2026-08-08T18:47:00,system_or_agent,ops_automation,interventions
EV-004819,O00463,PRIORITY_DISPATCH,2026-08-05T20:34:00,system_or_agent,ops_automation,interventions
EV-004820,O01365,RESTAURANT_CONTACT,2026-08-17T18:12:00,system_or_agent,support,interventions
EV-004821,O00351,PRIORITY_DISPATCH,2026-08-16T21:08:00,system_or_agent,ops_automation,interventions
EV-004822,O00271,RESTAURANT_CONTACT,2026-08-10T18:54:00,system_or_agent,support,interventions
EV-004823,O00599,DRIVER_REASSIGNMENT,2026-08-23T00:30:00,system_or_agent,dispatch,interventions
EV-004824,O00052,ETA_MESSAGE,2026-08-24T17:43:00,system_or_agent,ops_automation,interventions
EV-004825,O00077,DRIVER_REASSIGNMENT,2026-08-15T23:52:00,system_or_agent,dispatch,interventions
EV-004826,O00552,DRIVER_REASSIGNMENT,2026-08-23T13:59:00,system_or_agent,dispatch,interventions
EV-004827,O01490,RESTAURANT_CONTACT,2026-08-27T23:20:00,system_or_agent,support,interventions
EV-004828,O01461,REFUND_OFFER,2026-08-13T19:54:00,system_or_agent,support,interventions
EV-004829,O01114,RESTAURANT_CONTACT,2026-08-28T15:50:00,system_or_agent,support,interventions
EV-004830,O00615,DRIVER_REASSIGNMENT,2026-08-16T19:35:00,system_or_agent,dispatch,interventions
EV-004831,O00163,DRIVER_REASSIGNMENT,2026-08-10T19:07:00,system_or_agent,dispatch,interventions
EV-004832,O00124,DRIVER_REASSIGNMENT,2026-08-13T18:03:00,system_or_agent,dispatch,interventions
EV-004833,O01410,ETA_MESSAGE,2026-08-10T16:03:00,system_or_agent,ops_automation,interventions
EV-004834,O00439,RESTAURANT_CONTACT,2026-08-01T19:56:00,system_or_agent,support,interventions
EV-004835,O00856,ETA_MESSAGE,2026-08-03T18:53:00,system_or_agent,ops_automation,interventions
EV-004836,O01245,DRIVER_REASSIGNMENT,2026-08-05T20:44:00,system_or_agent,dispatch,interventions
EV-004837,O00252,DRIVER_REASSIGNMENT,2026-08-11T19:10:00,system_or_agent,dispatch,interventions
EV-004838,O00272,PRIORITY_DISPATCH,2026-08-15T12:16:00,system_or_agent,ops_automation,interventions
EV-004839,O00185,DRIVER_REASSIGNMENT,2026-08-27T17:39:00,system_or_agent,dispatch,interventions
EV-004840,O00068,PRIORITY_DISPATCH,2026-08-12T11:53:00,system_or_agent,ops_automation,interventions
EV-004841,O00484,ETA_MESSAGE,2026-08-21T20:59:00,system_or_agent,ops_automation,interventions
EV-004842,O00142,REFUND_OFFER,2026-08-19T17:45:00,system_or_agent,support,interventions
EV-004843,O01390,ETA_MESSAGE,2026-08-15T19:46:00,system_or_agent,ops_automation,interventions
EV-004844,O00933,REFUND_OFFER,2026-08-20T13:03:00,system_or_agent,support,interventions
EV-004845,O00529,ETA_MESSAGE,2026-08-01T20:41:00,system_or_agent,ops_automation,interventions
EV-004846,O00465,ETA_MESSAGE,2026-08-22T21:42:00,system_or_agent,ops_automation,interventions
EV-004847,O00716,PRIORITY_DISPATCH,2026-08-04T20:45:00,system_or_agent,ops_automation,interventions
EV-004848,O01002,ETA_MESSAGE,2026-08-03T19:00:00,system_or_agent,ops_automation,interventions
EV-004849,O00307,RESTAURANT_CONTACT,2026-08-11T20:35:00,system_or_agent,support,interventions
EV-004850,O00766,DRIVER_REASSIGNMENT,2026-08-06T15:21:00,system_or_agent,dispatch,interventions
EV-004851,O01404,RESTAURANT_CONTACT,2026-08-20T19:14:00,system_or_agent,support,interventions
EV-004852,O01422,DRIVER_REASSIGNMENT,2026-08-25T23:49:00,system_or_agent,dispatch,interventions
EV-004853,O00592,RESTAURANT_CONTACT,2026-08-01T19:59:00,system_or_agent,support,interventions
EV-004854,O01459,RESTAURANT_CONTACT,2026-08-04T18:54:00,system_or_agent,support,interventions
EV-004855,O00298,RESTAURANT_CONTACT,2026-08-15T20:59:00,system_or_agent,support,interventions
EV-004856,O01380,REFUND_OFFER,2026-08-15T19:07:00,system_or_agent,support,interventions
EV-004857,O00939,RESTAURANT_CONTACT,2026-08-18T11:54:00,system_or_agent,support,interventions
EV-004858,O01198,ETA_MESSAGE,2026-08-25T18:20:00,system_or_agent,ops_automation,interventions
EV-004859,O00731,ETA_MESSAGE,2026-08-15T12:48:00,system_or_agent,ops_automation,interventions
EV-004860,O01146,PRIORITY_DISPATCH,2026-08-04T13:15:00,system_or_agent,ops_automation,interventions
EV-004861,O01381,ETA_MESSAGE,2026-08-05T21:29:00,system_or_agent,ops_automation,interventions
EV-004862,O00889,ETA_MESSAGE,2026-08-13T20:57:00,system_or_agent,ops_automation,interventions
EV-004863,O01539,DRIVER_REASSIGNMENT,2026-08-04T22:13:00,system_or_agent,dispatch,interventions
EV-004864,O00561,DRIVER_REASSIGNMENT,2026-08-18T22:17:00,system_or_agent,dispatch,interventions
EV-004865,O00926,DRIVER_REASSIGNMENT,2026-08-21T17:45:00,system_or_agent,dispatch,interventions
EV-004866,O00383,DRIVER_REASSIGNMENT,2026-08-13T19:58:00,system_or_agent,dispatch,interventions
EV-004867,O01066,ETA_MESSAGE,2026-08-28T22:46:00,system_or_agent,ops_automation,interventions
EV-004868,O00240,ETA_MESSAGE,2026-08-25T13:07:00,system_or_agent,ops_automation,interventions
EV-004869,O01299,REFUND_OFFER,2026-08-28T17:36:00,system_or_agent,support,interventions
EV-004870,O00452,PRIORITY_DISPATCH,2026-08-20T11:33:00,system_or_agent,ops_automation,interventions
EV-004871,O00317,PRIORITY_DISPATCH,2026-08-12T17:57:00,system_or_agent,ops_automation,interventions
EV-004872,O01164,PRIORITY_DISPATCH,2026-08-28T19:05:00,system_or_agent,ops_automation,interventions
EV-004873,O00332,RESTAURANT_CONTACT,2026-08-22T21:14:00,system_or_agent,support,interventions
EV-004874,O00979,ETA_MESSAGE,2026-08-24T20:33:00,system_or_agent,ops_automation,interventions
EV-004875,O00555,PRIORITY_DISPATCH,2026-08-24T14:54:00,system_or_agent,ops_automation,interventions
EV-004876,O00591,REFUND_OFFER,2026-08-16T23:53:00,system_or_agent,support,interventions
EV-004877,O00304,DRIVER_REASSIGNMENT,2026-08-23T21:50:00,system_or_agent,dispatch,interventions
EV-004878,O01186,PRIORITY_DISPATCH,2026-08-06T18:59:00,system_or_agent,ops_automation,interventions
EV-004879,O00171,ETA_MESSAGE,2026-08-17T18:35:00,system_or_agent,ops_automation,interventions
EV-004880,O01089,RESTAURANT_CONTACT,2026-08-21T14:33:00,system_or_agent,support,interventions
EV-004881,O00262,ETA_MESSAGE,2026-08-10T17:43:00,system_or_agent,ops_automation,interventions
EV-004882,O00576,RESTAURANT_CONTACT,2026-08-27T21:21:00,system_or_agent,support,interventions
EV-004883,O00045,DRIVER_REASSIGNMENT,2026-08-14T13:44:00,system_or_agent,dispatch,interventions
EV-004884,O00469,REFUND_OFFER,2026-08-16T13:00:00,system_or_agent,support,interventions
EV-004885,O00260,RESTAURANT_CONTACT,2026-08-09T19:16:00,system_or_agent,support,interventions
EV-004886,O00545,PRIORITY_DISPATCH,2026-08-24T21:30:00,system_or_agent,ops_automation,interventions
EV-004887,O00942,ETA_MESSAGE,2026-08-21T22:41:00,system_or_agent,ops_automation,interventions
EV-004888,O00354,RESTAURANT_CONTACT,2026-08-12T21:34:00,system_or_agent,support,interventions
EV-004889,O00399,ETA_MESSAGE,2026-08-13T23:29:00,system_or_agent,ops_automation,interventions
EV-004890,O00843,DRIVER_REASSIGNMENT,2026-08-02T22:05:00,system_or_agent,dispatch,interventions
EV-004891,O00753,PRIORITY_DISPATCH,2026-08-04T16:37:00,system_or_agent,ops_automation,interventions
EV-004892,O00530,PRIORITY_DISPATCH,2026-08-16T12:35:00,system_or_agent,ops_automation,interventions
EV-004893,O01038,DRIVER_REASSIGNMENT,2026-08-28T14:06:00,system_or_agent,dispatch,interventions
EV-004894,O00116,ETA_MESSAGE,2026-08-26T23:50:00,system_or_agent,ops_automation,interventions
EV-004895,O00737,RESTAURANT_CONTACT,2026-08-20T20:27:00,system_or_agent,support,interventions
EV-004896,O00837,RESTAURANT_CONTACT,2026-08-21T23:12:00,system_or_agent,support,interventions
EV-004897,O00868,ETA_MESSAGE,2026-08-02T11:24:00,system_or_agent,ops_automation,interventions
EV-004898,O00176,REFUND_OFFER,2026-08-10T11:25:00,system_or_agent,support,interventions
EV-004899,O00343,RESTAURANT_CONTACT,2026-08-02T19:52:00,system_or_agent,support,interventions
EV-004900,O01318,DRIVER_REASSIGNMENT,2026-08-11T14:15:00,system_or_agent,dispatch,interventions
EV-004901,O00414,ETA_MESSAGE,2026-08-23T16:49:00,system_or_agent,ops_automation,interventions
EV-004902,O01212,DRIVER_REASSIGNMENT,2026-08-01T11:57:00,system_or_agent,dispatch,interventions
EV-004903,O00079,DRIVER_REASSIGNMENT,2026-08-09T21:01:00,system_or_agent,dispatch,interventions
EV-004904,O01145,DRIVER_REASSIGNMENT,2026-08-02T21:10:00,system_or_agent,dispatch,interventions
EV-004905,O01475,DRIVER_REASSIGNMENT,2026-08-27T12:04:00,system_or_agent,dispatch,interventions
EV-004906,O01055,PRIORITY_DISPATCH,2026-08-28T12:32:00,system_or_agent,ops_automation,interventions
EV-004907,O01534,DRIVER_REASSIGNMENT,2026-08-13T18:37:00,system_or_agent,dispatch,interventions
EV-004908,O00616,PRIORITY_DISPATCH,2026-08-16T23:07:00,system_or_agent,ops_automation,interventions
EV-004909,O00586,DRIVER_REASSIGNMENT,2026-08-09T17:23:00,system_or_agent,dispatch,interventions
EV-004910,O00199,DRIVER_REASSIGNMENT,2026-08-15T18:03:00,system_or_agent,dispatch,interventions
EV-004911,O00016,REFUND_OFFER,2026-08-14T13:04:00,system_or_agent,support,interventions
EV-004912,O00787,ETA_MESSAGE,2026-08-22T18:41:00,system_or_agent,ops_automation,interventions
EV-004913,O01133,DRIVER_REASSIGNMENT,2026-08-10T15:48:00,system_or_agent,dispatch,interventions
EV-004914,O00275,DRIVER_REASSIGNMENT,2026-08-15T20:31:00,system_or_agent,dispatch,interventions
EV-004915,O01369,ETA_MESSAGE,2026-08-24T15:10:00,system_or_agent,ops_automation,interventions
EV-004916,O01032,ETA_MESSAGE,2026-08-23T16:27:00,system_or_agent,ops_automation,interventions
EV-004917,O00721,ETA_MESSAGE,2026-08-23T14:51:00,system_or_agent,ops_automation,interventions
EV-004918,O00894,DRIVER_REASSIGNMENT,2026-08-14T11:28:00,system_or_agent,dispatch,interventions
EV-004919,O01323,REFUND_OFFER,2026-08-10T12:46:00,system_or_agent,support,interventions
EV-004920,O00673,DRIVER_REASSIGNMENT,2026-08-27T11:55:00,system_or_agent,dispatch,interventions
EV-004921,O01246,DRIVER_REASSIGNMENT,2026-08-15T17:35:00,system_or_agent,dispatch,interventions
EV-004922,O00494,ETA_MESSAGE,2026-08-06T15:07:00,system_or_agent,ops_automation,interventions
EV-004923,O00655,DRIVER_REASSIGNMENT,2026-08-14T15:27:00,system_or_agent,dispatch,interventions
EV-004924,O00200,REFUND_OFFER,2026-08-22T19:04:00,system_or_agent,support,interventions
EV-004925,O00608,ETA_MESSAGE,2026-08-15T21:10:00,system_or_agent,ops_automation,interventions
EV-004926,O01330,PRIORITY_DISPATCH,2026-08-02T14:26:00,system_or_agent,ops_automation,interventions
EV-004927,O00907,REFUND_OFFER,2026-08-20T13:39:00,system_or_agent,support,interventions
EV-004928,O01227,PRIORITY_DISPATCH,2026-08-18T20:08:00,system_or_agent,ops_automation,interventions
EV-004929,O01592,PRIORITY_DISPATCH,2026-08-11T22:12:00,system_or_agent,ops_automation,interventions
EV-004930,O00352,DRIVER_REASSIGNMENT,2026-08-16T19:31:00,system_or_agent,dispatch,interventions
EV-004931,O01129,RESTAURANT_CONTACT,2026-08-11T21:30:00,system_or_agent,support,interventions
EV-004932,O00382,DRIVER_REASSIGNMENT,2026-08-28T21:33:00,system_or_agent,dispatch,interventions
EV-004933,O00820,DRIVER_REASSIGNMENT,2026-08-15T23:48:00,system_or_agent,dispatch,interventions
EV-004934,O00984,RESTAURANT_CONTACT,2026-08-07T21:27:00,system_or_agent,support,interventions
EV-004935,O01177,PRIORITY_DISPATCH,2026-08-07T18:33:00,system_or_agent,ops_automation,interventions
EV-004936,O01005,RESTAURANT_CONTACT,2026-08-26T21:45:00,system_or_agent,support,interventions
EV-004937,O01084,PRIORITY_DISPATCH,2026-08-06T13:24:00,system_or_agent,ops_automation,interventions
EV-004938,O00809,DRIVER_REASSIGNMENT,2026-08-02T18:30:00,system_or_agent,dispatch,interventions
EV-004939,O01086,RESTAURANT_CONTACT,2026-08-25T17:27:00,system_or_agent,support,interventions
EV-004940,O00241,PRIORITY_DISPATCH,2026-08-24T23:11:00,system_or_agent,ops_automation,interventions
EV-004941,O00433,ETA_MESSAGE,2026-08-04T19:50:00,system_or_agent,ops_automation,interventions
EV-004942,O00057,PRIORITY_DISPATCH,2026-08-27T20:09:00,system_or_agent,ops_automation,interventions
EV-004943,O00074,ETA_MESSAGE,2026-08-20T18:25:00,system_or_agent,ops_automation,interventions
EV-004944,O01158,RESTAURANT_CONTACT,2026-08-15T19:53:00,system_or_agent,support,interventions
EV-004945,O00887,RESTAURANT_CONTACT,2026-08-10T20:02:00,system_or_agent,support,interventions
EV-004946,O01030,ETA_MESSAGE,2026-08-16T17:44:00,system_or_agent,ops_automation,interventions
EV-004947,O00725,REFUND_OFFER,2026-08-11T15:18:00,system_or_agent,support,interventions
EV-004948,O01400,PRIORITY_DISPATCH,2026-08-04T17:51:00,system_or_agent,ops_automation,interventions
EV-004949,O00044,RESTAURANT_CONTACT,2026-08-08T20:02:00,system_or_agent,support,interventions
EV-004950,O00101,PRIORITY_DISPATCH,2026-08-24T21:08:00,system_or_agent,ops_automation,interventions
EV-004951,O01389,DRIVER_REASSIGNMENT,2026-08-26T19:15:00,system_or_agent,dispatch,interventions
EV-004952,O01156,DRIVER_REASSIGNMENT,2026-08-22T22:17:00,system_or_agent,dispatch,interventions
EV-004953,O00102,RESTAURANT_CONTACT,2026-08-11T17:03:00,system_or_agent,support,interventions
EV-004954,O00632,RESTAURANT_CONTACT,2026-08-14T18:45:00,system_or_agent,support,interventions
EV-004955,O00108,DRIVER_REASSIGNMENT,2026-08-19T00:20:00,system_or_agent,dispatch,interventions
